business_id,business_name,sector,employees,years_in_business,ntc_flag,upi_txn_consistency,upi_monthly_volume,inflow_outflow_ratio,bank_balance_avg,bounce_count_6m,epfo_regularity_pct,loan_emi_outflow_ratio,spend_logging_consistency,essential_spend_pct,monthly_spend_volatility,spend_to_inflow_ratio,pillar_upi_score,pillar_banking_score,pillar_epfo_score,pillar_stability_score,pillar_spending_score,financial_health_score,safety_band,archetype
BIZ00001,Walla-Krishnan,Auto Services,3,5.9,0,0.89,433051.0,1.07,185337.0,1,98.7,0.203,0.926,68.1,0.102,0.365,92.3,76.3,98.7,41.6,82.6,78.8,Healthy,healthy
BIZ00002,Morar-Bal,Manufacturing,5,1.0,1,0.522,22423.0,1.07,17014.0,8,64.8,0.7,0.374,27.6,0.474,1.117,38.8,0.0,64.8,12.0,34.1,27.3,At-Risk,at_risk
BIZ00003,Varkey Inc,Textiles,1,9.9,0,0.745,89192.0,1.29,128885.0,3,71.9,0.341,0.656,51.8,0.315,0.77,61.1,53.7,71.9,49.5,59.1,56.6,Moderate,moderate
BIZ00004,Bandi-Karpe,Construction Materials,28,8.6,1,0.718,238754.0,0.8,62585.0,0,69.5,0.306,0.512,60.0,0.195,0.869,74.1,37.0,69.5,46.6,58.3,59.3,Moderate,moderate
BIZ00005,Gour-Balasubramanian,Manufacturing,7,2.3,1,0.884,481585.0,1.38,268551.0,0,100.0,0.243,0.925,69.3,0.241,0.615,91.8,87.6,100.0,29.6,77.7,86.9,Healthy,healthy
BIZ00006,Dhillon-Dutt,IT/Services,5,8.1,0,0.979,352287.0,1.18,160779.0,1,95.7,0.206,0.834,71.8,0.227,0.723,98.5,72.1,95.7,48.1,74.6,81.5,Healthy,healthy
BIZ00007,"Vasa, Barman and Chand",IT/Services,9,1.7,1,0.78,244545.0,1.18,99319.0,1,92.5,0.175,0.92,75.1,0.172,0.637,79.1,51.7,92.5,29.8,80.7,70.1,Healthy,healthy
BIZ00008,Batta Ltd,Textiles,1,7.6,0,0.72,76369.0,0.98,25828.0,5,24.4,0.609,0.339,33.4,0.399,1.045,58.1,3.3,24.4,34.5,37.1,34.5,At-Risk,at_risk
BIZ00009,Ravel Ltd,IT/Services,5,8.9,0,0.652,244140.0,0.96,43781.0,1,62.0,0.457,0.785,43.9,0.236,0.802,70.1,28.9,62.0,43.0,62.1,52.0,Moderate,moderate
BIZ00010,Virk Inc,IT/Services,7,12.5,0,0.617,278403.0,0.88,44848.0,0,79.2,0.294,0.849,61.8,0.314,0.874,71.1,32.6,79.2,58.7,68.3,61.5,Moderate,moderate
BIZ00011,Savant Ltd,Textiles,4,2.3,1,0.903,264399.0,1.34,191456.0,0,90.4,0.156,0.684,59.6,0.145,0.338,89.6,86.9,90.4,32.2,70.5,78.5,Healthy,healthy
BIZ00012,"Chaudhary, Sood and Dua",IT/Services,14,10.3,0,0.355,98828.0,0.75,30877.0,8,45.5,0.683,0.478,47.7,0.343,1.344,34.7,0.0,45.5,40.4,46.6,27.4,At-Risk,at_risk
BIZ00013,"Banerjee, Oza and Singhal",Manufacturing,2,5.1,0,0.427,71902.0,0.77,21629.0,8,36.2,0.389,0.475,56.1,0.67,0.686,37.1,0.0,36.2,33.6,48.0,32.0,At-Risk,at_risk
BIZ00014,"Raghavan, Aurora and Palan",Auto Services,1,3.8,1,0.882,696302.0,1.4,138711.0,0,100.0,0.183,0.97,68.4,0.119,0.434,91.7,74.3,100.0,35.9,83.2,74.8,Healthy,healthy
BIZ00015,Kannan Group,Manufacturing,1,6.2,0,0.91,578235.0,1.4,259126.0,0,94.3,0.186,0.91,62.3,0.096,0.41,93.7,87.9,94.3,43.0,79.6,82.4,Healthy,healthy
BIZ00016,"Mutti, Sekhon and Lal",IT/Services,1,5.0,0,0.894,163185.0,1.31,270871.0,0,97.1,0.131,0.862,76.4,0.072,0.561,78.9,86.2,97.1,41.1,81.9,75.1,Healthy,healthy
BIZ00017,Johal Inc,Construction Materials,12,13.8,0,0.86,521551.0,0.91,194850.0,0,100.0,0.209,0.973,68.3,0.066,0.568,90.2,78.2,100.0,65.1,83.0,85.1,Healthy,healthy
BIZ00018,"Lall, Sangha and Aggarwal",Retail Trade,11,12.4,0,0.664,159386.0,1.08,44940.0,1,92.2,0.371,0.65,56.1,0.27,0.755,62.4,31.6,92.2,56.1,61.4,59.1,Moderate,moderate
BIZ00019,Dani LLC,Textiles,9,9.7,1,0.625,180866.0,0.97,120168.0,1,82.4,0.403,0.538,41.5,0.364,0.77,61.8,54.4,82.4,47.0,50.4,60.9,Moderate,moderate
BIZ00020,"Nadkarni, Tank and Verma",Textiles,4,5.6,1,0.839,336144.0,1.26,142691.0,0,96.8,0.197,0.947,56.1,0.139,0.673,88.7,72.7,96.8,40.9,75.2,73.5,Healthy,healthy
BIZ00021,Mander and Sons,Construction Materials,1,5.3,0,0.825,282497.0,1.01,34307.0,2,56.3,0.28,0.51,65.9,0.228,0.783,86.0,21.7,56.3,37.5,60.5,55.3,Moderate,moderate
BIZ00022,Ravi Group,Agri-processing,3,12.5,0,0.836,316538.0,1.14,165667.0,1,90.6,0.1,1.0,62.9,0.162,0.553,88.5,73.1,90.6,64.5,80.3,81.0,Healthy,healthy
BIZ00023,Gola-Koshy,Auto Services,6,7.8,0,1.0,552099.0,1.31,300117.0,0,92.6,0.157,0.836,79.8,0.156,0.562,100.0,86.1,92.6,48.7,80.5,82.2,Healthy,healthy
BIZ00024,Kuruvilla PLC,Retail Trade,29,3.0,0,0.882,290233.0,1.2,143429.0,0,93.3,0.205,0.884,57.6,0.088,0.261,90.8,71.9,93.3,32.8,78.7,76.9,Healthy,healthy
BIZ00025,Ramesh-Dutt,Textiles,6,6.1,0,0.702,169366.0,0.98,119185.0,1,74.2,0.222,0.569,50.3,0.235,0.862,66.0,54.3,74.2,41.7,56.2,64.2,Moderate,moderate
BIZ00026,"Sharaf, Kuruvilla and Butala",Textiles,1,8.1,0,0.589,16656.0,0.82,3959.0,3,21.0,0.481,0.0,33.4,0.527,0.784,42.9,2.6,21.0,39.9,25.3,25.9,At-Risk,at_risk
BIZ00027,Tella Group,Auto Services,9,1.4,1,0.965,431648.0,1.18,228967.0,0,88.8,0.146,0.843,77.9,0.058,0.594,97.5,83.7,88.8,29.8,81.7,83.4,Healthy,healthy
BIZ00028,Banik LLC,Auto Services,17,14.4,0,0.703,322809.0,0.92,22026.0,1,71.7,0.313,0.711,72.1,0.377,0.783,79.2,20.7,71.7,63.8,66.7,61.3,Moderate,moderate
BIZ00029,"Chander, Sood and Magar",Construction Materials,6,2.0,1,0.798,217290.0,1.08,93792.0,1,84.8,0.321,0.535,50.3,0.098,0.621,77.6,47.9,84.8,26.4,60.2,56.0,Moderate,moderate
BIZ00030,Vyas Ltd,Auto Services,14,0.8,1,0.943,599407.0,1.14,94691.0,0,100.0,0.194,0.806,77.1,0.181,0.492,96.0,54.3,100.0,26.6,78.7,73.5,Healthy,healthy
BIZ00031,Yogi Ltd,Manufacturing,3,2.2,1,0.69,294847.0,1.05,140909.0,0,78.4,0.254,0.624,66.6,0.11,0.616,77.8,67.9,78.4,29.0,68.8,65.7,Moderate,moderate
BIZ00032,"Basak, Mukherjee and Dugal",Textiles,4,13.4,0,0.88,579071.0,1.16,169973.0,0,95.1,0.241,0.869,79.1,0.157,0.446,91.6,79.9,95.1,63.0,82.5,85.2,Healthy,healthy
BIZ00033,Chacko-Krish,IT/Services,3,11.1,1,0.955,359684.0,1.29,179197.0,0,96.1,0.131,0.738,78.4,0.163,0.464,96.8,85.6,96.1,59.4,77.4,86.1,Healthy,healthy
BIZ00034,"Borde, Sarraf and Sura",Construction Materials,11,11.5,1,0.526,72477.0,0.85,27941.0,4,34.1,0.75,0.359,25.6,0.533,1.265,44.0,6.3,34.1,42.0,30.9,28.5,At-Risk,at_risk
BIZ00035,Jha-Hayre,Textiles,14,12.6,1,0.49,126350.0,0.97,31516.0,4,59.8,0.695,0.393,34.5,0.437,0.979,46.9,9.9,59.8,46.9,39.3,37.9,At-Risk,at_risk
BIZ00036,"Modi, Dixit and Kashyap",Auto Services,7,9.8,1,0.38,162105.0,1.15,42738.0,5,66.1,0.53,0.232,48.4,0.595,1.066,42.8,12.3,66.1,43.5,34.5,43.1,At-Risk,at_risk
BIZ00037,Guha Inc,Agri-processing,3,3.9,0,0.882,565965.0,1.38,127257.0,0,91.8,0.114,0.879,78.8,0.164,0.586,91.7,70.1,91.8,38.3,81.2,76.9,Healthy,healthy
BIZ00038,Garg Group,Food & Beverage,4,4.8,0,0.946,380095.0,1.01,210816.0,0,91.9,0.124,0.876,73.6,0.101,0.263,96.2,80.2,91.9,40.7,83.8,80.7,Healthy,healthy
BIZ00039,Chacko Group,Retail Trade,4,13.9,0,0.692,134134.0,0.94,37922.0,2,59.5,0.404,0.844,44.9,0.192,0.73,61.9,21.4,59.5,59.6,66.1,51.9,Moderate,moderate
BIZ00040,"Pall, Bali and Merchant",Construction Materials,7,1.3,1,0.761,79371.0,0.99,93828.0,0,65.0,0.213,0.89,58.8,0.308,0.653,61.2,51.0,65.0,27.5,71.0,54.9,Moderate,moderate
BIZ00041,"Devi, Rajagopal and Shukla",Manufacturing,3,10.4,0,0.998,601810.0,0.91,194359.0,0,99.7,0.208,0.845,63.2,0.109,0.438,99.8,78.1,99.7,55.0,77.2,86.2,Healthy,healthy
BIZ00042,Gupta LLC,Manufacturing,1,8.4,1,0.639,345750.0,1.06,50583.0,1,74.5,0.263,0.539,69.6,0.219,0.576,74.7,33.0,74.5,47.3,65.1,59.0,Moderate,moderate
BIZ00043,"Walla, Thaker and Kashyap",Auto Services,2,14.2,0,0.928,505085.0,1.49,126735.0,0,94.5,0.142,0.759,67.9,0.18,0.33,94.9,72.0,94.5,68.3,75.4,79.1,Healthy,healthy
BIZ00044,Sule and Sons,Food & Beverage,7,12.0,0,0.307,144407.0,0.93,27185.0,7,45.1,0.484,0.223,43.6,0.571,1.014,36.0,0.0,45.1,51.5,33.5,27.3,At-Risk,at_risk
BIZ00045,"Mittal, Bhalla and Dara",IT/Services,8,14.8,0,0.867,505128.0,1.16,203393.0,0,90.9,0.154,0.779,75.9,0.108,0.579,90.7,83.2,90.9,69.8,77.9,82.5,Healthy,healthy
BIZ00046,"Kakar, Murthy and Pant",Retail Trade,16,5.7,0,0.711,175147.0,1.17,86375.0,1,68.3,0.275,0.551,51.4,0.118,0.842,67.3,47.2,68.3,38.9,58.5,60.6,Moderate,moderate
BIZ00047,"Modi, Keer and Bahri",Agri-processing,18,12.7,1,0.931,402364.0,1.15,208174.0,1,90.0,0.169,0.832,69.3,0.142,0.491,95.2,78.0,90.0,63.0,77.7,81.8,Healthy,healthy
BIZ00048,Nazareth LLC,Retail Trade,13,13.1,0,0.615,277125.0,1.18,82295.0,2,73.1,0.184,0.327,59.4,0.368,0.78,70.7,41.1,73.1,63.8,49.1,59.3,Moderate,moderate
BIZ00049,Salvi LLC,IT/Services,4,0.9,1,0.719,268678.0,1.16,100096.0,2,91.5,0.202,0.569,41.0,0.322,0.839,77.2,46.5,91.5,26.6,51.4,58.3,Moderate,moderate
BIZ00050,Kapadia-Borah,Retail Trade,9,13.4,1,0.954,434333.0,1.22,184203.0,0,98.6,0.197,0.973,74.1,0.152,0.615,96.8,84.5,98.6,64.3,82.8,95.2,Healthy,healthy
BIZ00051,"Dutta, Swamy and Bhagat",Construction Materials,2,2.9,1,0.467,156609.0,0.81,34819.0,4,64.6,0.525,0.038,50.9,0.454,1.195,48.3,7.8,64.6,22.9,30.1,35.5,At-Risk,at_risk
BIZ00052,"Kibe, Sethi and Mitter",Food & Beverage,5,9.4,1,0.232,89122.0,0.63,14289.0,6,36.7,0.444,0.34,41.2,0.221,1.047,25.1,0.0,36.7,44.9,43.5,30.1,At-Risk,at_risk
BIZ00053,Baria-Srinivas,Food & Beverage,6,2.9,1,0.409,159028.0,0.74,22126.0,7,59.5,0.647,0.38,49.8,0.335,1.156,44.5,0.0,59.5,19.3,44.5,35.9,At-Risk,at_risk
BIZ00054,Bhattacharyya-Shukla,Auto Services,5,1.5,1,0.362,73757.0,0.75,20024.0,3,54.6,0.635,0.335,51.4,0.514,0.94,32.7,6.7,54.6,15.5,42.0,30.5,At-Risk,at_risk
BIZ00055,Kale PLC,Manufacturing,7,10.6,0,0.653,210741.0,1.15,64124.0,1,85.7,0.309,0.58,51.5,0.256,0.88,66.8,39.3,85.7,52.5,56.4,60.2,Moderate,moderate
BIZ00056,Kumer-Pai,IT/Services,3,7.0,0,0.515,98016.0,0.83,27730.0,6,44.2,0.404,0.155,34.8,0.486,1.021,45.8,0.0,44.2,38.9,29.7,26.3,At-Risk,at_risk
BIZ00057,Thaman LLC,Construction Materials,15,9.1,1,0.906,629504.0,1.29,249487.0,0,94.1,0.201,0.739,60.4,0.078,0.506,93.5,85.8,94.1,51.3,72.4,78.9,Healthy,healthy
BIZ00058,Kala Group,Manufacturing,6,14.4,0,0.914,585588.0,1.02,90823.0,0,89.2,0.187,1.0,89.9,0.152,0.6,94.0,50.7,89.2,67.6,89.4,72.2,Healthy,healthy
BIZ00059,Bhakta PLC,Agri-processing,4,3.1,0,0.833,561939.0,1.28,255612.0,0,95.3,0.162,0.93,66.8,0.075,0.656,88.3,85.5,95.3,34.4,79.9,82.9,Healthy,healthy
BIZ00060,"Dar, Oommen and Dyal",Food & Beverage,3,6.2,1,1.0,224554.0,1.29,208062.0,0,92.6,0.194,0.827,79.0,0.114,0.433,92.5,85.8,92.6,42.8,82.0,81.7,Healthy,healthy
BIZ00061,Parikh Group,Agri-processing,8,4.9,0,1.0,593525.0,1.56,110561.0,1,96.1,0.195,0.704,58.3,0.196,0.72,100.0,63.1,96.1,38.8,65.9,75.4,Healthy,healthy
BIZ00062,Amble Ltd,Construction Materials,16,12.9,0,0.936,8942.0,1.35,191684.0,0,100.0,0.168,0.956,80.8,0.1,0.475,66.4,87.0,100.0,63.7,87.0,84.4,Healthy,healthy
BIZ00063,"Halder, Goswami and Nagar",Agri-processing,4,8.2,0,0.625,13022.0,0.88,19743.0,4,55.1,0.327,0.465,62.6,0.394,1.111,45.1,4.1,55.1,44.8,51.2,36.3,At-Risk,at_risk
BIZ00064,Magar and Sons,IT/Services,10,1.6,1,0.804,335591.0,1.13,123606.0,0,93.4,0.215,0.858,77.1,0.043,0.537,86.2,63.9,93.4,28.3,82.8,73.1,Healthy,healthy
BIZ00065,Bhakta Ltd,Auto Services,6,6.5,0,0.936,322592.0,1.23,245390.0,1,95.7,0.291,0.755,70.3,0.066,0.448,95.5,79.6,95.7,40.8,77.2,77.6,Healthy,healthy
BIZ00066,Sahni Ltd,Food & Beverage,7,4.4,0,0.664,183165.0,0.99,74571.0,2,70.0,0.321,0.715,47.7,0.211,0.885,64.8,34.6,70.0,33.6,60.6,52.2,Moderate,moderate
BIZ00067,Dada-Seth,Food & Beverage,3,13.1,0,0.787,271639.0,1.28,207625.0,0,94.3,0.152,0.813,75.3,0.148,0.514,82.3,85.6,94.3,64.7,78.7,80.6,Healthy,healthy
BIZ00068,"Konda, Batta and Kale",Food & Beverage,3,10.7,1,0.504,70766.0,0.78,19677.0,5,26.9,0.38,0.485,36.2,0.432,1.137,42.4,0.0,26.9,50.7,41.6,28.7,At-Risk,at_risk
BIZ00069,Cherian PLC,Agri-processing,24,12.0,0,0.894,384905.0,1.27,159605.0,0,90.8,0.188,0.889,69.5,0.146,0.609,92.6,78.6,90.8,60.4,78.4,79.0,Healthy,healthy
BIZ00070,Sampath-Vaidya,Manufacturing,7,6.0,0,0.454,5000.0,0.97,1000.0,1,56.1,0.545,0.603,42.6,0.606,0.92,32.3,14.7,56.1,31.7,46.7,35.1,At-Risk,at_risk
BIZ00071,Tailor-Krishnan,Manufacturing,18,8.8,1,0.297,17322.0,0.81,2547.0,5,76.2,0.644,0.454,41.6,0.542,1.4,22.5,0.0,76.2,37.1,39.6,33.5,At-Risk,at_risk
BIZ00072,Sanghvi LLC,Agri-processing,14,6.3,0,0.894,203522.0,1.22,279688.0,0,96.1,0.183,0.864,66.8,0.087,0.49,82.9,84.5,96.1,43.4,79.0,80.5,Healthy,healthy
BIZ00073,Buch PLC,Manufacturing,2,4.5,0,0.954,459091.0,1.32,118097.0,0,93.4,0.201,0.904,86.0,0.128,0.512,96.8,65.7,93.4,37.5,86.0,79.2,Healthy,healthy
BIZ00074,Misra-Sabharwal,Textiles,7,7.0,1,0.485,114229.0,0.85,1000.0,4,14.8,0.734,0.086,36.8,0.428,1.156,45.3,0.0,14.8,29.0,27.8,18.0,At-Risk,at_risk
BIZ00075,Dass-Keer,Retail Trade,9,3.1,1,0.763,288345.0,1.21,40150.0,3,78.3,0.362,0.473,50.5,0.399,0.724,82.2,22.7,78.3,28.4,51.0,54.7,Moderate,moderate
BIZ00076,"Butala, Choudhary and Lad",Auto Services,13,5.7,0,0.77,105754.0,0.97,37474.0,2,71.5,0.315,0.852,55.5,0.251,0.672,64.5,21.8,71.5,37.7,69.5,54.2,Moderate,moderate
BIZ00077,Warrior Inc,Food & Beverage,5,7.9,0,0.392,97097.0,0.59,12930.0,9,55.3,0.629,0.366,29.6,0.436,0.787,37.2,0.0,55.3,34.8,38.6,32.8,At-Risk,at_risk
BIZ00078,"Kala, Morar and Arya",Auto Services,19,11.5,1,0.947,406414.0,1.46,155675.0,0,88.2,0.179,0.78,74.9,0.164,0.508,96.3,81.1,88.2,59.1,77.1,74.6,Healthy,healthy
BIZ00079,Korpal-Bera,Agri-processing,7,1.2,1,0.954,561688.0,1.41,151177.0,0,91.6,0.178,0.909,70.6,0.168,0.329,96.8,78.6,91.6,28.3,81.9,85.9,Healthy,healthy
BIZ00080,"Raj, Sahota and Golla",Textiles,12,1.3,1,0.835,287126.0,1.35,111072.0,0,93.0,0.237,0.795,62.4,0.163,0.608,87.1,64.1,93.0,26.8,72.3,69.9,Moderate,healthy
BIZ00081,Madan PLC,Food & Beverage,1,8.4,1,0.424,20501.0,0.58,19599.0,6,21.8,0.725,0.347,29.8,0.545,1.041,31.8,0.0,21.8,33.5,33.3,23.6,At-Risk,at_risk
BIZ00082,Pradhan Ltd,Manufacturing,13,13.9,0,0.8,279933.0,1.1,95168.0,0,70.1,0.216,0.453,68.6,0.355,0.826,84.0,53.7,70.1,65.2,56.5,67.0,Moderate,moderate
BIZ00083,Arora-Sen,Retail Trade,5,6.1,0,0.782,488408.0,1.2,244524.0,0,95.5,0.183,1.0,74.5,0.212,0.317,84.7,84.0,95.5,42.8,85.6,84.6,Healthy,healthy
BIZ00084,"Badal, Talwar and Butala",Auto Services,10,12.1,0,0.925,300541.0,1.21,112972.0,1,90.0,0.148,0.942,80.9,0.217,0.557,94.8,56.8,90.0,61.9,83.4,75.8,Healthy,healthy
BIZ00085,"Narayanan, Prakash and Karpe",IT/Services,2,14.1,0,0.874,489697.0,1.39,136287.0,0,88.9,0.242,0.787,73.3,0.118,0.62,91.2,73.3,88.9,65.0,76.7,82.7,Healthy,healthy
BIZ00086,"Ghosh, Lanka and Chaudhuri",Construction Materials,4,2.0,1,0.82,305436.0,1.11,200627.0,0,93.8,0.114,0.886,84.1,0.089,0.486,87.4,82.1,93.8,32.6,85.8,84.0,Healthy,healthy
BIZ00087,Kari Group,Food & Beverage,3,8.0,0,0.723,292105.0,1.3,45478.0,1,78.5,0.461,0.525,49.1,0.273,0.995,79.8,36.2,78.5,40.2,52.2,60.9,Moderate,moderate
BIZ00088,"Dave, Munshi and Roy",IT/Services,14,5.0,1,0.801,311590.0,1.08,86544.0,0,77.7,0.453,0.687,49.4,0.416,0.755,86.1,50.5,77.7,31.4,57.5,62.3,Moderate,moderate
BIZ00089,Sinha-Chowdhury,Retail Trade,10,11.0,0,0.488,43430.0,0.95,17700.0,6,79.6,0.212,0.387,63.6,0.545,0.878,38.5,0.0,79.6,56.7,48.1,43.2,At-Risk,at_risk
BIZ00090,Kothari Inc,Construction Materials,8,0.7,1,0.701,149461.0,0.97,42514.0,0,68.3,0.456,0.564,74.1,0.36,0.799,64.0,33.5,68.3,18.4,62.5,51.6,Moderate,moderate
BIZ00091,"Mody, Krishnan and Bhalla",Food & Beverage,1,6.3,0,0.897,596635.0,1.14,97437.0,0,92.6,0.223,0.849,80.0,0.108,0.655,92.8,55.2,92.6,42.2,81.0,75.3,Healthy,healthy
BIZ00092,Char-Datta,Agri-processing,23,1.4,1,0.659,170540.0,1.15,58386.0,1,74.6,0.319,0.517,53.1,0.395,0.599,63.2,37.5,74.6,24.6,54.8,54.4,Moderate,moderate
BIZ00093,Goda-Bera,IT/Services,6,14.2,0,0.36,125445.0,0.93,34313.0,0,44.4,0.538,0.417,20.5,0.522,1.001,37.7,30.1,44.4,56.5,33.3,39.8,At-Risk,at_risk
BIZ00094,"Pall, Grover and Bhandari",Agri-processing,3,14.3,0,0.8,227730.0,0.78,63106.0,2,68.2,0.353,0.702,59.7,0.293,0.703,78.8,26.7,68.2,62.3,64.6,63.8,Moderate,moderate
BIZ00095,Nagarajan Ltd,IT/Services,4,11.0,0,0.26,5000.0,0.79,25435.0,5,54.2,0.619,0.352,43.8,0.374,0.875,18.7,0.0,54.2,44.4,43.4,29.3,At-Risk,at_risk
BIZ00096,Virk-Hora,Manufacturing,1,6.2,1,0.768,311924.0,1.3,22421.0,3,60.0,0.109,0.6,61.3,0.354,0.628,83.8,18.5,60.0,45.3,61.1,53.8,Moderate,moderate
BIZ00097,"Hayer, Grover and Reddy",Retail Trade,11,14.7,0,0.719,246259.0,1.0,102775.0,5,80.7,0.299,0.644,64.4,0.309,0.86,75.0,29.2,80.7,65.1,62.3,64.5,Moderate,moderate
BIZ00098,"Yadav, Natarajan and Seshadri",Agri-processing,8,7.5,0,0.751,198498.0,1.22,80012.0,2,72.6,0.419,0.545,57.6,0.285,0.852,72.4,41.1,72.6,39.9,57.0,50.7,Moderate,moderate
BIZ00099,Gour-Basak,Textiles,7,7.0,0,0.971,337379.0,1.24,222272.0,0,100.0,0.107,0.768,71.0,0.1,0.532,98.0,84.7,100.0,47.8,76.4,86.2,Healthy,healthy
BIZ00100,Bahri LLC,Manufacturing,5,12.2,0,1.0,339874.0,1.26,207437.0,0,99.8,0.218,0.93,62.8,0.123,0.657,100.0,85.2,99.8,60.1,77.5,91.5,Healthy,healthy
BIZ00101,Radhakrishnan-Balakrishnan,Auto Services,18,6.2,1,0.834,545890.0,1.03,268141.0,1,92.6,0.14,0.965,85.1,0.087,0.687,88.4,75.6,92.6,44.4,86.9,73.9,Healthy,healthy
BIZ00102,"Seshadri, Kaul and Bhatia",Retail Trade,3,13.7,0,0.665,138302.0,1.23,85324.0,1,83.2,0.233,0.707,59.7,0.324,0.609,60.4,48.1,83.2,64.1,65.1,60.5,Moderate,moderate
BIZ00103,Devan and Sons,Textiles,1,12.4,1,0.882,542104.0,1.33,200993.0,0,93.9,0.217,0.945,68.7,0.095,0.38,91.8,86.6,93.9,60.7,83.4,84.2,Healthy,healthy
BIZ00104,"Wadhwa, Sama and Kothari",Auto Services,5,1.1,1,0.759,108819.0,1.19,90122.0,3,72.7,0.263,0.615,69.6,0.215,0.794,64.0,38.8,72.7,25.4,65.6,54.9,Moderate,moderate
BIZ00105,Varghese and Sons,Auto Services,29,5.1,0,0.339,75459.0,0.84,15165.0,1,40.1,0.579,0.373,30.8,0.432,1.013,31.3,16.9,40.1,27.9,37.0,29.8,At-Risk,at_risk
BIZ00106,Desai-Chauhan,Food & Beverage,13,8.9,0,0.92,397288.0,1.48,130894.0,0,100.0,0.215,0.893,70.3,0.148,0.403,94.4,73.3,100.0,50.2,80.9,82.0,Healthy,healthy
BIZ00107,"Rana, Om and Dash",Food & Beverage,5,7.2,0,0.486,278904.0,1.05,56872.0,1,83.5,0.336,0.678,59.6,0.241,0.943,61.9,35.0,83.5,41.5,62.3,57.6,Moderate,moderate
BIZ00108,Dhawan Ltd,Construction Materials,2,7.1,0,0.525,68243.0,0.9,36650.0,6,60.8,0.351,0.381,41.8,0.572,0.737,43.6,0.2,60.8,40.8,41.2,38.7,At-Risk,at_risk
BIZ00109,Deshmukh-Swaminathan,IT/Services,4,13.8,0,0.911,571512.0,1.09,182503.0,1,100.0,0.241,0.84,67.2,0.088,0.637,93.7,76.8,100.0,64.2,76.8,88.6,Healthy,healthy
BIZ00110,"Balasubramanian, Ramesh and Sanghvi",Retail Trade,14,5.4,1,0.893,419121.0,1.14,169394.0,0,87.8,0.095,0.843,67.1,0.173,0.449,92.5,79.2,87.8,43.4,77.1,76.3,Healthy,healthy
BIZ00111,Balay-Rajagopal,Textiles,4,4.9,0,0.965,577660.0,1.48,175434.0,0,89.1,0.126,0.79,70.7,0.172,0.546,97.6,88.0,89.1,40.9,75.5,82.2,Healthy,healthy
BIZ00112,Srivastava PLC,Construction Materials,6,11.0,0,0.862,619421.0,1.35,155153.0,0,97.2,0.166,0.948,71.6,0.05,0.545,90.3,78.8,97.2,58.0,83.8,88.1,Healthy,healthy
BIZ00113,Arora Group,Textiles,14,12.1,1,0.635,49305.0,1.1,29105.0,10,48.5,0.578,0.267,9.1,0.449,1.088,49.4,0.0,48.5,49.0,24.7,35.6,At-Risk,at_risk
BIZ00114,Walia-Kumer,IT/Services,7,5.9,0,0.533,49104.0,0.82,32157.0,4,50.9,0.507,0.381,43.6,0.525,1.294,42.2,7.0,50.9,32.5,38.1,35.2,At-Risk,at_risk
BIZ00115,Badami-Subramaniam,IT/Services,8,4.8,1,0.587,283113.0,1.07,82889.0,0,85.9,0.379,0.72,71.7,0.329,0.976,69.4,49.1,85.9,33.0,66.0,62.0,Moderate,moderate
BIZ00116,Kulkarni-Mohan,Auto Services,4,3.0,1,0.647,55032.0,0.68,46921.0,4,51.3,0.3,0.559,36.6,0.514,1.042,50.8,9.3,51.3,30.0,43.6,35.1,At-Risk,at_risk
BIZ00117,"Setty, Bose and Modi",Retail Trade,4,13.8,1,0.234,96242.0,0.92,2956.0,3,54.9,0.685,0.327,22.8,0.353,0.972,26.0,4.4,54.9,50.8,34.6,36.1,At-Risk,at_risk
BIZ00118,"Bandi, Salvi and Sheth",Agri-processing,3,0.9,1,0.945,463763.0,1.29,173026.0,0,94.9,0.121,0.972,74.7,0.147,0.454,96.1,83.4,94.9,29.1,84.7,78.0,Healthy,healthy
BIZ00119,Mitra-Dani,Manufacturing,22,5.5,0,0.422,51789.0,0.98,12858.0,7,35.7,0.49,0.204,27.8,0.593,0.934,34.7,0.0,35.7,31.8,27.7,18.8,At-Risk,at_risk
BIZ00120,"Dey, Hayre and Badami",Construction Materials,1,10.1,0,0.721,262000.0,1.23,41533.0,4,89.0,0.232,0.711,53.0,0.241,0.65,76.7,18.5,89.0,53.4,64.1,53.5,Moderate,moderate
BIZ00121,"Yogi, Pandya and Wadhwa",Retail Trade,4,2.2,1,0.529,100970.0,0.87,22981.0,4,38.3,0.441,0.328,40.8,0.609,0.917,47.1,5.0,38.3,23.4,36.4,34.7,At-Risk,at_risk
BIZ00122,Pingle Inc,Manufacturing,9,8.9,0,0.541,160820.0,0.94,18864.0,2,44.8,0.341,0.387,39.2,0.534,0.972,53.9,15.1,44.8,46.5,38.9,38.6,At-Risk,at_risk
BIZ00123,Nadkarni-Bal,Textiles,6,14.8,0,0.872,512396.0,1.13,196392.0,0,95.8,0.187,0.895,62.5,0.13,0.506,91.0,82.6,95.8,68.8,77.6,87.6,Healthy,healthy
BIZ00124,Vyas Inc,Auto Services,4,12.2,0,0.933,331169.0,0.91,204646.0,0,93.3,0.19,0.916,67.9,0.122,0.301,95.3,78.3,93.3,60.9,82.4,81.6,Healthy,healthy
BIZ00125,"Sahni, Ravi and Dar",IT/Services,14,14.0,0,0.992,341938.0,1.14,273015.0,0,94.3,0.232,0.988,77.9,0.065,0.486,99.4,82.7,94.3,65.1,87.7,81.7,Healthy,healthy
BIZ00126,"Gaba, Doshi and Chacko",Construction Materials,4,6.5,0,0.697,170001.0,1.07,33936.0,0,71.8,0.224,0.565,59.5,0.361,0.752,65.8,32.8,71.8,42.8,57.9,49.4,Moderate,moderate
BIZ00127,"Ganesh, Hegde and Dhawan",Food & Beverage,3,1.2,1,0.346,5000.0,0.75,4204.0,2,33.2,0.491,0.502,51.4,0.464,1.096,24.7,6.4,33.2,18.9,47.3,23.2,At-Risk,at_risk
BIZ00128,"Barad, Soni and Sane",IT/Services,10,8.0,0,0.423,5000.0,0.96,16866.0,7,54.3,0.748,0.461,31.2,0.523,0.817,30.1,0.0,54.3,31.6,40.4,30.9,At-Risk,at_risk
BIZ00129,Yogi-Kale,Construction Materials,12,2.4,1,0.9,187688.0,1.55,219246.0,0,97.5,0.234,0.835,67.4,0.109,0.614,81.7,90.9,97.5,30.2,76.5,77.1,Healthy,healthy
BIZ00130,Chandra LLC,IT/Services,9,6.6,1,0.691,227513.0,0.99,59237.0,1,74.3,0.266,0.721,59.0,0.24,0.791,71.1,34.5,74.3,41.8,65.2,57.1,Moderate,moderate
BIZ00131,Shroff and Sons,Manufacturing,6,11.4,1,0.663,93917.0,1.06,64490.0,0,68.3,0.264,0.472,54.3,0.263,0.767,55.8,42.6,68.3,56.3,54.6,53.4,Moderate,moderate
BIZ00132,"Thakur, Samra and Hayre",Auto Services,1,6.2,0,0.878,487825.0,1.07,216507.0,0,96.9,0.157,0.824,62.8,0.032,0.511,91.4,81.4,96.9,43.9,77.1,81.2,Healthy,healthy
BIZ00133,"Rama, Babu and Sahni",Textiles,1,4.1,0,0.956,255927.0,1.06,135792.0,0,92.5,0.223,0.907,68.5,0.138,0.455,92.5,66.6,92.5,35.6,80.4,76.0,Healthy,healthy
BIZ00134,Bhandari-Gill,Auto Services,9,10.2,1,0.858,583943.0,1.52,155419.0,0,96.8,0.114,1.0,57.3,0.081,0.664,90.1,82.3,96.8,57.2,78.8,83.5,Healthy,healthy
BIZ00135,Nadig-Basu,IT/Services,6,2.4,1,0.434,95873.0,0.72,1000.0,6,50.4,0.464,0.303,33.8,0.447,0.869,40.0,0.0,50.4,23.3,36.8,28.1,At-Risk,at_risk
BIZ00136,"Kata, More and Goswami",Agri-processing,11,9.6,0,0.838,492563.0,1.1,129189.0,0,99.0,0.17,0.923,69.5,0.119,0.531,88.6,65.1,99.0,53.7,80.9,77.5,Healthy,healthy
BIZ00137,"Mangal, Sachdeva and Yogi",Textiles,18,11.0,0,0.712,325020.0,1.11,107679.0,1,71.6,0.315,0.576,70.2,0.293,0.782,79.9,53.1,71.6,53.5,63.0,64.1,Moderate,moderate
BIZ00138,"Mukherjee, Bhandari and Gill",Manufacturing,2,4.8,0,0.698,274292.0,1.09,89160.0,2,83.5,0.372,0.463,70.1,0.419,0.89,76.3,41.4,83.5,33.2,55.5,55.7,Moderate,moderate
BIZ00139,Sarma PLC,IT/Services,6,13.5,0,0.709,298493.0,1.09,215037.0,0,86.4,0.186,0.954,68.5,0.18,0.496,79.5,81.8,86.4,64.9,80.8,75.4,Healthy,healthy
BIZ00140,"Rattan, Garg and Parmar",Retail Trade,3,14.8,0,0.445,138448.0,0.86,11257.0,5,63.2,0.44,0.349,60.8,0.564,1.236,45.0,0.0,63.2,61.2,42.2,41.9,At-Risk,at_risk
BIZ00141,Comar-Walla,Textiles,7,11.6,0,0.459,157236.0,0.84,9128.0,4,37.2,0.631,0.48,31.0,0.475,1.037,47.9,0.0,37.2,45.9,39.8,31.8,At-Risk,at_risk
BIZ00142,Palla LLC,Food & Beverage,6,4.2,0,0.865,575449.0,1.29,200705.0,0,99.1,0.25,0.773,61.1,0.113,0.6,90.5,85.7,99.1,35.1,72.2,85.4,Healthy,healthy
BIZ00143,Kamdar-Shukla,Food & Beverage,6,13.9,0,0.776,173654.0,1.15,72882.0,2,77.8,0.385,0.347,51.5,0.363,0.531,71.7,37.4,77.8,60.1,49.6,62.1,Moderate,moderate
BIZ00144,Sami and Sons,Retail Trade,5,2.8,1,0.87,140256.0,1.15,124333.0,1,93.0,0.259,0.791,87.9,0.081,0.567,74.9,59.4,93.0,30.6,83.2,70.8,Healthy,healthy
BIZ00145,Nanda and Sons,Manufacturing,4,8.1,1,0.87,389702.0,1.36,208962.0,0,90.3,0.255,0.953,65.8,0.107,0.517,90.9,87.2,90.3,46.6,81.1,80.2,Healthy,healthy
BIZ00146,Chatterjee LLC,Textiles,3,13.7,0,0.905,334389.0,1.18,166699.0,0,89.4,0.205,0.999,90.2,0.1,0.599,93.3,79.2,89.4,64.9,90.5,86.1,Healthy,healthy
BIZ00147,Mishra-Rama,Auto Services,10,14.8,0,0.639,358751.0,0.86,65734.0,2,86.3,0.362,0.754,66.4,0.252,0.518,74.7,29.1,86.3,63.5,71.4,66.1,Moderate,moderate
BIZ00148,Das-Lall,Manufacturing,2,9.2,0,0.842,103664.0,0.99,51779.0,3,74.4,0.34,0.766,62.4,0.368,0.806,69.3,22.0,74.4,47.4,65.2,58.6,Moderate,moderate
BIZ00149,"Suresh, Shankar and Tailor",Construction Materials,10,6.5,1,0.877,388633.0,1.25,206049.0,0,95.7,0.22,0.839,54.6,0.157,0.593,91.4,84.9,95.7,42.9,71.4,78.5,Healthy,healthy
BIZ00150,"Sibal, Narula and Viswanathan",Auto Services,4,7.9,0,0.892,613315.0,1.19,181129.0,0,89.3,0.186,0.821,80.1,0.129,0.605,92.4,83.9,89.3,48.1,80.2,81.4,Healthy,healthy
BIZ00151,Mahajan-Ghose,Retail Trade,1,9.0,0,0.642,120661.0,0.84,27420.0,1,64.7,0.683,0.438,36.8,0.42,0.877,57.0,20.9,64.7,36.5,43.1,45.9,Moderate,at_risk
BIZ00152,Anne Ltd,Textiles,2,6.5,1,1.0,298410.0,1.17,271812.0,0,96.7,0.11,0.835,77.0,0.172,0.41,99.8,83.5,96.7,46.2,80.6,92.1,Healthy,healthy
BIZ00153,"Nayak, Deshmukh and Arora",Construction Materials,5,9.9,0,0.987,629114.0,1.08,318421.0,0,93.3,0.171,0.883,76.2,0.094,0.644,99.1,81.7,93.3,54.6,81.3,81.5,Healthy,healthy
BIZ00154,"Oommen, Das and Solanki",Retail Trade,9,1.4,1,0.758,148400.0,1.1,108386.0,1,57.3,0.243,0.795,52.2,0.186,0.726,67.9,53.1,57.3,26.9,67.1,62.0,Moderate,moderate
BIZ00155,"Misra, Prashad and Deep",Construction Materials,10,4.0,0,0.496,54177.0,0.7,11559.0,3,58.7,0.485,0.528,40.7,0.311,1.019,40.1,2.8,58.7,27.5,48.3,30.7,At-Risk,at_risk
BIZ00156,"Patil, Sha and Barman",Textiles,4,7.9,1,0.806,449740.0,1.22,239636.0,0,90.4,0.212,0.89,71.1,0.055,0.573,86.4,84.3,90.4,47.3,81.2,77.8,Healthy,healthy
BIZ00157,Mall-Naidu,Retail Trade,3,9.8,1,0.694,124967.0,1.05,18754.0,3,81.5,0.254,0.459,54.2,0.248,0.689,61.1,12.2,81.5,51.8,55.2,54.5,Moderate,moderate
BIZ00158,Uppal Ltd,Retail Trade,24,9.4,1,0.64,10543.0,0.86,9372.0,2,24.6,0.678,0.391,67.6,0.302,1.277,45.8,10.4,24.6,37.9,51.3,35.8,At-Risk,at_risk
BIZ00159,"Loke, Kashyap and Sane",Auto Services,4,5.1,1,0.881,391080.0,1.05,221941.0,0,93.0,0.281,0.891,73.4,0.152,0.396,91.7,80.9,93.0,36.9,81.9,75.4,Healthy,healthy
BIZ00160,"Ahluwalia, Nazareth and Garde",Auto Services,11,6.2,1,0.804,327529.0,1.16,28814.0,1,77.8,0.472,0.486,49.7,0.341,0.565,86.3,27.8,77.8,34.4,53.9,55.4,Moderate,moderate
BIZ00161,Chokshi-Sankar,Construction Materials,9,11.6,1,0.932,635659.0,1.46,163972.0,0,95.9,0.189,0.819,95.4,0.074,0.48,95.2,83.8,95.9,59.1,87.8,88.6,Healthy,healthy
BIZ00162,"Dhaliwal, Chad and Bhatnagar",IT/Services,8,5.3,0,0.731,234444.0,1.32,59199.0,2,69.2,0.31,0.641,70.0,0.342,0.848,74.6,36.0,69.2,36.6,63.6,55.3,Moderate,moderate
BIZ00163,Raval Inc,Retail Trade,6,9.9,0,0.734,93753.0,1.17,68153.0,0,74.7,0.363,0.717,45.8,0.416,0.541,60.7,46.1,74.7,48.8,59.4,60.0,Moderate,moderate
BIZ00164,Bajaj Inc,Retail Trade,15,10.8,1,0.708,262575.0,1.16,40650.0,2,86.3,0.395,0.573,68.7,0.396,0.64,75.8,26.8,86.3,50.6,61.8,57.2,Moderate,moderate
BIZ00165,Tandon-Natarajan,Construction Materials,6,13.7,1,0.921,256986.0,1.27,171500.0,0,89.0,0.169,0.801,70.8,0.088,0.288,90.2,82.5,89.0,66.0,80.2,78.7,Healthy,healthy
BIZ00166,Goda LLC,Retail Trade,1,11.9,1,0.69,109844.0,1.01,3604.0,6,13.3,0.523,0.393,23.1,0.431,1.136,59.2,0.0,13.3,50.0,33.9,32.1,At-Risk,at_risk
BIZ00167,Divan-Kade,Construction Materials,11,11.0,1,0.954,294657.0,1.42,174961.0,0,93.8,0.131,0.942,74.3,0.128,0.524,96.2,86.6,93.8,59.1,83.2,84.7,Healthy,healthy
BIZ00168,"Aggarwal, Kakar and Ranganathan",Manufacturing,15,6.9,0,0.873,620762.0,1.25,167254.0,1,100.0,0.192,0.75,74.3,0.092,0.408,91.1,75.8,100.0,44.9,78.3,78.7,Healthy,healthy
BIZ00169,"Pau, Bhatia and Jani",Food & Beverage,1,1.4,1,0.91,357348.0,1.06,203160.0,0,93.8,0.193,1.0,68.4,0.168,0.663,93.7,81.3,93.8,28.4,80.9,75.3,Healthy,healthy
BIZ00170,Gade and Sons,Construction Materials,4,2.3,1,0.743,263650.0,0.99,45858.0,2,75.7,0.341,0.571,58.1,0.254,0.73,78.4,25.2,75.7,26.7,59.9,54.7,Moderate,moderate
BIZ00171,Randhawa-Deep,Construction Materials,13,11.4,0,0.721,367782.0,1.14,62946.0,3,64.1,0.301,0.487,51.7,0.333,0.668,80.5,28.8,64.1,55.2,53.8,54.0,Moderate,moderate
BIZ00172,Ramanathan Group,Food & Beverage,4,6.2,0,0.893,510520.0,1.17,258887.0,0,91.7,0.121,0.919,81.5,0.144,0.53,92.5,83.4,91.7,45.0,84.5,80.1,Healthy,healthy
BIZ00173,"Yadav, Shetty and Malhotra",IT/Services,9,12.5,0,0.737,78698.0,1.09,83813.0,3,74.4,0.449,0.619,49.1,0.329,0.486,59.5,34.7,74.4,54.0,59.4,48.6,Moderate,moderate
BIZ00174,Sachar-Gola,Construction Materials,15,10.5,0,0.834,471421.0,1.16,143750.0,0,88.5,0.157,0.817,71.9,0.109,0.513,88.3,71.2,88.5,56.8,78.5,75.7,Healthy,healthy
BIZ00175,"Jain, More and Venkatesh",Retail Trade,7,10.9,1,0.643,64171.0,1.0,42173.0,1,83.6,0.32,0.579,74.7,0.421,0.733,51.5,29.0,83.6,53.1,62.7,53.2,Moderate,moderate
BIZ00176,Anne-Puri,Food & Beverage,1,13.8,0,0.888,494609.0,1.23,145447.0,0,82.4,0.187,0.948,77.5,0.149,0.47,92.2,73.2,82.4,65.8,84.6,74.7,Healthy,healthy
BIZ00177,"Ghose, Gill and Walla",Construction Materials,9,8.4,1,0.825,187764.0,1.24,110305.0,2,60.5,0.229,0.679,60.3,0.206,0.694,76.5,51.7,60.5,48.3,65.8,61.2,Moderate,moderate
BIZ00178,Gopal-Oza,Textiles,3,8.1,0,0.745,398036.0,1.01,164240.0,0,92.7,0.218,0.785,73.5,0.181,0.597,82.1,74.9,92.7,47.8,75.6,74.1,Healthy,healthy
BIZ00179,Barad-Nadig,Food & Beverage,22,6.6,0,0.471,86316.0,0.96,2057.0,4,47.8,0.803,0.51,45.5,0.434,1.008,41.6,0.0,47.8,25.7,47.0,28.8,At-Risk,at_risk
BIZ00180,Baria Group,Auto Services,5,10.7,0,0.823,274870.0,1.33,217809.0,1,86.5,0.209,0.873,74.7,0.128,0.381,85.1,81.6,86.5,55.8,82.3,80.3,Healthy,healthy
BIZ00181,"Raval, Bora and De",Retail Trade,10,1.3,1,0.933,532071.0,1.12,213974.0,0,95.2,0.138,0.927,70.8,0.017,0.391,95.3,82.4,95.2,29.8,84.9,78.7,Healthy,healthy
BIZ00182,"Samra, Nayar and Kamdar",Textiles,1,3.2,1,0.905,738517.0,1.13,78649.0,0,92.1,0.208,0.864,72.0,0.161,0.668,93.4,48.9,92.1,33.4,77.6,68.1,Moderate,healthy
BIZ00183,Mannan-Pandit,IT/Services,4,1.1,1,0.577,91915.0,0.77,15806.0,4,41.2,0.73,0.28,36.6,0.675,1.179,49.6,0.8,41.2,11.4,29.4,25.3,At-Risk,at_risk
BIZ00184,"Johal, Rattan and Merchant",Manufacturing,7,1.0,1,0.399,143877.0,0.82,11750.0,2,24.3,0.328,0.418,31.9,0.442,0.909,42.3,10.3,24.3,23.2,39.8,26.7,At-Risk,at_risk
BIZ00185,Gill-Chopra,Textiles,11,8.0,0,1.0,278649.0,1.4,141101.0,0,90.7,0.171,0.811,62.1,0.129,0.532,97.9,75.1,90.7,48.9,74.2,78.5,Healthy,healthy
BIZ00186,"Saraf, Venkataraman and Vasa",Food & Beverage,7,1.9,1,0.812,343304.0,0.85,77060.0,2,70.7,0.437,0.654,67.6,0.261,0.84,86.8,32.8,70.7,22.6,64.9,58.0,Moderate,moderate
BIZ00187,"Kumer, Swamy and Rattan",Auto Services,2,7.4,0,0.343,5000.0,0.73,5470.0,6,53.7,0.69,0.271,44.8,0.532,0.778,24.5,0.0,53.7,31.5,38.7,24.7,At-Risk,at_risk
BIZ00188,Trivedi-Dalal,Retail Trade,7,6.1,0,0.651,121124.0,1.22,66596.0,2,76.8,0.372,0.697,56.4,0.23,0.632,57.7,36.6,76.8,37.1,65.2,51.0,Moderate,moderate
BIZ00189,Pandey-Barman,Textiles,2,9.6,0,0.583,261012.0,1.13,131825.0,1,79.6,0.231,0.596,49.9,0.2,0.644,66.9,61.5,79.6,51.9,59.9,60.5,Moderate,moderate
BIZ00190,"Tank, Sha and Bali",Agri-processing,2,9.0,0,0.799,496151.0,1.09,127155.0,0,100.0,0.187,0.67,69.7,0.125,0.565,85.9,64.1,100.0,51.4,71.7,75.8,Healthy,healthy
BIZ00191,Bora-Panchal,Food & Beverage,14,5.7,0,0.903,382549.0,1.51,170962.0,0,95.3,0.22,0.966,64.4,0.111,0.519,93.2,87.2,95.3,40.5,81.0,83.6,Healthy,healthy
BIZ00192,"Lala, Vala and Bail",IT/Services,3,7.9,1,0.49,142309.0,0.84,6585.0,4,38.9,0.492,0.155,37.9,0.539,1.048,48.5,0.0,38.9,38.9,29.4,31.1,At-Risk,at_risk
BIZ00193,"Batta, Shetty and Wali",Auto Services,6,5.6,0,0.403,31693.0,0.86,19334.0,2,53.7,0.631,0.28,18.3,0.436,0.876,31.4,13.6,53.7,27.9,30.8,31.2,At-Risk,at_risk
BIZ00194,Maharaj-Ray,Agri-processing,5,7.4,0,0.795,318757.0,0.86,1000.0,2,79.6,0.188,0.673,51.2,0.154,0.655,85.6,7.6,79.6,46.6,63.8,56.2,Moderate,moderate
BIZ00195,"Boase, Kapoor and Subramaniam",Food & Beverage,3,1.6,1,0.98,723524.0,1.21,92342.0,0,91.4,0.206,0.978,73.4,0.142,0.745,98.6,55.1,91.4,28.6,81.7,77.0,Healthy,healthy
BIZ00196,"Singh, Dubey and Barman",Food & Beverage,5,7.0,0,0.901,498669.0,0.98,36483.0,0,97.4,0.306,0.877,74.0,0.044,0.565,93.1,31.7,97.4,41.8,82.0,75.1,Healthy,healthy
BIZ00197,"Bera, Gulati and Doshi",Retail Trade,3,12.3,1,0.751,235964.0,0.8,52004.0,1,83.8,0.255,0.693,55.0,0.253,0.757,76.2,28.3,83.8,59.3,62.9,57.2,Moderate,moderate
BIZ00198,Nigam Group,Agri-processing,7,2.5,1,0.537,137851.0,0.88,37579.0,3,57.3,0.504,0.382,31.0,0.33,0.71,51.3,15.1,57.3,22.4,42.5,36.0,At-Risk,at_risk
BIZ00199,"Dhawan, Naidu and Khanna",Food & Beverage,4,3.8,1,0.389,71366.0,0.89,18946.0,0,50.5,0.56,0.539,41.5,0.662,1.266,34.3,24.0,50.5,24.6,40.1,36.2,At-Risk,at_risk
BIZ00200,"Handa, Chakrabarti and Rai",Construction Materials,14,1.8,1,0.597,62118.0,0.88,36110.0,2,57.1,0.533,0.481,34.7,0.439,0.948,48.0,19.6,57.1,19.4,42.7,34.3,At-Risk,at_risk
BIZ00201,Dube Inc,Construction Materials,9,10.9,1,0.692,291945.0,1.16,70135.0,0,73.1,0.205,0.347,68.8,0.201,0.59,77.6,46.6,73.1,56.5,58.3,60.5,Moderate,moderate
BIZ00202,"Kurian, Mitra and Chaudhuri",Retail Trade,9,5.7,0,0.923,390541.0,1.22,76729.0,0,90.3,0.142,0.963,67.2,0.165,0.72,94.6,50.1,90.3,42.8,78.7,71.3,Healthy,healthy
BIZ00203,Maharaj and Sons,Textiles,7,7.1,0,0.845,722101.0,0.98,287476.0,0,94.6,0.269,0.911,68.5,0.117,0.369,89.1,79.6,94.6,43.2,81.8,78.5,Healthy,healthy
BIZ00204,Natt-Gara,IT/Services,6,4.2,0,0.319,105211.0,0.96,20724.0,7,43.1,0.487,0.305,31.9,0.507,0.736,32.8,0.0,43.1,28.0,36.3,24.8,At-Risk,at_risk
BIZ00205,"Hegde, Bahri and Bali",Manufacturing,4,3.7,1,0.59,188090.0,1.37,131897.0,2,77.4,0.35,0.53,44.2,0.366,0.595,60.1,61.3,77.4,30.6,52.8,60.0,Moderate,moderate
BIZ00206,Dani LLC,Construction Materials,4,14.2,0,0.863,527233.0,1.37,199460.0,0,91.9,0.11,0.978,74.6,0.112,0.626,90.4,87.5,91.9,69.3,83.8,87.3,Healthy,healthy
BIZ00207,Sethi LLC,Construction Materials,8,8.0,0,0.863,575314.0,1.14,211488.0,0,100.0,0.24,0.907,71.1,0.177,0.481,90.4,82.7,100.0,46.8,80.3,77.8,Healthy,healthy
BIZ00208,Nori-Garg,Auto Services,5,10.4,0,0.543,130784.0,1.16,47157.0,1,72.0,0.4,0.632,56.7,0.357,0.654,51.1,33.9,72.0,49.2,60.3,51.8,Moderate,moderate
BIZ00209,Jayaraman Inc,IT/Services,6,2.5,1,1.0,422981.0,1.33,295760.0,0,91.6,0.216,0.772,91.7,0.136,0.596,100.0,86.6,91.6,31.0,82.4,88.7,Healthy,healthy
BIZ00210,"Kala, Ramakrishnan and Sathe",Retail Trade,7,3.2,1,0.881,622451.0,1.29,256059.0,0,95.2,0.235,0.743,78.0,0.19,0.706,91.7,85.9,95.2,32.6,74.5,81.0,Healthy,healthy
BIZ00211,Sundaram-Rama,Auto Services,8,10.6,0,0.773,276493.0,1.21,70746.0,1,68.4,0.189,0.713,68.7,0.324,0.746,81.8,42.8,68.4,56.1,67.0,69.5,Moderate,moderate
BIZ00212,Bains-Bassi,Agri-processing,12,14.4,1,0.611,112493.0,1.08,44645.0,1,79.4,0.354,0.531,66.8,0.28,0.797,54.0,31.6,79.4,62.6,60.4,52.8,Moderate,moderate
BIZ00213,"Das, Doshi and Bhardwaj",IT/Services,7,12.6,0,0.793,70122.0,1.02,63508.0,1,77.2,0.214,0.665,77.1,0.318,0.761,62.6,36.5,77.2,61.4,68.3,55.5,Moderate,moderate
BIZ00214,Dani Inc,Textiles,4,2.6,1,0.844,423312.0,1.11,154954.0,0,95.4,0.123,0.923,82.8,0.057,0.747,89.1,73.9,95.4,34.1,84.7,78.9,Healthy,healthy
BIZ00215,Wagle Group,Agri-processing,9,6.7,0,0.498,395013.0,1.01,55878.0,2,72.2,0.343,0.638,51.9,0.045,0.644,64.9,28.8,72.2,39.8,65.2,54.1,Moderate,moderate
BIZ00216,Anand-Dayal,Agri-processing,8,1.5,1,0.935,511583.0,1.22,263591.0,0,97.4,0.252,0.766,74.2,0.105,0.62,95.5,84.3,97.4,26.9,76.5,76.3,Healthy,healthy
BIZ00217,Din Inc,Food & Beverage,5,8.9,0,0.911,709628.0,1.12,167369.0,0,93.5,0.155,0.866,73.3,0.206,0.615,93.8,78.3,93.5,52.1,77.7,79.2,Healthy,healthy
BIZ00218,Parmer-Mann,Manufacturing,3,14.7,0,0.702,113181.0,1.01,59839.0,0,73.6,0.337,0.482,57.9,0.343,0.727,60.5,40.2,73.6,64.0,55.0,61.3,Moderate,moderate
BIZ00219,Gokhale-Purohit,Textiles,7,11.4,0,0.723,240231.0,0.93,98932.0,1,77.9,0.242,0.7,55.0,0.286,0.589,74.6,46.5,77.9,56.9,64.1,66.6,Moderate,moderate
BIZ00220,Dewan and Sons,IT/Services,10,7.8,1,0.379,71719.0,1.01,11236.0,0,54.2,0.557,0.254,53.8,0.139,1.047,33.7,23.9,54.2,36.7,46.4,37.4,At-Risk,at_risk
BIZ00221,"Doshi, Vyas and Minhas",Retail Trade,2,6.9,1,0.686,385351.0,1.23,50401.0,1,75.5,0.341,0.663,29.0,0.309,0.702,78.0,36.3,75.5,40.5,52.2,55.5,Moderate,moderate
BIZ00222,Soni Inc,IT/Services,5,9.0,0,0.831,205502.0,0.89,78458.0,2,73.6,0.376,0.859,54.8,0.205,0.78,78.7,33.9,73.6,45.7,69.4,57.7,Moderate,moderate
BIZ00223,"Bava, Kamdar and Kadakia",Retail Trade,4,7.3,0,0.845,405781.0,1.11,259715.0,0,88.3,0.091,0.829,70.6,0.028,0.462,89.2,82.2,88.3,49.2,80.5,79.4,Healthy,healthy
BIZ00224,Bal Group,Retail Trade,3,11.1,0,0.86,338417.0,1.15,83694.0,0,93.7,0.192,0.956,76.2,0.11,0.53,90.2,50.9,93.7,57.5,84.6,76.9,Healthy,healthy
BIZ00225,Majumdar Group,Retail Trade,15,9.7,0,0.842,498801.0,1.26,111697.0,0,95.0,0.151,0.794,82.3,0.15,0.495,89.0,62.4,95.0,54.6,80.6,77.8,Healthy,healthy
BIZ00226,Nath Group,Construction Materials,1,4.7,0,1.0,627638.0,1.36,186708.0,0,85.9,0.286,0.817,72.0,0.122,0.75,100.0,87.2,85.9,35.5,75.9,80.4,Healthy,healthy
BIZ00227,Memon-Krishnan,Retail Trade,18,8.3,0,0.539,19518.0,0.88,9893.0,3,52.3,0.442,0.394,44.8,0.727,1.096,39.7,6.0,52.3,41.6,36.0,31.8,At-Risk,at_risk
BIZ00228,"Mallick, Sharaf and Das",Auto Services,11,12.9,1,0.886,388967.0,1.17,197698.0,0,98.7,0.151,0.933,61.9,0.159,0.453,92.0,83.4,98.7,64.2,78.6,85.8,Healthy,healthy
BIZ00229,Oak PLC,Textiles,13,7.0,1,0.619,77363.0,0.73,19783.0,4,68.0,0.596,0.462,33.2,0.427,1.021,51.0,1.3,68.0,33.1,41.1,44.2,At-Risk,at_risk
BIZ00230,Singh Group,Agri-processing,16,8.8,1,0.715,350919.0,0.96,60715.0,2,73.8,0.219,0.658,38.5,0.116,0.839,80.0,29.5,73.8,49.8,57.8,59.8,Moderate,moderate
BIZ00231,"Ravi, Nair and Kade",Textiles,6,3.2,0,0.594,38785.0,0.88,11051.0,7,56.3,0.665,0.369,34.6,0.323,0.996,45.5,0.0,56.3,19.6,40.6,28.7,At-Risk,at_risk
BIZ00232,Jaggi LLC,IT/Services,2,1.7,1,0.715,241712.0,1.06,93940.0,1,82.0,0.225,0.671,64.2,0.127,0.761,74.2,47.5,82.0,28.3,67.8,59.8,Moderate,moderate
BIZ00233,Tailor-Divan,Auto Services,3,13.3,1,0.798,83818.0,1.22,99081.0,0,75.9,0.415,0.646,57.8,0.237,0.791,64.3,57.4,75.9,57.5,62.2,62.5,Moderate,moderate
BIZ00234,Sekhon-Bhavsar,IT/Services,7,9.6,0,0.815,430929.0,1.15,98464.0,0,72.8,0.341,0.474,49.7,0.171,0.665,87.0,55.9,72.8,48.6,55.9,58.2,Moderate,moderate
BIZ00235,Kala PLC,Food & Beverage,5,9.9,0,0.794,402064.0,1.09,155852.0,1,94.7,0.229,0.977,64.6,0.097,0.955,85.6,68.8,94.7,52.8,77.3,76.3,Healthy,healthy
BIZ00236,Ramanathan-Maharaj,IT/Services,3,11.9,1,0.8,343652.0,0.95,84261.0,1,68.8,0.449,0.627,64.4,0.214,0.604,86.0,42.0,68.8,52.2,66.2,61.8,Moderate,moderate
BIZ00237,Garg-Sankaran,Manufacturing,6,10.5,1,0.909,188791.0,1.21,182391.0,0,89.3,0.093,0.843,81.5,0.122,0.328,82.5,84.1,89.3,58.7,84.3,80.4,Healthy,healthy
BIZ00238,Kurian Group,Textiles,6,6.0,0,0.981,643912.0,1.5,198315.0,0,89.4,0.198,0.932,79.1,0.116,0.464,98.7,90.0,89.4,42.1,85.3,82.7,Healthy,healthy
BIZ00239,"Pathak, Samra and Banerjee",Agri-processing,2,6.1,1,0.739,272790.0,1.28,1000.0,0,82.3,0.313,0.687,55.1,0.294,0.803,79.0,26.0,82.3,38.9,61.4,56.1,Moderate,moderate
BIZ00240,Tara Inc,Manufacturing,23,10.0,1,0.961,389484.0,1.32,152622.0,0,97.2,0.228,0.906,60.9,0.11,0.656,97.3,77.3,97.2,53.1,76.3,82.3,Healthy,healthy
BIZ00241,Date-Jayaraman,Agri-processing,9,14.5,0,0.601,24466.0,0.71,35390.0,2,32.1,0.6,0.325,74.1,0.61,1.107,44.5,16.0,32.1,55.5,46.1,36.7,At-Risk,at_risk
BIZ00242,Mangal LLC,IT/Services,13,4.5,0,0.548,166790.0,0.82,18832.0,4,34.8,0.261,0.347,61.4,0.284,1.06,55.0,2.6,34.8,35.7,49.3,32.0,At-Risk,at_risk
BIZ00243,Kala-Doctor,Agri-processing,9,13.6,0,0.517,49570.0,1.02,24164.0,6,43.7,0.729,0.388,39.2,0.452,1.145,41.2,0.0,43.7,48.9,38.8,33.6,At-Risk,at_risk
BIZ00244,Kothari Ltd,Textiles,4,7.3,0,0.79,607103.0,1.25,104277.0,1,96.0,0.171,0.899,79.2,0.097,0.553,85.3,54.8,96.0,46.8,83.7,73.0,Healthy,healthy
BIZ00245,Mani-Swamy,IT/Services,1,14.9,1,0.884,631173.0,1.45,231333.0,0,93.3,0.124,0.972,73.6,0.161,0.539,91.9,88.9,93.3,71.0,83.2,92.2,Healthy,healthy
BIZ00246,Thakkar and Sons,IT/Services,1,13.2,1,0.441,122027.0,0.87,1000.0,4,43.0,0.389,0.412,37.5,0.484,1.339,43.1,0.0,43.0,57.9,37.9,33.7,At-Risk,at_risk
BIZ00247,Dora LLC,Food & Beverage,8,9.0,1,0.662,352149.0,1.05,115042.0,0,67.8,0.388,0.503,57.8,0.404,0.882,76.4,59.3,67.8,45.4,53.0,63.7,Moderate,moderate
BIZ00248,"Pall, Sanghvi and Dutta",Auto Services,6,4.4,1,0.595,201234.0,0.85,24060.0,5,27.1,0.754,0.283,35.8,0.587,0.848,61.8,0.0,27.1,20.6,34.2,26.8,At-Risk,at_risk
BIZ00249,Mangal PLC,Food & Beverage,7,11.0,1,0.649,72933.0,1.16,25731.0,9,47.1,0.34,0.253,43.8,0.447,1.025,52.7,0.0,47.1,52.8,37.0,33.1,At-Risk,at_risk
BIZ00250,Saha and Sons,Retail Trade,11,2.4,1,0.449,81518.0,0.95,9796.0,2,56.8,0.63,0.249,41.7,0.542,1.127,39.6,12.3,56.8,18.3,33.2,32.2,At-Risk,at_risk
BIZ00251,"Ratta, Andra and Dhaliwal",Agri-processing,17,11.3,1,1.0,489685.0,1.17,315794.0,1,95.0,0.202,0.853,73.5,0.168,0.513,100.0,78.5,95.0,57.8,79.1,82.9,Healthy,healthy
BIZ00252,Suri Group,IT/Services,5,1.6,1,0.948,273499.0,1.23,239397.0,0,96.1,0.154,0.81,71.9,0.127,0.842,93.7,84.7,96.1,30.2,74.6,79.0,Healthy,healthy
BIZ00253,Behl LLC,Retail Trade,2,7.5,1,0.533,5000.0,0.89,29453.0,5,28.7,0.701,0.349,59.5,0.329,1.017,37.8,2.5,28.7,31.5,48.3,28.4,At-Risk,at_risk
BIZ00254,"Barman, Kara and Ghose",IT/Services,6,4.4,0,0.96,476861.0,1.29,142694.0,0,91.5,0.178,0.924,67.3,0.028,0.507,97.2,73.3,91.5,37.9,82.3,82.0,Healthy,healthy
BIZ00255,Chaudry-Talwar,IT/Services,5,13.7,1,0.918,480402.0,1.53,59358.0,1,83.6,0.283,0.94,67.4,0.129,0.574,94.3,45.5,83.6,62.6,80.2,71.3,Healthy,healthy
BIZ00256,"Narayanan, Kapur and Oak",Retail Trade,7,11.1,1,0.722,10350.0,0.98,80045.0,1,85.6,0.334,0.653,53.3,0.323,0.97,51.6,41.3,85.6,53.3,57.4,54.7,Moderate,moderate
BIZ00257,Mishra-Mitra,Textiles,19,14.0,0,0.471,47231.0,0.63,25776.0,5,22.1,0.548,0.174,47.3,0.46,1.219,37.7,0.0,22.1,55.6,33.4,26.3,At-Risk,at_risk
BIZ00258,Dayal-Mistry,Retail Trade,1,4.0,0,0.655,117955.0,1.0,47839.0,2,78.7,0.343,0.508,69.7,0.227,0.805,57.6,26.0,78.7,31.7,61.6,49.5,Moderate,moderate
BIZ00259,"Kannan, Kannan and Chad",IT/Services,3,1.1,1,0.741,330000.0,1.11,142187.0,1,79.6,0.291,0.941,74.3,0.152,0.656,81.9,64.6,79.6,24.6,81.4,65.3,Moderate,moderate
BIZ00260,Murty-Bhasin,Manufacturing,10,3.7,0,0.917,653601.0,1.37,253463.0,0,91.6,0.226,1.0,75.7,0.045,0.458,94.2,87.5,91.6,34.3,88.0,86.0,Healthy,healthy
BIZ00261,"Bali, Tella and Dayal",Retail Trade,5,4.0,1,0.718,28279.0,0.88,60530.0,0,66.9,0.385,0.891,49.7,0.392,0.794,53.1,37.7,66.9,30.5,64.8,50.5,Moderate,moderate
BIZ00262,Kothari LLC,Manufacturing,5,7.2,1,0.457,112014.0,0.88,3619.0,1,64.3,0.575,0.33,39.9,0.418,1.089,43.2,13.9,64.3,34.3,38.3,39.4,At-Risk,at_risk
BIZ00263,"Arora, Lal and Nagi",Retail Trade,1,3.0,0,0.875,386506.0,1.24,231075.0,0,100.0,0.258,1.0,85.1,0.24,0.594,91.2,84.8,100.0,31.3,86.0,78.9,Healthy,healthy
BIZ00264,"Ratta, Arora and Gara",Auto Services,2,9.7,1,0.584,169480.0,1.01,120246.0,1,72.8,0.144,0.36,58.3,0.329,0.795,57.8,55.3,72.8,54.8,50.5,59.1,Moderate,moderate
BIZ00265,Palla-Tella,Auto Services,14,2.3,1,0.518,51678.0,0.72,7706.0,3,75.9,0.689,0.386,13.8,0.549,1.144,41.4,1.9,75.9,16.2,27.9,28.8,At-Risk,at_risk
BIZ00266,Batra-Sidhu,IT/Services,8,0.7,1,0.711,349762.0,1.01,54858.0,4,79.9,0.275,0.53,51.8,0.207,0.952,79.8,18.4,79.9,23.8,55.0,54.9,Moderate,moderate
BIZ00267,"Kibe, Jain and Saran",IT/Services,6,6.2,1,0.623,308383.0,1.26,118278.0,3,71.0,0.39,0.295,59.9,0.263,0.884,73.6,49.5,71.0,36.9,49.2,62.5,Moderate,moderate
BIZ00268,"Shenoy, Bir and Murty",Food & Beverage,2,5.2,0,0.757,197450.0,0.97,75902.0,2,59.9,0.345,0.457,54.0,0.323,0.761,72.7,34.8,59.9,35.3,52.9,49.5,Moderate,moderate
BIZ00269,Wagle-Chaudhary,Auto Services,6,5.3,1,0.82,436408.0,1.53,172038.0,0,98.6,0.186,1.0,70.2,0.0,0.696,87.4,88.0,98.6,40.3,84.6,83.8,Healthy,healthy
BIZ00270,Iyer-Bhardwaj,Retail Trade,10,12.2,1,0.854,183905.0,1.15,142967.0,0,88.7,0.22,0.913,74.9,0.0,0.497,78.2,70.6,88.7,60.0,85.2,74.6,Healthy,healthy
BIZ00271,Babu-Narula,Food & Beverage,2,10.2,0,0.459,94828.0,1.15,25650.0,6,46.8,0.473,0.314,32.8,0.645,0.937,41.6,1.6,46.8,46.4,32.2,34.3,At-Risk,at_risk
BIZ00272,"Balasubramanian, Mann and Ganesh",IT/Services,1,1.2,1,0.662,104087.0,0.79,11998.0,3,45.3,0.548,0.228,53.2,0.715,1.131,56.7,4.9,45.3,17.2,33.0,32.2,At-Risk,at_risk
BIZ00273,Shukla-Warrior,Food & Beverage,6,14.6,0,0.454,136548.0,0.94,21482.0,3,76.0,0.671,0.23,49.4,0.432,0.851,45.4,11.0,76.0,53.7,40.2,40.7,At-Risk,at_risk
BIZ00274,Grewal-Kale,Food & Beverage,4,8.3,0,0.515,99451.0,0.76,1000.0,2,44.6,0.533,0.32,48.7,0.557,1.097,46.0,5.4,44.6,38.9,38.2,36.9,At-Risk,at_risk
BIZ00275,Raghavan-Chander,Food & Beverage,1,6.2,0,0.646,359856.0,1.17,56253.0,0,65.8,0.384,0.786,65.9,0.261,0.791,75.2,42.2,65.8,37.1,69.4,55.9,Moderate,moderate
BIZ00276,"Yadav, Jha and Saha",Food & Beverage,14,9.3,0,0.636,188168.0,0.9,98574.0,2,70.9,0.378,0.804,34.9,0.37,0.828,63.3,40.9,70.9,46.5,56.7,60.6,Moderate,moderate
BIZ00277,"Gaba, Sundaram and Bahl",IT/Services,2,1.6,1,0.604,119021.0,0.79,21815.0,5,46.3,0.669,0.0,54.8,0.44,1.045,54.2,0.0,46.3,14.7,31.9,28.3,At-Risk,at_risk
BIZ00278,"Wable, Agate and Raman",Auto Services,1,9.2,1,0.623,219227.0,0.99,36318.0,2,64.2,0.321,0.828,68.2,0.411,0.797,65.5,22.0,64.2,48.0,68.7,55.7,Moderate,moderate
BIZ00279,Virk-Sant,Construction Materials,3,4.8,1,0.774,445267.0,1.05,76058.0,2,66.2,0.226,0.654,67.9,0.268,0.513,84.2,36.3,66.2,37.6,68.2,60.3,Moderate,moderate
BIZ00280,"Parsa, Mall and Sidhu",Auto Services,24,10.9,0,0.327,66071.0,0.98,18452.0,5,63.6,0.561,0.223,9.4,0.46,0.991,29.5,0.8,63.6,45.9,24.0,32.0,At-Risk,at_risk
BIZ00281,Mukhopadhyay-Mishra,Construction Materials,5,8.5,0,0.561,143940.0,1.23,5925.0,4,44.6,0.491,0.118,48.7,0.58,0.948,53.6,6.6,44.6,40.8,32.1,35.7,At-Risk,at_risk
BIZ00282,Sur Ltd,IT/Services,31,5.1,0,0.864,685227.0,1.47,236318.0,0,87.3,0.165,0.871,59.0,0.106,0.637,90.4,89.3,87.3,40.3,74.7,78.5,Healthy,healthy
BIZ00283,Kadakia Inc,Manufacturing,7,10.0,0,0.802,306485.0,1.23,60957.0,0,88.8,0.174,0.845,66.9,0.16,0.63,86.1,44.9,88.8,54.8,75.5,70.5,Healthy,healthy
BIZ00284,Shankar and Sons,Textiles,7,11.6,0,0.891,526299.0,1.26,112751.0,0,91.7,0.105,0.98,68.0,0.057,0.533,92.4,62.8,91.7,61.6,83.7,79.1,Healthy,healthy
BIZ00285,"Sachar, Ray and Purohit",IT/Services,1,2.0,1,0.722,195971.0,1.04,82812.0,2,76.2,0.41,0.373,66.4,0.219,0.763,70.1,38.5,76.2,23.7,56.3,52.0,Moderate,moderate
BIZ00286,Karpe PLC,Food & Beverage,12,7.4,0,0.922,577736.0,1.44,164141.0,1,86.8,0.193,0.89,69.2,0.113,0.564,94.6,78.6,86.8,46.4,79.5,80.6,Healthy,healthy
BIZ00287,Pau PLC,Retail Trade,8,14.0,0,0.604,164079.0,1.17,53557.0,1,72.7,0.333,0.592,51.9,0.355,0.735,58.7,36.2,72.7,62.0,56.4,56.7,Moderate,moderate
BIZ00288,Char PLC,Auto Services,4,11.5,0,0.67,228904.0,1.09,40223.0,0,99.7,0.342,0.614,57.4,0.319,0.841,69.8,35.2,99.7,54.2,58.8,59.4,Moderate,moderate
BIZ00289,Minhas Ltd,Manufacturing,6,10.0,0,0.814,585139.0,1.47,113622.0,0,97.5,0.131,0.681,67.9,0.11,0.434,87.0,67.3,97.5,56.1,73.1,75.2,Healthy,healthy
BIZ00290,Samra and Sons,Textiles,12,14.8,1,0.662,397696.0,0.86,155005.0,1,70.4,0.271,0.506,64.0,0.167,0.794,76.3,63.9,70.4,66.3,60.8,61.7,Moderate,moderate
BIZ00291,Mammen-Ramaswamy,Manufacturing,8,13.9,1,0.977,455328.0,1.11,67919.0,0,95.2,0.134,0.968,77.6,0.22,0.628,98.4,44.8,95.2,67.7,82.3,74.5,Healthy,healthy
BIZ00292,"Pillai, Chaudhary and Varkey",Manufacturing,9,13.2,0,1.0,123935.0,1.24,251504.0,0,100.0,0.168,0.968,83.5,0.131,0.466,82.4,84.8,100.0,64.5,87.8,77.4,Healthy,healthy
BIZ00293,"Chada, Sane and Aggarwal",Food & Beverage,10,10.4,0,0.546,107538.0,1.13,32948.0,2,67.5,0.443,0.507,64.7,0.573,1.157,49.0,23.6,67.5,47.9,49.4,42.9,At-Risk,at_risk
BIZ00294,"Khosla, Badal and Deol",Retail Trade,13,8.8,0,0.826,361308.0,1.3,108207.0,0,87.5,0.162,0.875,82.5,0.027,0.592,87.8,62.1,87.5,51.5,85.1,72.8,Healthy,healthy
BIZ00295,Sura-Chaudry,Auto Services,10,10.0,1,0.978,839638.0,1.3,218758.0,0,92.9,0.116,0.91,74.8,0.177,0.556,98.5,86.0,92.9,56.5,81.0,85.6,Healthy,healthy
BIZ00296,Sama-Gala,Retail Trade,7,9.8,0,0.759,379075.0,1.14,31956.0,0,55.8,0.431,0.681,43.0,0.162,0.951,83.1,33.5,55.8,46.5,58.1,53.8,Moderate,moderate
BIZ00297,Prabhakar-Suri,Retail Trade,3,9.4,1,0.496,130299.0,0.86,19230.0,5,73.4,0.634,0.267,40.2,0.433,1.088,47.7,0.0,73.4,39.2,35.9,35.0,At-Risk,at_risk
BIZ00298,Toor-Bansal,Manufacturing,12,14.4,0,0.893,464060.0,1.0,117590.0,0,96.6,0.125,0.98,73.3,0.152,0.558,92.5,59.2,96.6,69.4,83.3,74.9,Healthy,healthy
BIZ00299,"Krishna, Toor and Sekhon",Manufacturing,3,3.2,1,0.765,219322.0,1.04,117069.0,1,81.4,0.376,0.742,48.6,0.306,0.763,75.5,54.9,81.4,28.3,61.2,59.4,Moderate,moderate
BIZ00300,"Bhavsar, Saini and Bumb",Retail Trade,12,4.3,1,0.882,389437.0,1.44,180043.0,0,91.6,0.238,0.747,60.0,0.127,0.553,91.8,88.7,91.6,35.8,71.1,77.3,Healthy,healthy
BIZ00301,Dash Group,IT/Services,11,2.0,1,0.901,866595.0,1.26,249416.0,0,95.9,0.278,0.913,60.1,0.048,0.676,93.1,85.3,95.9,27.7,77.3,77.1,Healthy,healthy
BIZ00302,"Sachar, Vaidya and Boase",Food & Beverage,1,1.3,1,0.775,26164.0,1.1,50842.0,0,77.3,0.224,0.654,60.3,0.361,0.895,56.9,39.0,77.3,27.2,59.8,52.8,Moderate,moderate
BIZ00303,Dhingra-Ahuja,Retail Trade,2,3.7,0,0.633,410276.0,1.06,74152.0,1,67.8,0.406,0.661,52.3,0.325,0.72,74.3,41.0,67.8,28.9,59.7,56.4,Moderate,moderate
BIZ00304,Andra Group,Construction Materials,7,5.4,1,0.645,170680.0,1.02,95115.0,1,84.1,0.253,0.593,62.5,0.296,0.881,62.2,47.2,84.1,38.6,59.9,60.4,Moderate,moderate
BIZ00305,"Swamy, Deol and Palla",Retail Trade,3,5.9,1,0.646,199806.0,0.99,72652.0,5,76.3,0.235,0.584,53.8,0.335,0.658,65.2,19.0,76.3,40.6,58.0,48.5,Moderate,moderate
BIZ00306,Kashyap-Devi,Retail Trade,8,9.1,1,0.551,121417.0,0.97,29631.0,3,67.4,0.618,0.0,40.1,0.583,0.808,50.7,14.4,67.4,38.8,26.3,41.8,At-Risk,at_risk
BIZ00307,"Raman, Chakrabarti and Mand",Construction Materials,8,3.0,0,0.78,221958.0,0.83,76065.0,2,86.7,0.488,0.599,75.2,0.218,0.686,76.8,31.9,86.7,24.4,68.1,62.8,Moderate,moderate
BIZ00308,"Sarkar, Chopra and Borra",Auto Services,11,13.3,1,0.94,471196.0,1.12,284217.0,0,88.9,0.135,0.773,82.7,0.197,0.582,95.8,82.5,88.9,65.8,78.2,87.6,Healthy,healthy
BIZ00309,"Edwin, Basak and Seth",Auto Services,7,6.8,1,0.405,90745.0,0.92,8374.0,2,29.8,0.508,0.325,28.6,0.682,0.935,37.4,11.1,29.8,35.2,30.4,32.1,At-Risk,at_risk
BIZ00310,"Bahl, Vaidya and Kari",IT/Services,5,0.5,1,0.942,484199.0,1.34,113938.0,0,89.5,0.197,0.808,80.5,0.237,0.464,96.0,64.9,89.5,25.6,79.1,75.4,Healthy,healthy
BIZ00311,Singh LLC,Manufacturing,3,2.4,1,0.825,199622.0,1.06,99901.0,3,72.6,0.323,0.617,50.1,0.282,0.794,77.7,39.4,72.6,27.5,57.6,58.1,Moderate,moderate
BIZ00312,Thaker-Tiwari,Auto Services,9,7.8,0,0.852,277926.0,1.41,145729.0,1,92.1,0.178,0.879,77.5,0.15,0.528,87.4,71.8,92.1,48.1,81.6,77.9,Healthy,healthy
BIZ00313,Ray-Barad,Food & Beverage,4,14.3,0,0.841,535272.0,1.38,141543.0,0,89.1,0.237,0.883,58.8,0.097,0.611,88.9,74.7,89.1,65.8,75.4,85.3,Healthy,healthy
BIZ00314,Suresh-Ganesh,Manufacturing,1,3.8,0,0.497,128576.0,0.66,1000.0,7,42.3,0.392,0.351,36.8,0.461,0.832,47.7,0.0,42.3,29.7,39.6,35.5,At-Risk,at_risk
BIZ00315,Chandran-Kapur,Retail Trade,12,6.5,1,0.404,104902.0,0.98,23658.0,2,28.8,0.639,0.307,55.1,0.505,0.857,38.7,17.6,28.8,30.3,43.3,36.1,At-Risk,at_risk
BIZ00316,Solanki Group,Food & Beverage,2,1.3,1,0.602,312026.0,0.9,28883.0,0,93.3,0.469,0.461,73.8,0.248,0.766,72.1,27.6,93.3,19.8,61.3,55.6,Moderate,moderate
BIZ00317,Bhatti Group,Retail Trade,3,8.7,0,0.662,350374.0,1.05,90398.0,2,76.7,0.286,0.715,57.6,0.276,0.778,76.3,41.1,76.7,47.5,63.9,56.2,Moderate,moderate
BIZ00318,"Doctor, Mody and Sule",Retail Trade,1,4.4,0,0.917,395464.0,1.22,30731.0,1,91.5,0.183,0.82,74.9,0.109,0.456,94.2,29.7,91.5,37.7,80.1,71.0,Healthy,healthy
BIZ00319,"Walla, Parmer and Kurian",Agri-processing,12,5.1,0,0.851,491211.0,1.13,194650.0,0,90.4,0.239,0.801,70.9,0.218,0.634,89.6,82.7,90.4,38.1,74.2,76.6,Healthy,healthy
BIZ00320,Hayre-Pandya,Agri-processing,4,9.6,0,0.891,496244.0,1.16,188379.0,1,97.9,0.205,0.851,77.9,0.115,0.442,92.3,78.2,97.9,52.7,82.3,81.2,Healthy,healthy
BIZ00321,Singhal-Raman,Auto Services,7,9.3,0,0.705,208852.0,0.92,17029.0,0,81.6,0.27,0.767,64.3,0.131,0.688,70.2,24.1,81.6,49.8,71.8,52.1,Moderate,moderate
BIZ00322,"Rai, Saraf and Pal",Auto Services,5,12.0,0,0.625,281086.0,0.94,35979.0,0,68.0,0.266,0.706,57.0,0.305,0.684,71.8,30.8,68.0,58.0,63.7,55.7,Moderate,moderate
BIZ00323,"Bhattacharyya, Mohan and Jaggi",Manufacturing,8,6.4,1,0.687,234446.0,1.16,83863.0,1,62.1,0.256,0.524,66.4,0.21,0.83,71.6,46.2,62.1,41.5,61.1,54.9,Moderate,moderate
BIZ00324,Nori and Sons,Manufacturing,2,3.8,0,0.869,542855.0,1.46,186668.0,0,88.9,0.216,0.894,70.1,0.106,0.501,90.8,89.2,88.9,34.9,80.7,78.9,Healthy,healthy
BIZ00325,Kara and Sons,Textiles,12,7.1,0,0.573,115892.0,0.82,1000.0,7,55.4,0.418,0.428,35.1,0.459,0.867,51.7,0.0,55.4,38.8,41.4,37.9,At-Risk,at_risk
BIZ00326,"D’Alia, Devan and Arora",Agri-processing,5,7.5,0,0.892,80956.0,0.81,25025.0,3,86.1,0.463,0.57,35.0,0.214,0.699,70.5,9.6,86.1,38.6,52.9,50.2,Moderate,moderate
BIZ00327,Lal-Narain,Agri-processing,5,8.2,0,0.686,269804.0,0.97,30199.0,1,71.8,0.255,0.579,66.0,0.241,0.788,75.0,24.5,71.8,46.9,62.7,57.9,Moderate,moderate
BIZ00328,"Gandhi, Brar and Malhotra",Textiles,3,1.2,1,0.755,334116.0,1.05,27333.0,3,62.3,0.267,0.492,66.1,0.289,0.596,82.9,15.1,62.3,25.6,60.6,52.5,Moderate,moderate
BIZ00329,Khare Inc,Food & Beverage,6,4.3,0,0.711,221992.0,0.99,122774.0,2,90.4,0.395,0.415,49.7,0.412,0.723,72.0,50.7,90.4,31.0,48.5,63.7,Moderate,moderate
BIZ00330,Kaul-Ram,Auto Services,1,0.8,1,0.989,523717.0,1.22,111778.0,0,90.7,0.209,0.811,60.7,0.037,0.528,99.2,61.6,90.7,26.1,75.6,70.5,Healthy,healthy
BIZ00331,Tak LLC,Retail Trade,18,4.0,0,0.973,396955.0,1.21,139751.0,1,89.4,0.149,0.793,75.3,0.082,0.519,98.1,65.7,89.4,37.5,79.3,75.0,Healthy,healthy
BIZ00332,"Narain, Rajan and Kannan",IT/Services,14,8.9,1,0.338,65962.0,0.66,15980.0,3,57.0,0.448,0.228,46.4,0.4,1.057,30.3,3.5,57.0,43.3,37.6,31.0,At-Risk,at_risk
BIZ00333,"Bose, Chander and Dhawan",Retail Trade,3,14.7,0,0.884,375191.0,1.15,119895.0,0,92.1,0.194,0.724,66.2,0.104,0.389,91.8,63.0,92.1,68.3,74.5,77.4,Healthy,healthy
BIZ00334,Bir-Sahni,IT/Services,9,10.8,0,0.973,440033.0,1.2,253636.0,0,89.2,0.22,0.894,61.9,0.209,0.508,98.1,83.9,89.2,55.8,75.7,84.9,Healthy,healthy
BIZ00335,Dyal and Sons,Agri-processing,4,7.7,0,0.851,584159.0,1.0,152211.0,0,100.0,0.124,0.879,74.5,0.161,0.581,89.6,70.7,100.0,49.4,79.8,76.4,Healthy,healthy
BIZ00336,Thakkar Inc,Manufacturing,4,12.8,0,0.948,525176.0,1.25,153054.0,0,94.8,0.209,0.917,84.3,0.183,0.481,96.4,76.1,94.8,62.1,85.1,86.6,Healthy,healthy
BIZ00337,"Tak, Ratta and More",Agri-processing,4,11.6,0,0.439,122218.0,0.95,18587.0,6,48.2,0.486,0.142,61.5,0.524,1.166,42.9,0.0,48.2,50.2,36.4,30.1,At-Risk,at_risk
BIZ00338,"Upadhyay, Sani and Sarin",Agri-processing,19,12.1,0,0.701,202603.0,1.23,69344.0,3,80.7,0.309,0.441,79.4,0.242,0.769,69.3,32.6,80.7,57.0,62.7,63.0,Moderate,moderate
BIZ00339,Tailor-Soman,Textiles,4,7.3,0,0.801,351213.0,1.16,77449.0,2,75.6,0.476,0.57,66.1,0.463,0.528,86.1,39.0,75.6,37.6,60.6,60.3,Moderate,moderate
BIZ00340,"Gade, Uppal and Radhakrishnan",Food & Beverage,8,8.0,1,0.813,586893.0,1.31,176421.0,1,87.2,0.14,0.895,65.7,0.13,0.618,86.9,80.1,87.2,49.8,77.5,81.2,Healthy,healthy
BIZ00341,Chokshi-Deshmukh,IT/Services,1,5.8,0,0.652,235722.0,1.07,101276.0,2,71.4,0.32,0.589,65.3,0.341,0.64,69.2,45.2,71.4,37.8,62.3,56.4,Moderate,moderate
BIZ00342,Oak-Joshi,Retail Trade,7,3.8,1,0.629,184596.0,0.96,47189.0,0,71.9,0.266,0.616,54.9,0.152,0.754,62.5,34.9,71.9,33.4,62.2,52.7,Moderate,moderate
BIZ00343,"Naidu, Bhasin and Hora",Construction Materials,7,8.4,1,0.889,218439.0,1.34,131473.0,1,90.2,0.199,0.897,73.8,0.139,0.595,84.1,65.5,90.2,49.2,80.5,73.7,Healthy,healthy
BIZ00344,Kant PLC,Agri-processing,7,4.4,0,0.713,297782.0,0.73,48400.0,1,67.6,0.351,0.684,60.4,0.227,0.794,79.7,25.6,67.6,32.7,64.6,54.8,Moderate,moderate
BIZ00345,Keer-Chhabra,IT/Services,2,5.1,1,0.898,507804.0,1.17,155694.0,0,96.8,0.126,0.862,89.0,0.173,0.571,92.9,75.3,96.8,41.5,84.2,81.9,Healthy,healthy
BIZ00346,Krishnan PLC,Food & Beverage,11,3.2,0,0.734,309735.0,1.19,36105.0,4,68.4,0.227,0.569,70.2,0.089,0.744,81.4,15.7,68.4,32.8,67.3,51.8,Moderate,moderate
BIZ00347,Magar and Sons,Textiles,18,1.9,1,0.608,90114.0,0.85,35891.0,0,77.0,0.388,0.748,55.7,0.295,0.783,51.5,28.9,77.0,24.1,64.0,51.9,Moderate,moderate
BIZ00348,Agarwal-De,Textiles,16,6.1,1,0.904,293275.0,1.52,280890.0,0,90.5,0.25,0.919,68.9,0.139,0.579,92.6,90.4,90.5,40.8,79.7,84.1,Healthy,healthy
BIZ00349,Chaudhuri-Bhat,Agri-processing,3,7.6,0,0.957,259478.0,1.22,141725.0,1,90.5,0.239,0.778,64.3,0.085,0.502,92.9,66.6,90.5,45.6,75.0,73.4,Healthy,healthy
BIZ00350,Narula Inc,Textiles,5,13.2,0,0.6,405780.0,1.07,94592.0,2,73.4,0.343,0.342,48.5,0.425,0.836,72.0,42.9,73.4,59.3,44.1,60.2,Moderate,moderate
BIZ00351,Sahota and Sons,Manufacturing,6,1.7,1,0.804,110586.0,1.04,26166.0,2,66.1,0.339,0.594,58.7,0.41,0.658,67.3,19.6,66.1,24.9,58.6,48.3,Moderate,moderate
BIZ00352,Oza-Rana,Textiles,6,0.8,1,0.32,8793.0,0.96,12933.0,3,58.6,0.355,0.195,46.5,0.546,1.455,23.3,8.5,58.6,21.7,32.2,25.0,At-Risk,at_risk
BIZ00353,Patel PLC,Construction Materials,1,8.4,0,0.599,44904.0,1.05,74497.0,2,80.8,0.32,0.669,56.5,0.202,0.865,46.4,35.7,80.8,45.6,62.5,52.8,Moderate,moderate
BIZ00354,Sinha-Bose,Manufacturing,1,7.7,0,0.811,714936.0,1.33,146777.0,0,91.1,0.105,0.879,70.6,0.098,0.594,86.8,75.4,91.1,49.9,79.6,76.0,Healthy,healthy
BIZ00355,Rastogi Group,Textiles,5,13.3,0,0.854,709054.0,1.05,242910.0,0,92.2,0.181,0.832,70.6,0.112,0.631,89.8,81.0,92.2,64.5,77.3,76.1,Healthy,healthy
BIZ00356,Kibe-Kapur,IT/Services,4,3.9,1,0.855,222761.0,0.96,70171.0,2,68.4,0.468,0.832,60.6,0.279,0.874,82.2,32.6,68.4,27.7,68.0,60.0,Moderate,moderate
BIZ00357,Rao Ltd,Construction Materials,3,14.2,0,0.99,618434.0,1.34,111380.0,0,95.5,0.159,0.914,72.1,0.112,0.369,99.3,64.0,95.5,67.8,83.3,79.5,Healthy,healthy
BIZ00358,Borde-Zachariah,Auto Services,5,9.2,0,0.669,211292.0,1.17,175872.0,0,76.8,0.253,0.525,50.4,0.247,0.815,68.0,82.0,76.8,50.0,54.9,65.4,Moderate,moderate
BIZ00359,"Handa, Maharaj and Tandon",Agri-processing,3,2.1,1,0.406,123171.0,0.93,1000.0,1,52.0,0.348,0.217,39.9,0.702,1.107,40.7,13.9,52.0,25.9,28.4,29.9,At-Risk,at_risk
BIZ00360,Chana Inc,IT/Services,5,5.4,1,0.686,292571.0,1.15,127151.0,2,77.1,0.27,0.652,50.8,0.117,0.591,77.2,55.3,77.1,38.1,64.3,64.0,Moderate,moderate
BIZ00361,"Bala, Prabhakar and Sankar",Retail Trade,2,11.6,0,0.845,387341.0,1.49,199715.0,0,94.5,0.105,0.916,64.6,0.081,0.57,89.2,89.8,94.5,61.7,79.3,85.1,Healthy,healthy
BIZ00362,Sachar LLC,Retail Trade,4,9.0,0,0.573,300831.0,1.01,91076.0,1,63.3,0.267,0.48,40.5,0.288,0.967,70.1,45.5,63.3,49.0,47.5,64.0,Moderate,moderate
BIZ00363,Rout-Anne,IT/Services,7,5.6,1,0.705,222122.0,1.06,29220.0,2,71.4,0.593,0.615,57.9,0.427,0.586,71.5,20.9,71.4,29.0,59.4,50.3,Moderate,moderate
BIZ00364,Sagar and Sons,Food & Beverage,2,13.0,0,0.845,44356.0,0.89,109283.0,1,72.8,0.266,0.45,52.4,0.168,1.001,63.6,49.3,72.8,61.0,52.7,59.8,Moderate,moderate
BIZ00365,Kapadia-Mishra,Agri-processing,6,0.6,1,0.467,51243.0,0.67,13311.0,4,38.1,0.551,0.306,48.3,0.37,0.966,37.8,0.0,38.1,15.3,42.6,27.3,At-Risk,at_risk
BIZ00366,Mukherjee Inc,IT/Services,1,9.6,0,0.926,498832.0,1.59,16442.0,1,97.9,0.308,0.889,68.6,0.103,0.582,94.8,32.2,97.9,49.6,79.2,75.5,Healthy,healthy
BIZ00367,Sood-Agrawal,IT/Services,19,5.7,1,0.674,56853.0,0.83,15343.0,2,32.6,0.722,0.249,31.5,0.407,1.194,52.9,11.6,32.6,25.4,31.6,32.9,At-Risk,at_risk
BIZ00368,Borra Inc,Auto Services,4,8.9,1,0.251,123478.0,1.02,1578.0,6,77.3,0.632,0.53,47.2,0.395,1.071,29.9,0.0,77.3,37.7,48.5,36.6,At-Risk,at_risk
BIZ00369,Gandhi LLC,Retail Trade,2,4.3,1,0.961,654256.0,1.1,268259.0,0,97.1,0.217,1.0,65.0,0.193,0.459,97.3,82.0,97.1,36.4,81.3,83.4,Healthy,healthy
BIZ00370,Lalla Inc,Auto Services,12,4.2,1,0.881,134313.0,1.27,66832.0,0,100.0,0.19,1.0,64.1,0.056,0.447,75.1,47.7,100.0,36.9,83.9,68.6,Moderate,healthy
BIZ00371,"Thaker, Sankaran and Walla",Construction Materials,32,13.9,0,0.939,487100.0,1.27,166568.0,0,87.6,0.218,0.962,77.1,0.124,0.45,95.7,81.0,87.6,65.2,85.7,88.5,Healthy,healthy
BIZ00372,"Bhavsar, Pant and Sethi",IT/Services,6,6.7,0,0.846,659403.0,1.22,254843.0,0,90.6,0.214,0.845,65.3,0.096,0.546,89.2,84.5,90.6,43.7,77.0,83.7,Healthy,healthy
BIZ00373,"Karan, Chopra and Chaudhary",Textiles,5,12.7,0,0.928,309345.0,1.04,187538.0,0,95.1,0.211,0.889,76.8,0.158,0.474,94.9,80.9,95.1,61.8,82.1,86.2,Healthy,healthy
BIZ00374,Kant and Sons,IT/Services,6,2.4,1,0.586,247875.0,1.11,87689.0,2,53.8,0.383,0.712,52.0,0.192,0.506,65.8,41.4,53.8,25.7,66.2,50.2,Moderate,moderate
BIZ00375,Datta-Sule,Retail Trade,19,12.9,0,0.875,432421.0,1.18,238520.0,0,95.1,0.223,0.872,72.7,0.188,0.563,91.2,83.7,95.1,62.0,78.6,88.5,Healthy,healthy
BIZ00376,Oommen and Sons,Construction Materials,14,4.7,1,0.842,364895.0,1.35,192095.0,0,94.4,0.077,1.0,69.7,0.019,0.566,88.9,86.9,94.4,41.8,85.4,82.0,Healthy,healthy
BIZ00377,"Pandya, Dave and Joshi",Agri-processing,1,6.7,0,0.519,116408.0,1.09,22658.0,5,50.5,0.535,0.516,33.2,0.622,1.06,48.0,4.4,50.5,34.0,38.6,36.2,At-Risk,at_risk
BIZ00378,Nair-Apte,Manufacturing,6,6.5,0,0.934,206435.0,1.0,301608.0,0,100.0,0.179,0.79,71.5,0.117,0.566,86.0,80.0,100.0,44.1,76.7,81.6,Healthy,healthy
BIZ00379,Sridhar-Vohra,Retail Trade,8,14.0,0,0.294,84068.0,0.62,21310.0,3,21.6,0.715,0.547,67.0,0.618,0.979,29.0,4.5,21.6,50.6,52.5,26.9,At-Risk,at_risk
BIZ00380,"Basak, Pai and Chowdhury",Agri-processing,13,0.5,1,0.958,557875.0,1.52,175015.0,0,96.6,0.218,0.877,72.0,0.079,0.652,97.1,88.8,96.6,25.0,79.8,83.5,Healthy,healthy
BIZ00381,Bedi LLC,Textiles,8,0.6,1,0.806,638033.0,1.51,149389.0,0,86.4,0.208,0.977,53.3,0.156,0.636,86.4,79.9,86.4,25.6,75.4,72.3,Healthy,healthy
BIZ00382,Virk Group,Food & Beverage,5,6.1,0,0.777,125077.0,1.04,67522.0,2,81.2,0.319,0.486,47.1,0.38,0.881,66.9,33.3,81.2,38.7,49.1,57.7,Moderate,moderate
BIZ00383,Oak-Kanda,IT/Services,4,3.2,1,0.677,333567.0,1.07,117080.0,1,69.3,0.368,0.687,49.1,0.211,0.707,77.4,55.3,69.3,28.6,61.9,65.1,Moderate,moderate
BIZ00384,Gokhale-Mallick,Manufacturing,14,4.8,1,0.539,62487.0,0.74,20687.0,5,18.8,0.626,0.282,34.5,0.509,1.135,44.0,0.0,18.8,25.6,32.4,25.6,At-Risk,at_risk
BIZ00385,Kari and Sons,IT/Services,3,12.0,0,0.906,442247.0,0.92,128057.0,1,69.9,0.251,0.61,49.8,0.181,0.745,93.4,56.1,69.9,58.5,59.7,73.9,Healthy,moderate
BIZ00386,Shroff-Ganesan,IT/Services,4,5.6,0,0.358,128135.0,0.54,35401.0,5,28.9,0.476,0.133,47.2,0.593,0.989,37.9,0.0,28.9,32.5,31.4,29.4,At-Risk,at_risk
BIZ00387,"Edwin, Karan and Sama",Auto Services,5,3.0,0,0.842,294029.0,1.45,221492.0,0,95.4,0.11,0.827,79.5,0.133,0.453,88.4,88.9,95.4,35.7,81.6,76.1,Healthy,healthy
BIZ00388,Deo-Nath,Food & Beverage,5,3.4,1,0.852,529750.0,1.32,192814.0,0,93.2,0.244,0.886,61.5,0.103,0.554,89.7,86.4,93.2,32.9,77.0,73.6,Healthy,healthy
BIZ00389,"Kota, Oak and Pant",Construction Materials,4,6.9,0,0.567,83080.0,1.08,41216.0,2,60.1,0.646,0.524,46.6,0.605,0.951,48.0,25.3,60.1,31.3,45.1,41.2,At-Risk,at_risk
BIZ00390,Bajwa-Dora,IT/Services,3,0.6,1,0.652,40167.0,0.4,24164.0,3,21.5,0.381,0.324,25.3,0.484,1.259,49.7,1.0,21.5,20.4,30.5,26.9,At-Risk,at_risk
BIZ00391,Dugal-Vasa,Manufacturing,10,11.7,1,0.443,110972.0,0.66,29719.0,3,78.8,0.611,0.061,29.6,0.541,1.024,42.1,8.1,78.8,46.8,23.5,35.3,At-Risk,at_risk
BIZ00392,Seth LLC,IT/Services,5,7.4,1,0.69,113712.0,0.91,133339.0,0,68.1,0.347,0.565,51.1,0.168,0.794,59.6,62.7,68.1,41.8,58.4,61.7,Moderate,moderate
BIZ00393,"Korpal, Kaul and Choudhury",Construction Materials,7,7.0,0,0.865,581840.0,1.1,121976.0,1,97.9,0.149,0.909,67.9,0.074,0.723,90.6,57.7,97.9,46.5,78.9,78.8,Healthy,healthy
BIZ00394,Date-Pau,Construction Materials,4,2.1,1,0.555,126347.0,0.62,18270.0,2,13.8,0.488,0.619,6.7,0.458,1.361,51.5,8.6,13.8,21.7,34.8,26.6,At-Risk,at_risk
BIZ00395,Borah Inc,Agri-processing,6,3.1,1,0.923,464207.0,1.18,154069.0,1,90.8,0.215,0.778,64.8,0.084,0.544,94.6,69.9,90.8,32.8,74.8,70.4,Healthy,healthy
BIZ00396,Chandran-Konda,Construction Materials,7,7.2,0,0.534,75700.0,0.94,14754.0,3,65.1,0.4,0.356,24.6,0.324,0.681,45.0,8.7,65.1,39.6,39.8,37.2,At-Risk,at_risk
BIZ00397,Kumer-Sule,Construction Materials,1,12.5,1,0.264,34764.0,1.04,23232.0,7,45.1,0.643,0.119,54.2,0.455,0.695,22.0,0.0,45.1,48.2,39.1,27.3,At-Risk,at_risk
BIZ00398,Tripathi PLC,Retail Trade,5,10.9,0,0.678,252670.0,0.84,59248.0,2,65.2,0.35,0.529,43.1,0.228,0.745,72.7,26.6,65.2,52.2,53.6,46.7,Moderate,moderate
BIZ00399,Golla Ltd,IT/Services,6,3.8,0,0.587,138244.0,0.78,18407.0,7,47.5,0.533,0.416,37.2,0.266,1.014,54.9,0.0,47.5,25.4,44.1,35.9,At-Risk,at_risk
BIZ00400,Rana Ltd,Agri-processing,12,1.2,1,0.277,30756.0,0.8,10312.0,4,52.8,0.505,0.293,42.8,0.037,0.905,22.5,0.0,52.8,18.5,47.4,24.9,At-Risk,at_risk
BIZ00401,"Rajagopalan, Maharaj and Boase",IT/Services,5,14.8,0,0.83,614054.0,1.71,178263.0,0,96.5,0.17,0.935,70.8,0.134,0.649,88.1,93.7,96.5,69.3,80.3,86.4,Healthy,healthy
BIZ00402,"Mital, Shroff and Dutta",Food & Beverage,11,7.1,0,0.364,30119.0,0.8,35227.0,3,20.6,0.497,0.301,51.3,0.414,0.713,28.5,12.7,20.6,36.4,45.1,32.8,At-Risk,at_risk
BIZ00403,Kota Inc,Manufacturing,1,4.5,1,0.676,104886.0,1.19,48656.0,2,80.2,0.215,0.547,58.3,0.166,0.825,57.8,29.9,80.2,37.0,60.0,53.3,Moderate,moderate
BIZ00404,"Doshi, Wagle and Arya",IT/Services,1,3.2,0,0.398,43075.0,0.74,15426.0,2,0.0,0.663,0.414,61.6,0.442,0.935,32.2,9.9,0.0,19.7,49.8,22.2,At-Risk,at_risk
BIZ00405,Deo-Mitter,Manufacturing,10,2.4,1,0.782,194000.0,1.2,151304.0,1,97.5,0.184,1.0,60.9,0.201,0.509,74.2,69.5,97.5,31.7,79.2,76.5,Healthy,healthy
BIZ00406,Barad-Sodhi,Textiles,9,10.5,0,0.582,75228.0,0.93,17757.0,4,33.3,0.59,0.1,37.0,0.52,1.284,48.3,4.6,33.3,43.8,26.1,32.4,At-Risk,at_risk
BIZ00407,Pathak-Grewal,Textiles,5,4.4,1,0.796,504279.0,1.54,78436.0,0,94.4,0.135,0.864,67.0,0.115,0.577,85.7,57.0,94.4,39.2,77.6,70.0,Moderate,healthy
BIZ00408,Basu Ltd,Auto Services,6,4.2,0,0.811,856550.0,1.33,192600.0,0,96.5,0.163,0.857,77.1,0.214,0.618,86.8,86.6,96.5,37.7,78.5,82.5,Healthy,healthy
BIZ00409,Dutt-Ramachandran,Manufacturing,5,10.1,1,0.485,73070.0,0.78,21905.0,2,55.0,0.708,0.432,39.1,0.615,1.085,41.3,12.9,55.0,39.1,37.7,39.0,At-Risk,at_risk
BIZ00410,Sarkar-Bail,Retail Trade,10,13.5,1,0.97,573138.0,1.11,200551.0,1,95.2,0.148,0.908,80.8,0.105,0.671,97.9,77.3,95.2,66.1,83.3,80.0,Healthy,healthy
BIZ00411,Sehgal-Deep,Manufacturing,20,14.3,0,0.912,135637.0,1.22,160903.0,0,89.6,0.276,0.935,61.0,0.18,0.48,77.4,78.0,89.6,64.6,77.7,80.0,Healthy,healthy
BIZ00412,Mandal-Sheth,Retail Trade,3,1.8,1,0.398,76972.0,0.77,23136.0,4,73.8,0.637,0.348,33.7,0.54,1.239,35.6,3.0,73.8,16.3,33.2,28.9,At-Risk,at_risk
BIZ00413,Wali Ltd,IT/Services,11,8.8,1,0.559,105599.0,0.94,8727.0,8,10.4,0.594,0.22,25.8,0.468,1.184,49.7,0.0,10.4,38.6,27.5,23.7,At-Risk,at_risk
BIZ00414,Kohli and Sons,Agri-processing,10,9.4,0,0.688,209416.0,0.95,63409.0,0,72.4,0.268,0.561,78.0,0.255,0.793,69.1,40.0,72.4,50.2,65.9,60.8,Moderate,moderate
BIZ00415,"Parmar, Nagar and Batra",Retail Trade,5,13.7,0,0.652,287046.0,1.06,5439.0,2,78.6,0.389,0.676,64.7,0.337,0.911,74.3,13.1,78.6,59.4,62.5,53.5,Moderate,moderate
BIZ00416,Sagar-Mani,Manufacturing,8,1.5,1,0.683,211998.0,0.97,68091.0,3,64.1,0.191,0.706,39.1,0.33,0.725,69.0,27.0,64.1,28.8,56.5,53.6,Moderate,moderate
BIZ00417,Din-Sarma,IT/Services,6,12.6,1,0.94,369052.0,1.51,229387.0,0,89.6,0.201,0.866,67.9,0.112,0.628,95.8,90.2,89.6,61.8,77.5,88.4,Healthy,healthy
BIZ00418,Guha PLC,Retail Trade,5,0.7,1,0.933,408803.0,1.18,138653.0,1,95.9,0.246,0.974,61.9,0.184,0.518,95.3,64.8,95.9,24.7,78.9,76.6,Healthy,healthy
BIZ00419,Lata Inc,IT/Services,6,0.7,1,0.809,301839.0,0.87,39367.0,1,74.3,0.384,0.635,61.5,0.334,0.879,86.6,25.6,74.3,20.6,60.3,45.9,Moderate,moderate
BIZ00420,"Dugal, Jhaveri and Cheema",Textiles,2,5.1,1,0.491,60384.0,0.77,12942.0,10,43.9,0.383,0.503,65.2,0.475,1.439,40.4,0.0,43.9,33.8,50.9,31.9,At-Risk,at_risk
BIZ00421,"Bajwa, Bhatt and Savant",IT/Services,4,1.4,1,0.516,45993.0,0.69,2088.0,6,83.2,0.635,0.0,36.2,0.469,0.784,40.7,0.0,83.2,15.2,27.5,34.8,At-Risk,at_risk
BIZ00422,Gokhale LLC,Food & Beverage,1,2.9,1,0.471,179464.0,0.89,7911.0,2,54.9,0.515,0.246,42.2,0.477,1.289,50.9,10.4,54.9,23.3,33.8,35.8,At-Risk,at_risk
BIZ00423,Sem and Sons,Textiles,14,3.4,1,0.838,425499.0,1.6,164837.0,1,93.3,0.16,0.918,70.1,0.103,0.644,88.7,82.0,93.3,35.4,80.1,78.4,Healthy,healthy
BIZ00424,Prashad-Gupta,Construction Materials,15,4.6,1,0.69,341037.0,0.96,47793.0,4,81.0,0.304,0.574,47.9,0.278,0.491,78.3,15.2,81.0,34.7,58.4,57.3,Moderate,moderate
BIZ00425,Varkey and Sons,Food & Beverage,1,7.4,0,0.908,618738.0,1.2,295860.0,0,85.4,0.115,0.749,74.0,0.104,0.624,93.6,84.1,85.4,48.7,75.8,80.1,Healthy,healthy
BIZ00426,Hari-Thakkar,Auto Services,5,4.9,1,0.699,253354.0,1.07,80477.0,1,76.0,0.194,0.536,49.0,0.207,0.693,74.3,43.3,76.0,38.9,56.9,60.8,Moderate,moderate
BIZ00427,Kadakia-Sharaf,Construction Materials,3,7.4,0,0.756,297659.0,0.9,70263.0,1,67.4,0.257,0.544,80.5,0.36,0.944,82.7,36.4,67.4,44.5,62.6,53.8,Moderate,moderate
BIZ00428,"Mutti, Bassi and Nadkarni",Auto Services,2,13.0,0,0.523,151711.0,0.75,31658.0,5,54.6,0.487,0.142,50.2,0.468,0.962,51.8,0.5,54.6,54.4,35.6,37.6,At-Risk,at_risk
BIZ00429,Zacharia PLC,Food & Beverage,31,4.4,0,1.0,468707.0,1.23,150247.0,0,99.3,0.206,0.878,86.5,0.125,0.498,100.0,74.6,99.3,37.0,85.5,82.3,Healthy,healthy
BIZ00430,"Bera, Guha and Sura",IT/Services,4,6.4,0,0.847,426038.0,1.1,200339.0,0,93.3,0.281,0.846,70.9,0.11,0.567,89.3,82.0,93.3,40.8,78.6,80.8,Healthy,healthy
BIZ00431,"Sachdeva, Palla and Kohli",Textiles,8,9.9,0,0.931,411691.0,1.18,106298.0,1,90.8,0.185,0.851,83.0,0.088,0.628,95.2,54.1,90.8,54.1,82.8,80.2,Healthy,healthy
BIZ00432,Mall-Kibe,Textiles,4,6.5,1,0.61,83741.0,0.94,37976.0,2,37.7,0.645,0.028,27.9,0.347,1.087,51.1,21.5,37.7,30.2,25.0,35.6,At-Risk,at_risk
BIZ00433,"Hayre, Raghavan and Chowdhury",Manufacturing,8,3.8,1,0.977,147084.0,0.97,43083.0,2,87.1,0.417,0.53,62.6,0.329,0.929,83.1,23.8,87.1,28.9,56.6,52.3,Moderate,moderate
BIZ00434,Ramaswamy-Dhar,Manufacturing,2,5.8,0,0.803,641856.0,1.25,235249.0,0,94.0,0.187,0.884,61.4,0.148,0.613,86.2,85.0,94.0,41.8,75.3,81.2,Healthy,healthy
BIZ00435,Keer LLC,Agri-processing,12,5.5,1,0.884,487415.0,1.35,72787.0,0,99.5,0.179,0.932,71.7,0.098,0.642,91.8,51.2,99.5,41.1,81.3,69.8,Moderate,healthy
BIZ00436,Kurian-Char,Agri-processing,1,3.0,1,0.688,179802.0,1.12,23217.0,1,80.0,0.371,0.506,48.2,0.239,0.779,66.1,25.2,80.0,27.9,54.0,55.6,Moderate,moderate
BIZ00437,Khalsa-Rout,Food & Beverage,1,7.5,0,0.86,309439.0,1.44,133245.0,1,96.5,0.163,0.824,83.7,0.064,0.529,90.2,68.2,96.5,47.6,83.6,74.1,Healthy,healthy
BIZ00438,Taneja LLC,Agri-processing,14,10.9,0,0.447,185513.0,0.6,14770.0,1,58.7,0.958,0.368,40.3,0.348,0.71,49.9,12.0,58.7,34.0,44.9,42.6,At-Risk,at_risk
BIZ00439,Setty Inc,Manufacturing,4,9.5,0,0.637,278400.0,1.16,67553.0,1,68.3,0.387,0.506,56.4,0.211,0.778,72.4,40.6,68.3,46.9,57.5,58.7,Moderate,moderate
BIZ00440,"Sengupta, Shetty and Contractor",Auto Services,9,4.1,1,0.868,391715.0,1.08,202683.0,0,87.4,0.217,0.962,67.0,0.044,0.329,90.8,81.6,87.4,35.8,84.9,84.2,Healthy,healthy
BIZ00441,"Varty, Prasad and Kamdar",Agri-processing,7,12.2,1,0.96,556267.0,1.07,110132.0,0,92.5,0.204,0.891,76.9,0.126,0.537,97.2,58.1,92.5,60.5,82.2,78.2,Healthy,healthy
BIZ00442,"More, Kade and Dara",Food & Beverage,14,0.9,1,0.58,124905.0,0.64,40939.0,3,51.6,0.448,0.43,49.2,0.457,1.201,53.1,11.4,51.6,19.3,43.1,33.3,At-Risk,at_risk
BIZ00443,Manda PLC,Construction Materials,4,7.3,1,0.864,481372.0,1.47,128832.0,0,86.5,0.219,0.883,77.6,0.12,0.563,90.5,72.4,86.5,45.3,82.0,70.4,Healthy,healthy
BIZ00444,Dutt-Karan,IT/Services,12,9.6,0,0.842,247070.0,1.27,169725.0,0,93.9,0.193,0.992,92.3,0.094,0.528,83.6,82.0,93.9,53.0,91.9,82.2,Healthy,healthy
BIZ00445,Kurian-Shere,Construction Materials,7,8.7,0,0.471,197867.0,0.93,6244.0,2,45.8,0.598,0.382,37.3,0.539,1.034,52.8,10.8,45.8,38.2,37.3,38.6,At-Risk,at_risk
BIZ00446,Borde LLC,Food & Beverage,8,5.5,0,0.574,86028.0,0.78,5218.0,7,87.8,0.693,0.176,48.6,0.31,0.803,48.8,0.0,87.8,25.7,40.9,39.5,At-Risk,at_risk
BIZ00447,Sehgal-Hans,Food & Beverage,9,11.6,1,0.421,5000.0,0.88,1000.0,6,58.2,0.512,0.68,39.0,0.5,0.813,30.0,0.0,58.2,49.4,51.3,37.1,At-Risk,at_risk
BIZ00448,"Ratta, Kota and Setty",IT/Services,2,1.2,1,0.462,135321.0,0.69,21129.0,0,60.3,0.428,0.204,32.6,0.534,1.108,45.9,20.9,60.3,20.8,28.8,32.6,At-Risk,at_risk
BIZ00449,Shah PLC,Construction Materials,9,0.7,1,0.844,391865.0,1.05,147044.0,1,92.7,0.158,0.898,73.4,0.09,0.589,89.1,65.0,92.7,27.4,81.4,72.8,Healthy,healthy
BIZ00450,Chhabra-Shetty,Food & Beverage,4,8.3,0,0.909,300256.0,1.29,172178.0,0,90.5,0.149,0.792,77.9,0.17,0.552,93.6,83.2,90.5,50.4,78.0,79.0,Healthy,healthy
BIZ00451,Batra LLC,Textiles,18,8.1,0,0.429,87350.0,0.69,21708.0,6,40.6,0.564,0.265,41.7,0.435,1.12,38.8,0.0,40.6,37.4,36.0,23.7,At-Risk,at_risk
BIZ00452,Pandey Ltd,Manufacturing,7,8.6,0,0.753,131383.0,1.12,48295.0,2,88.0,0.261,0.682,51.7,0.376,0.964,65.9,28.5,88.0,48.0,56.8,56.1,Moderate,moderate
BIZ00453,Sankar-Chand,Food & Beverage,18,13.4,1,0.718,314505.0,1.12,63731.0,1,65.2,0.161,0.576,72.0,0.188,0.596,80.3,38.6,65.2,65.4,67.7,64.6,Moderate,moderate
BIZ00454,"Chada, Biswas and Raju",Food & Beverage,2,5.4,0,0.635,77145.0,0.82,6023.0,3,22.0,0.519,0.224,55.3,0.409,1.359,52.1,3.5,22.0,30.6,39.0,32.2,At-Risk,at_risk
BIZ00455,Bava-Pal,Manufacturing,1,14.3,0,0.854,522673.0,1.14,235238.0,0,98.9,0.135,0.863,76.2,0.173,0.335,89.8,82.7,98.9,68.8,82.1,85.8,Healthy,healthy
BIZ00456,"Purohit, Mukhopadhyay and Shenoy",Auto Services,7,2.3,1,0.814,100389.0,0.96,85809.0,3,75.1,0.312,0.74,54.0,0.337,0.861,67.0,32.8,75.1,27.5,61.4,53.9,Moderate,moderate
BIZ00457,Wadhwa-Agate,Manufacturing,14,7.0,1,0.899,487584.0,1.19,353175.0,0,96.2,0.129,0.872,66.2,0.213,0.5,92.9,83.9,96.2,47.1,76.4,83.5,Healthy,healthy
BIZ00458,Kibe-Das,Manufacturing,7,1.5,1,0.851,333326.0,1.27,84241.0,1,73.0,0.246,0.612,56.2,0.33,0.727,89.6,48.4,73.0,27.1,59.2,59.9,Moderate,moderate
BIZ00459,"Bail, Kala and Mallick",Agri-processing,9,9.9,1,0.819,312940.0,1.38,212338.0,1,90.3,0.085,0.904,63.1,0.119,0.596,87.4,82.6,90.3,57.1,77.4,86.8,Healthy,healthy
BIZ00460,"Sahota, Jayaraman and Banik",Textiles,14,7.4,0,0.997,381145.0,1.34,193123.0,1,93.3,0.179,0.802,60.0,0.156,0.619,99.8,81.7,93.3,46.8,71.7,86.6,Healthy,healthy
BIZ00461,Balay-Mand,Manufacturing,6,2.0,1,0.883,336579.0,1.12,80877.0,1,100.0,0.233,0.902,70.8,0.12,0.472,91.8,44.4,100.0,29.0,81.2,67.2,Moderate,healthy
BIZ00462,"Bobal, Baria and Viswanathan",Construction Materials,2,1.3,1,0.618,155187.0,1.13,61511.0,3,83.4,0.177,0.947,65.9,0.256,0.719,58.8,28.2,83.4,28.6,75.9,53.4,Moderate,moderate
BIZ00463,"Barad, Sampath and Basak",IT/Services,8,6.1,0,0.681,188820.0,1.14,39176.0,2,81.8,0.45,0.497,42.3,0.316,0.639,66.6,25.8,81.8,34.8,51.5,54.0,Moderate,moderate
BIZ00464,Devi Group,Retail Trade,5,10.6,1,0.792,334761.0,1.35,77921.0,1,66.6,0.332,0.657,61.6,0.342,0.774,85.5,47.9,66.6,51.8,62.0,57.1,Moderate,moderate
BIZ00465,Nath-Raghavan,Auto Services,5,13.0,0,0.594,90420.0,0.84,19717.0,2,42.2,0.535,0.482,43.3,0.415,0.801,50.7,13.3,42.2,52.9,47.7,39.4,At-Risk,at_risk
BIZ00466,"Kant, Morar and Sami",Food & Beverage,18,14.2,0,0.865,486892.0,1.23,203465.0,0,99.8,0.19,0.913,83.3,0.076,0.539,90.5,84.6,99.8,66.9,86.2,85.3,Healthy,healthy
BIZ00467,Vaidya-Gulati,Construction Materials,9,8.3,0,0.863,489475.0,1.1,49525.0,0,88.3,0.138,0.858,65.2,0.074,0.431,90.4,38.5,88.3,50.8,79.1,71.3,Healthy,healthy
BIZ00468,"Biswas, Kar and Dar",Auto Services,7,4.4,0,0.228,62439.0,0.83,21514.0,5,19.8,0.727,0.078,31.0,0.662,1.074,22.2,0.0,19.8,21.4,21.6,18.6,At-Risk,at_risk
BIZ00469,"Tailor, Balay and Sant",Textiles,11,11.1,0,0.964,477798.0,1.03,186001.0,0,96.1,0.192,0.874,65.2,0.035,0.53,97.5,80.6,96.1,57.5,79.4,84.4,Healthy,healthy
BIZ00470,"Sankaran, Padmanabhan and Dugal",Manufacturing,15,0.9,1,0.645,177874.0,0.58,37544.0,5,50.8,0.643,0.377,26.6,0.22,1.125,62.9,0.0,50.8,13.4,38.9,35.3,At-Risk,at_risk
BIZ00471,Shroff LLC,Agri-processing,5,4.2,0,0.935,633325.0,1.16,118370.0,0,95.4,0.159,0.911,68.4,0.201,0.613,95.5,62.7,95.4,37.8,77.7,71.9,Healthy,healthy
BIZ00472,Ramesh-Kant,Auto Services,15,5.2,0,0.623,47544.0,1.02,9417.0,2,48.8,0.608,0.415,41.7,0.52,1.065,48.3,13.6,48.8,27.3,40.1,37.4,At-Risk,at_risk
BIZ00473,"Shroff, Bains and Narang",Construction Materials,2,5.2,1,0.843,600731.0,1.54,87336.0,0,89.8,0.221,0.886,80.9,0.162,0.505,89.0,60.0,89.8,39.0,83.0,76.6,Healthy,healthy
BIZ00474,Balan LLC,Textiles,2,12.6,0,0.517,120325.0,0.85,11448.0,6,27.8,0.429,0.251,51.6,0.632,0.974,48.2,0.0,27.8,54.9,36.5,26.6,At-Risk,at_risk
BIZ00475,"Sanghvi, Atwal and Raghavan",Auto Services,11,6.7,1,0.71,393789.0,1.04,42087.0,1,66.6,0.219,0.795,68.1,0.177,0.776,79.7,29.9,66.6,43.5,72.4,61.8,Moderate,moderate
BIZ00476,"Venkatesh, Chowdhury and Vohra",Food & Beverage,14,4.6,1,0.471,89389.0,0.66,14322.0,9,60.4,0.519,0.158,28.7,0.585,0.772,41.9,0.0,60.4,28.2,28.1,36.0,At-Risk,at_risk
BIZ00477,Thakur-Pandit,Construction Materials,4,5.2,0,0.905,604350.0,1.37,226365.0,0,96.2,0.161,0.834,71.4,0.16,0.473,93.4,87.4,96.2,40.8,78.2,84.2,Healthy,healthy
BIZ00478,Goda Ltd,Auto Services,8,3.4,0,0.661,44463.0,1.13,119387.0,1,74.8,0.298,0.645,49.5,0.253,0.58,50.7,57.5,74.8,31.3,61.1,56.5,Moderate,moderate
BIZ00479,"Sarna, Devan and Srinivas",Manufacturing,1,4.6,1,0.649,78820.0,0.72,30535.0,1,55.6,0.638,0.174,44.5,0.63,1.165,53.3,19.5,55.6,24.6,29.4,40.2,At-Risk,at_risk
BIZ00480,Kuruvilla PLC,Food & Beverage,16,12.6,1,0.704,236634.0,1.09,86795.0,0,60.5,0.371,0.634,55.5,0.149,0.563,72.9,50.7,60.5,56.7,65.0,60.1,Moderate,moderate
BIZ00481,Pant PLC,Textiles,2,7.7,1,0.815,200680.0,1.24,90076.0,0,74.3,0.356,0.638,53.9,0.272,0.708,77.1,54.8,74.3,42.4,60.7,63.6,Moderate,moderate
BIZ00482,Sane-Datta,Retail Trade,3,13.9,0,0.779,162629.0,1.15,66113.0,2,69.6,0.271,0.783,53.6,0.408,0.857,70.8,35.0,69.6,63.6,61.4,58.6,Moderate,moderate
BIZ00483,Tara Inc,Textiles,1,6.8,0,0.82,78710.0,1.3,44712.0,0,67.7,0.394,0.721,56.7,0.274,0.802,65.2,40.8,67.7,38.6,63.5,56.5,Moderate,moderate
BIZ00484,"Aggarwal, Merchant and Ram",Construction Materials,13,7.8,0,0.703,132075.0,0.85,47958.0,3,66.7,0.39,0.606,64.9,0.245,0.879,62.4,17.9,66.7,41.7,62.2,49.9,Moderate,moderate
BIZ00485,Nadig-Shroff,Textiles,3,7.0,0,0.696,242661.0,1.06,80971.0,2,72.2,0.266,0.614,62.0,0.423,0.807,73.0,38.2,72.2,43.0,58.7,62.0,Moderate,moderate
BIZ00486,Yogi-Bala,Construction Materials,4,3.0,0,0.471,68242.0,0.59,9717.0,4,66.8,0.407,0.145,48.0,0.69,0.946,39.8,0.0,66.8,26.8,30.6,33.2,At-Risk,at_risk
BIZ00487,Manda LLC,Construction Materials,2,8.8,1,0.806,368338.0,1.26,134004.0,1,95.8,0.103,0.886,73.3,0.101,0.581,86.4,64.9,95.8,53.3,80.8,77.9,Healthy,healthy
BIZ00488,Ramesh-Sengupta,Food & Beverage,6,4.4,0,0.942,397871.0,1.08,256874.0,0,92.2,0.132,0.855,71.1,0.173,0.58,95.9,81.5,92.2,39.3,77.6,84.6,Healthy,healthy
BIZ00489,"Kakar, Madan and Shan",Textiles,3,12.2,0,0.462,117869.0,0.86,40411.0,5,38.6,0.692,0.203,25.5,0.56,1.423,44.2,5.7,38.6,45.9,24.8,28.4,At-Risk,at_risk
BIZ00490,Vaidya Ltd,Retail Trade,15,12.2,0,0.217,13888.0,0.95,18169.0,8,46.0,0.564,0.259,53.4,0.549,0.981,16.6,0.0,46.0,49.7,39.0,30.6,At-Risk,at_risk
BIZ00491,Sandhu and Sons,Auto Services,5,9.1,1,0.729,233200.0,1.26,74886.0,1,75.8,0.369,0.595,38.6,0.245,0.75,74.4,45.2,75.8,46.2,53.9,64.0,Moderate,moderate
BIZ00492,"Sule, Viswanathan and Mahal",Manufacturing,3,6.5,1,0.774,316120.0,1.16,68084.0,1,77.2,0.347,0.468,58.4,0.33,0.612,84.2,40.9,77.2,39.1,56.1,64.3,Moderate,moderate
BIZ00493,Wadhwa PLC,Food & Beverage,4,10.7,0,0.934,476226.0,1.28,191258.0,1,89.1,0.15,0.864,75.6,0.2,0.469,95.4,80.6,89.1,57.6,80.0,85.1,Healthy,healthy
BIZ00494,Kapur PLC,Retail Trade,4,1.2,1,0.895,691544.0,1.11,71502.0,2,92.6,0.217,0.997,59.8,0.103,0.783,92.6,36.0,92.6,27.1,77.9,67.0,Moderate,healthy
BIZ00495,Murty PLC,IT/Services,6,13.3,0,0.715,195192.0,1.29,78872.0,1,75.2,0.128,0.524,57.0,0.267,0.599,69.5,47.1,75.2,66.1,59.0,61.6,Moderate,moderate
BIZ00496,"Kalita, Palla and Mittal",Construction Materials,15,5.7,0,0.932,526357.0,1.39,155312.0,1,91.8,0.145,0.797,77.3,0.234,0.494,95.2,74.5,91.8,42.8,77.3,77.4,Healthy,healthy
BIZ00497,Kala-Naidu,Manufacturing,10,12.3,1,0.659,186715.0,1.08,120137.0,0,72.0,0.376,0.55,42.7,0.478,0.754,64.8,61.6,72.0,55.6,49.1,62.6,Moderate,moderate
BIZ00498,Kadakia PLC,Construction Materials,8,15.0,0,0.841,608771.0,1.29,201178.0,0,91.2,0.158,0.775,73.8,0.096,0.466,88.8,85.9,91.2,70.3,78.3,80.9,Healthy,healthy
BIZ00499,"Konda, Kannan and Gade",Manufacturing,11,0.8,1,0.574,97242.0,1.04,10673.0,9,42.2,0.608,0.514,44.1,0.553,1.036,49.9,0.0,42.2,14.1,44.0,28.1,At-Risk,at_risk
BIZ00500,Pai-Pandey,Auto Services,4,12.2,0,0.319,86006.0,0.98,9931.0,4,53.0,0.516,0.237,31.1,0.434,1.254,30.9,3.0,53.0,51.1,30.5,31.8,At-Risk,at_risk
BIZ00501,Agate-Rao,Textiles,3,10.7,0,0.639,243349.0,1.0,94758.0,1,84.9,0.356,0.71,63.9,0.405,0.938,69.1,46.5,84.9,51.4,61.7,61.9,Moderate,moderate
BIZ00502,"Borah, Raja and Chandra",Food & Beverage,2,3.1,0,0.714,179598.0,1.0,72903.0,1,62.1,0.256,0.729,60.3,0.329,0.919,68.0,39.3,62.1,31.6,62.8,52.5,Moderate,moderate
BIZ00503,Tandon PLC,Auto Services,5,4.0,0,0.916,538864.0,1.16,209850.0,1,96.8,0.156,0.935,73.9,0.08,0.359,94.1,78.1,96.8,37.3,85.4,75.8,Healthy,healthy
BIZ00504,Sami Ltd,Retail Trade,10,11.5,0,0.44,89364.0,0.69,32124.0,2,39.3,0.503,0.346,57.1,0.65,1.045,39.7,14.6,39.3,49.4,40.7,35.4,At-Risk,at_risk
BIZ00505,Pathak-Ben,Auto Services,4,2.7,1,0.717,189738.0,1.12,38989.0,4,74.4,0.185,0.734,50.9,0.273,0.672,69.2,15.4,74.4,32.5,63.3,52.6,Moderate,moderate
BIZ00506,Mitra-Manne,Auto Services,3,14.6,0,0.922,702998.0,1.15,226457.0,0,96.8,0.169,0.877,73.4,0.155,0.614,94.5,82.9,96.8,68.7,79.1,84.5,Healthy,healthy
BIZ00507,"Grewal, Chaudhari and Sandhu",Auto Services,2,2.0,1,0.619,67608.0,1.1,28279.0,8,41.6,0.626,0.349,37.3,0.531,0.943,50.1,0.0,41.6,17.2,37.2,26.7,At-Risk,at_risk
BIZ00508,Parsa PLC,IT/Services,2,11.0,0,0.373,129149.0,0.93,23490.0,8,61.3,0.654,0.175,36.6,0.404,1.328,39.0,0.0,61.3,43.4,30.9,28.9,At-Risk,at_risk
BIZ00509,Chopra and Sons,Food & Beverage,1,10.6,0,0.316,38739.0,0.92,20009.0,5,34.3,0.611,0.423,35.0,0.47,0.913,26.0,0.0,34.3,43.5,40.5,26.2,At-Risk,at_risk
BIZ00510,"Balakrishnan, Sachdeva and Agate",Textiles,3,11.7,0,0.738,208865.0,1.14,65566.0,5,83.6,0.268,0.623,54.4,0.309,0.731,72.6,19.6,83.6,57.1,59.4,55.2,Moderate,moderate
BIZ00511,Gandhi-Mahal,Manufacturing,13,7.9,0,0.767,213402.0,1.02,38087.0,1,81.7,0.314,0.582,64.9,0.342,0.678,75.0,28.0,81.7,44.3,61.5,56.2,Moderate,moderate
BIZ00512,Om Group,Agri-processing,13,11.0,1,0.687,238841.0,1.04,57020.0,1,78.1,0.419,0.687,58.7,0.413,0.718,72.0,34.9,78.1,50.4,61.1,63.0,Moderate,moderate
BIZ00513,Patel-Dugar,Manufacturing,6,3.5,1,0.444,37879.0,1.1,42012.0,3,61.5,0.649,0.293,50.8,0.63,1.393,34.9,21.0,61.5,21.0,35.5,32.8,At-Risk,at_risk
BIZ00514,"Sehgal, Palan and Pingle",IT/Services,21,3.6,1,0.623,128456.0,0.63,41974.0,3,65.7,0.592,0.458,34.4,0.426,1.117,56.4,11.7,65.7,23.0,40.4,41.4,At-Risk,at_risk
BIZ00515,Rege-Balan,Construction Materials,3,2.1,1,0.88,720112.0,1.15,226275.0,0,92.1,0.21,0.905,66.3,0.059,0.504,91.6,83.0,92.1,30.0,80.7,83.3,Healthy,healthy
BIZ00516,Jaggi-Sarma,IT/Services,3,9.1,0,0.974,533374.0,1.22,154174.0,0,100.0,0.133,0.804,81.8,0.085,0.465,98.2,75.7,100.0,53.3,82.4,84.5,Healthy,healthy
BIZ00517,Manda Inc,Food & Beverage,7,11.7,1,0.847,270297.0,1.23,233077.0,0,98.4,0.151,0.93,73.8,0.019,0.604,86.3,84.5,98.4,60.6,84.0,85.4,Healthy,healthy
BIZ00518,"Parsa, Tara and Joshi",Manufacturing,17,3.9,0,0.311,135324.0,0.9,22019.0,3,71.8,0.531,0.31,35.7,0.775,0.994,35.3,10.3,71.8,25.8,29.9,32.5,At-Risk,at_risk
BIZ00519,Kade-Taneja,IT/Services,29,12.4,0,0.533,139864.0,0.92,10819.0,8,36.5,0.61,0.146,42.7,0.518,0.874,51.3,0.0,36.5,48.9,33.0,35.1,At-Risk,at_risk
BIZ00520,"Venkatesh, Iyengar and Comar",Manufacturing,3,10.4,1,1.0,367715.0,1.22,269805.0,0,93.7,0.149,0.861,58.4,0.139,0.576,100.0,84.3,93.7,56.7,74.0,84.6,Healthy,healthy
BIZ00521,Manda LLC,Textiles,4,9.3,0,0.704,362964.0,1.07,78414.0,0,69.8,0.322,0.726,60.0,0.222,0.61,79.3,47.6,69.8,48.2,67.9,64.9,Moderate,moderate
BIZ00522,"Ramaswamy, Brar and Shenoy",Auto Services,17,5.1,0,0.91,645725.0,1.27,176883.0,0,95.1,0.189,0.858,68.7,0.114,0.679,93.7,84.4,95.1,39.6,77.0,76.3,Healthy,healthy
BIZ00523,"Mannan, Aggarwal and Chokshi",Agri-processing,2,14.4,1,0.511,107000.0,1.03,19916.0,6,55.3,0.413,0.071,37.3,0.59,1.204,46.4,0.0,55.3,60.8,23.7,36.2,At-Risk,at_risk
BIZ00524,"Tata, Pal and Mistry",Manufacturing,9,9.2,1,0.444,113142.0,0.83,1000.0,6,63.2,0.737,0.449,23.9,0.351,0.862,42.4,0.0,63.2,35.5,40.4,36.6,At-Risk,at_risk
BIZ00525,"Chauhan, Mani and Sarraf",Food & Beverage,2,13.5,0,0.204,55595.0,0.88,24685.0,3,23.7,0.616,0.16,36.1,0.622,0.874,19.8,10.8,23.7,52.0,29.0,26.4,At-Risk,at_risk
BIZ00526,Khatri LLC,Auto Services,2,10.1,0,0.813,183813.0,1.09,86713.0,1,66.3,0.354,0.361,63.9,0.236,0.687,75.3,45.8,66.3,49.7,55.4,60.5,Moderate,moderate
BIZ00527,"Tailor, Vasa and Apte",Agri-processing,5,5.2,1,0.834,113321.0,1.05,60152.0,5,85.3,0.353,0.693,54.4,0.298,0.792,69.7,16.0,85.3,35.0,61.4,48.0,Moderate,moderate
BIZ00528,Sarin LLC,Agri-processing,10,14.4,1,0.855,509999.0,1.27,230219.0,1,95.5,0.125,0.906,59.6,0.13,0.569,89.8,80.5,95.5,69.5,76.3,88.6,Healthy,healthy
BIZ00529,Sastry-Ramanathan,Retail Trade,8,3.2,0,0.788,339372.0,1.3,190578.0,0,89.9,0.105,0.75,75.6,0.157,0.596,85.1,86.1,89.9,36.5,75.6,83.2,Healthy,healthy
BIZ00530,"Chacko, Dass and Mitra",Auto Services,2,10.3,0,0.454,200282.0,0.7,27871.0,4,28.3,0.547,0.392,27.9,0.416,1.17,51.8,3.2,28.3,44.5,35.5,29.9,At-Risk,at_risk
BIZ00531,Badal-Mannan,Manufacturing,2,2.7,1,0.485,146569.0,0.89,16874.0,7,40.0,0.625,0.358,46.7,0.619,0.988,48.6,0.0,40.0,19.3,38.6,33.1,At-Risk,at_risk
BIZ00532,Mahal LLC,Manufacturing,4,9.3,0,0.438,26596.0,1.0,32660.0,3,30.9,0.502,0.376,41.0,0.462,0.963,33.3,15.9,30.9,42.8,40.6,27.1,At-Risk,at_risk
BIZ00533,Ramesh-Mukherjee,Food & Beverage,8,8.0,0,0.62,96628.0,0.73,15091.0,7,55.5,0.353,0.269,37.9,0.39,0.796,53.0,0.0,55.5,43.4,38.9,34.4,At-Risk,at_risk
BIZ00534,Cherian Inc,Food & Beverage,17,7.3,0,0.727,390651.0,0.89,36716.0,0,88.7,0.306,0.604,52.9,0.239,0.695,80.9,30.0,88.7,42.7,59.9,61.3,Moderate,moderate
BIZ00535,Bhatnagar Group,Agri-processing,1,8.3,0,0.297,139805.0,1.08,1000.0,4,61.5,0.483,0.537,27.8,0.488,1.249,34.7,2.0,61.5,40.4,38.8,38.9,At-Risk,at_risk
BIZ00536,Chhabra Inc,Auto Services,7,4.1,0,0.596,73442.0,0.97,26688.0,2,61.5,0.344,0.457,40.6,0.417,0.9,49.1,18.3,61.5,32.0,44.8,40.0,At-Risk,at_risk
BIZ00537,Gera LLC,Auto Services,5,13.6,1,0.391,156531.0,1.01,42409.0,3,54.2,0.539,0.652,37.5,0.268,1.17,43.0,19.3,54.2,54.6,50.9,44.1,At-Risk,at_risk
BIZ00538,Bora-Ghosh,Retail Trade,5,6.1,0,0.793,779413.0,1.09,160891.0,0,96.2,0.136,0.803,74.0,0.155,0.589,85.5,75.5,96.2,44.2,77.0,74.6,Healthy,healthy
BIZ00539,Kapur PLC,Textiles,12,6.6,1,0.877,217648.0,0.98,47795.0,1,76.4,0.184,0.658,61.4,0.254,0.869,83.1,30.6,76.4,44.3,62.7,56.8,Moderate,moderate
BIZ00540,"Shroff, Lal and Sani",Retail Trade,19,14.9,0,0.846,274096.0,1.2,218653.0,1,90.1,0.152,0.812,57.6,0.101,0.627,86.6,79.1,90.1,70.2,72.3,78.2,Healthy,healthy
BIZ00541,Nayak LLC,Auto Services,1,10.9,0,0.484,151171.0,0.49,16796.0,6,49.6,0.462,0.37,34.7,0.441,1.225,49.0,0.0,49.6,48.9,36.3,34.5,At-Risk,at_risk
BIZ00542,Rastogi LLC,IT/Services,11,3.0,0,0.723,389805.0,0.87,73327.0,3,88.9,0.317,0.464,66.7,0.214,0.666,80.6,26.8,88.9,29.5,60.6,59.5,Moderate,moderate
BIZ00543,Narain Ltd,IT/Services,5,9.3,0,1.0,610200.0,1.04,127986.0,1,93.5,0.182,0.825,62.8,0.14,0.724,100.0,58.5,93.5,52.4,72.8,77.3,Healthy,healthy
BIZ00544,"Chadha, Sen and Bhargava",Manufacturing,8,3.7,0,0.819,120599.0,1.1,63323.0,1,61.5,0.331,0.629,66.9,0.423,0.586,69.4,38.1,61.5,31.2,63.1,53.2,Moderate,moderate
BIZ00545,Dani-Dass,Retail Trade,13,5.2,1,0.95,225507.0,1.04,83590.0,4,79.0,0.139,0.628,48.8,0.364,0.476,89.1,28.7,79.0,41.4,59.0,64.7,Moderate,moderate
BIZ00546,"Reddy, Thaker and Bala",Textiles,11,5.7,0,0.83,510912.0,1.16,44406.0,0,93.5,0.26,0.934,74.4,0.1,0.492,88.1,38.0,93.5,39.3,83.8,72.9,Healthy,healthy
BIZ00547,Srinivas-Gala,Food & Beverage,7,6.7,0,0.926,452851.0,1.3,111937.0,0,96.5,0.142,0.819,60.3,0.053,0.484,94.8,63.3,96.5,45.8,75.9,74.1,Healthy,healthy
BIZ00548,"Talwar, Srinivas and Nazareth",IT/Services,1,12.3,0,0.66,118938.0,1.35,55480.0,1,72.8,0.31,0.657,30.8,0.293,0.612,58.1,40.5,72.8,57.6,53.8,56.9,Moderate,moderate
BIZ00549,Som PLC,Retail Trade,3,9.2,1,0.684,116581.0,1.28,26875.0,3,77.3,0.353,0.567,63.8,0.284,0.741,59.6,19.5,77.3,47.0,61.1,47.8,Moderate,moderate
BIZ00550,Oak Inc,Textiles,1,13.2,0,0.491,30143.0,0.76,24031.0,5,66.2,0.732,0.317,27.6,0.418,1.369,37.4,0.0,66.2,47.6,32.4,37.3,At-Risk,at_risk
BIZ00551,Sarraf and Sons,IT/Services,7,14.5,0,0.664,299124.0,1.06,25710.0,1,82.5,0.345,0.646,54.4,0.264,0.679,76.4,24.8,82.5,63.2,61.6,61.8,Moderate,moderate
BIZ00552,Savant-Rattan,Retail Trade,7,14.7,0,0.734,84226.0,0.7,35457.0,9,76.2,0.481,0.322,53.1,0.482,0.985,59.8,0.0,76.2,59.7,42.4,41.3,At-Risk,at_risk
BIZ00553,Sabharwal-Mody,Manufacturing,10,0.7,1,0.607,186813.0,0.96,99941.0,2,76.4,0.25,0.431,51.9,0.294,0.861,61.2,42.4,76.4,24.6,50.8,52.7,Moderate,moderate
BIZ00554,Talwar PLC,Retail Trade,3,8.2,1,0.791,324535.0,1.03,24828.0,4,81.7,0.286,0.42,65.6,0.393,0.752,85.4,8.8,81.7,46.0,54.3,50.1,Moderate,moderate
BIZ00555,"Sampath, Raja and Sharma",IT/Services,16,9.7,1,0.581,107649.0,0.82,31861.0,3,45.2,0.675,0.194,55.1,0.5,1.533,51.4,12.0,45.2,38.9,36.1,34.2,At-Risk,at_risk
BIZ00556,Khalsa PLC,Agri-processing,8,11.2,1,0.617,230652.0,1.1,74120.0,3,84.5,0.33,0.638,57.1,0.281,0.68,66.3,31.6,84.5,53.7,61.9,56.5,Moderate,moderate
BIZ00557,Ahuja Group,Manufacturing,5,5.2,1,0.798,344893.0,1.45,159886.0,0,100.0,0.201,0.883,62.3,0.092,0.524,85.9,82.3,100.0,39.6,77.6,80.4,Healthy,healthy
BIZ00558,Sura-Barad,Agri-processing,11,15.0,0,0.902,464852.0,1.17,145991.0,0,97.2,0.135,0.83,71.5,0.131,0.712,93.1,72.1,97.2,70.9,76.4,87.3,Healthy,healthy
BIZ00559,"Gaba, Samra and Arya",Food & Beverage,7,8.2,0,0.193,130990.0,0.69,8952.0,6,28.6,0.615,0.517,28.8,0.377,1.0,26.6,0.0,28.6,36.2,42.6,24.9,At-Risk,at_risk
BIZ00560,Malhotra Group,Manufacturing,4,4.9,1,0.56,286647.0,1.16,30671.0,2,87.5,0.331,0.417,56.7,0.211,0.833,67.9,23.5,87.5,34.8,53.9,61.4,Moderate,moderate
BIZ00561,"Hora, Subramanian and Agrawal",Retail Trade,10,14.0,1,0.632,270562.0,1.08,1967.0,0,75.2,0.297,0.72,69.5,0.127,0.87,71.3,22.3,75.2,63.1,70.3,62.0,Moderate,moderate
BIZ00562,"Narula, Merchant and Bahri",Construction Materials,3,2.1,1,0.812,462872.0,1.26,270794.0,0,97.1,0.171,0.868,90.8,0.167,0.458,86.8,85.1,97.1,31.2,86.2,80.3,Healthy,healthy
BIZ00563,"Nath, Mishra and Som",Auto Services,7,1.3,1,0.983,662976.0,1.55,239351.0,0,95.9,0.146,0.954,84.4,0.051,0.604,98.8,91.1,95.9,29.5,87.9,84.5,Healthy,healthy
BIZ00564,"Chadha, Master and Randhawa",IT/Services,6,12.8,1,0.895,355750.0,1.22,281813.0,2,100.0,0.126,0.838,72.0,0.11,0.677,92.7,74.4,100.0,64.6,77.6,83.7,Healthy,healthy
BIZ00565,Boase-Gopal,Manufacturing,7,9.9,0,0.807,509083.0,1.4,178394.0,0,90.7,0.219,0.963,68.3,0.104,0.401,86.5,87.6,90.7,53.1,83.5,79.9,Healthy,healthy
BIZ00566,"Hora, Puri and Rai",Agri-processing,4,1.2,1,0.746,331819.0,1.02,101647.0,2,82.6,0.277,0.916,53.7,0.414,0.598,82.2,44.3,82.6,25.3,68.6,59.2,Moderate,moderate
BIZ00567,Salvi-Narain,IT/Services,1,4.7,1,0.878,304213.0,1.34,198366.0,0,94.1,0.193,0.886,70.1,0.067,0.445,91.5,86.7,94.1,38.3,81.8,82.3,Healthy,healthy
BIZ00568,"Rajagopal, Chandran and Dalal",IT/Services,9,9.5,1,0.763,271236.0,1.06,62729.0,1,82.7,0.239,0.61,47.1,0.225,0.665,80.5,37.1,82.7,51.3,58.7,61.7,Moderate,moderate
BIZ00569,"Dar, Wason and Rama",Retail Trade,16,3.9,1,0.615,41119.0,0.93,13326.0,3,47.6,0.515,0.27,27.6,0.458,1.347,47.1,8.1,47.6,26.2,30.0,30.4,At-Risk,at_risk
BIZ00570,Chad-Hans,Agri-processing,2,7.0,0,0.976,448540.0,1.15,118545.0,1,89.2,0.185,0.722,70.1,0.173,0.613,98.3,57.6,89.2,45.4,72.2,75.8,Healthy,healthy
BIZ00571,Nath-Babu,Auto Services,5,6.1,1,0.76,239503.0,1.2,42142.0,2,70.0,0.231,0.687,62.2,0.387,0.735,77.1,28.1,70.0,41.4,62.7,51.2,Moderate,moderate
BIZ00572,"Saini, Chatterjee and Jha",Auto Services,1,9.5,1,0.305,102743.0,0.91,32100.0,1,46.8,0.456,0.632,50.9,0.498,1.065,31.6,23.9,46.8,44.8,51.3,38.5,At-Risk,at_risk
BIZ00573,Roy-Dhillon,Auto Services,8,1.7,1,0.776,111391.0,1.24,240508.0,0,99.2,0.119,0.743,77.6,0.124,0.589,65.5,84.7,99.2,31.5,76.8,78.8,Healthy,healthy
BIZ00574,Rao LLC,Retail Trade,3,14.8,0,0.718,176155.0,0.78,44737.0,2,64.9,0.255,0.591,63.6,0.243,0.842,67.9,20.6,64.9,66.7,61.7,55.5,Moderate,moderate
BIZ00575,"Naidu, Tripathi and Zachariah",Auto Services,4,10.4,0,0.528,85742.0,0.85,11121.0,4,23.6,0.73,0.196,33.7,0.331,1.256,45.5,0.7,23.6,39.3,32.1,28.3,At-Risk,at_risk
BIZ00576,"Mall, Dhar and Lanka",Construction Materials,4,9.1,0,0.534,70264.0,0.67,12175.0,7,31.4,0.373,0.385,35.7,0.233,0.927,44.4,0.0,31.4,46.1,44.1,36.3,At-Risk,at_risk
BIZ00577,Bose Group,Food & Beverage,2,4.6,1,0.912,552836.0,1.25,297503.0,0,91.3,0.248,0.844,63.8,0.161,0.498,93.8,85.0,91.3,36.4,75.7,79.8,Healthy,healthy
BIZ00578,Koshy-Devi,Agri-processing,16,9.1,0,0.509,5000.0,1.21,16484.0,3,51.3,0.572,0.468,42.3,0.505,1.119,36.2,14.8,51.3,40.1,41.9,30.0,At-Risk,at_risk
BIZ00579,"Mallick, Memon and Misra",Textiles,6,14.6,0,0.732,247141.0,1.02,23145.0,1,63.5,0.338,0.67,61.4,0.328,0.716,75.9,23.1,63.5,63.7,63.2,58.7,Moderate,moderate
BIZ00580,Korpal Inc,Auto Services,16,12.1,0,0.91,538224.0,1.14,181936.0,0,90.4,0.239,0.746,55.1,0.182,0.404,93.7,82.9,90.4,59.1,69.7,80.4,Healthy,healthy
BIZ00581,Roy Inc,Agri-processing,18,4.6,0,0.661,312701.0,1.26,120514.0,4,65.3,0.387,0.577,67.3,0.408,0.688,76.3,45.3,65.3,32.2,60.7,56.9,Moderate,moderate
BIZ00582,Luthra-Subramaniam,Auto Services,4,7.6,1,0.415,67257.0,0.7,5088.0,4,58.9,0.751,0.289,37.8,0.367,0.709,35.8,0.0,58.9,30.3,40.9,30.9,At-Risk,at_risk
BIZ00583,"Prasad, Ram and Sengupta",Agri-processing,13,10.3,0,0.739,353696.0,0.81,72942.0,2,82.3,0.375,0.468,56.9,0.204,0.463,81.7,30.4,82.3,49.6,59.6,60.4,Moderate,moderate
BIZ00584,Sachar-Kale,Textiles,17,8.0,0,0.946,214165.0,1.2,203397.0,0,94.3,0.116,0.844,77.0,0.049,0.52,87.6,84.1,94.3,50.5,82.3,87.5,Healthy,healthy
BIZ00585,Raju-Pal,Food & Beverage,1,11.3,0,0.741,133881.0,1.09,53424.0,3,76.2,0.17,0.639,50.2,0.159,0.885,65.2,24.5,76.2,58.8,59.9,55.4,Moderate,moderate
BIZ00586,Sood-Grewal,Retail Trade,9,14.2,1,0.835,381039.0,1.2,185761.0,0,94.8,0.007,0.873,73.2,0.072,0.511,88.5,84.0,94.8,72.4,81.6,89.2,Healthy,healthy
BIZ00587,"Din, Wagle and Konda",IT/Services,5,3.8,0,0.94,469605.0,1.24,110318.0,0,92.6,0.11,0.847,78.7,0.19,0.391,95.8,61.5,92.6,38.1,81.5,76.9,Healthy,healthy
BIZ00588,"Rattan, Mall and Sodhi",Retail Trade,3,12.5,1,0.935,391679.0,1.35,194005.0,0,91.5,0.166,0.83,65.1,0.155,0.53,95.5,86.9,91.5,62.5,75.4,83.4,Healthy,healthy
BIZ00589,"Kapur, Agate and Bal",Food & Beverage,3,14.3,1,0.966,448269.0,1.11,212431.0,1,96.5,0.108,0.814,71.7,0.177,0.615,97.6,77.2,96.5,69.7,75.9,77.9,Healthy,healthy
BIZ00590,Koshy-Mani,Manufacturing,10,14.1,0,0.937,659552.0,1.3,121697.0,0,90.4,0.156,0.899,78.9,0.174,0.466,95.6,66.6,90.4,67.6,83.0,78.7,Healthy,healthy
BIZ00591,Mitter-Purohit,Textiles,2,11.3,0,0.928,613734.0,1.29,79962.0,1,99.8,0.233,0.675,75.6,0.107,0.308,95.0,47.5,99.8,56.9,76.9,72.3,Healthy,healthy
BIZ00592,Subramaniam Ltd,Retail Trade,1,7.6,0,0.764,214027.0,1.04,116585.0,1,62.1,0.13,0.512,62.1,0.216,0.797,74.9,54.7,62.1,48.9,59.4,61.4,Moderate,moderate
BIZ00593,Narayan-Murty,Retail Trade,3,14.7,0,0.943,408439.0,1.24,226333.0,0,96.1,0.191,0.86,68.9,0.054,0.437,96.0,84.8,96.1,68.4,80.8,87.8,Healthy,healthy
BIZ00594,Sheth-Wagle,Textiles,1,4.8,0,0.94,501412.0,1.34,243906.0,0,96.4,0.142,1.0,66.5,0.171,0.634,95.8,86.8,96.4,40.1,80.5,84.0,Healthy,healthy
BIZ00595,"Chand, Chakrabarti and Misra",Food & Beverage,3,4.3,1,0.405,31880.0,0.81,43233.0,4,49.4,0.545,0.25,50.0,0.346,1.147,31.6,10.6,49.4,26.6,39.8,31.3,At-Risk,at_risk
BIZ00596,Chhabra-Varughese,Agri-processing,11,14.5,1,0.85,287724.0,0.98,102678.0,1,78.1,0.288,0.664,67.4,0.296,0.95,88.3,48.8,78.1,64.9,63.5,68.6,Moderate,moderate
BIZ00597,Kashyap-Kohli,Textiles,2,3.6,1,0.598,331514.0,0.96,33598.0,2,89.5,0.227,0.672,47.2,0.369,0.706,71.9,20.3,89.5,34.0,57.6,57.2,Moderate,moderate
BIZ00598,Sinha-Narayanan,Agri-processing,4,2.7,1,0.99,376702.0,1.21,139831.0,1,91.0,0.235,0.682,68.3,0.131,0.72,99.3,65.8,91.0,31.0,70.0,71.2,Healthy,healthy
BIZ00599,Mistry Ltd,Manufacturing,7,9.0,0,0.939,272720.0,1.42,248250.0,0,92.8,0.216,0.948,78.4,0.063,0.714,93.0,88.4,92.8,50.5,84.2,82.7,Healthy,healthy
BIZ00600,Sibal PLC,IT/Services,7,2.1,1,0.871,552918.0,1.15,158402.0,0,94.7,0.143,0.84,62.9,0.109,0.658,91.0,75.9,94.7,32.0,74.7,76.6,Healthy,healthy
BIZ00601,Din-Sheth,Manufacturing,12,13.7,0,0.939,220963.0,1.38,218629.0,2,89.8,0.243,0.894,64.7,0.149,0.56,87.8,77.6,89.8,63.8,77.3,86.0,Healthy,healthy
BIZ00602,"Gour, Ramesh and Seth",IT/Services,4,5.6,1,0.793,601068.0,1.44,160376.0,1,99.9,0.2,0.824,59.0,0.064,0.557,85.5,77.3,99.9,40.8,74.7,76.0,Healthy,healthy
BIZ00603,Wable and Sons,IT/Services,7,14.0,1,0.986,617852.0,1.08,232918.0,0,88.4,0.191,0.884,69.1,0.224,0.504,99.0,81.5,88.4,66.3,77.6,85.0,Healthy,healthy
BIZ00604,Badal-Goda,Manufacturing,5,8.0,0,0.929,499473.0,1.24,189806.0,0,94.9,0.108,0.84,63.5,0.181,0.724,95.1,84.8,94.9,50.8,72.8,81.4,Healthy,healthy
BIZ00605,Sur and Sons,Textiles,3,9.6,1,0.951,309038.0,1.11,190810.0,0,86.4,0.207,0.876,63.4,0.214,0.574,96.5,82.2,86.4,52.6,74.8,80.9,Healthy,healthy
BIZ00606,"Dhaliwal, Cheema and Bajwa",Manufacturing,9,11.2,1,0.8,157342.0,1.12,17007.0,1,65.2,0.352,0.387,61.4,0.189,0.588,71.7,23.0,65.2,53.0,57.4,53.5,Moderate,moderate
BIZ00607,Dara Inc,Agri-processing,5,8.0,1,0.811,417881.0,1.5,177671.0,0,90.1,0.138,0.842,74.5,0.069,0.512,86.8,89.1,90.1,49.9,81.1,79.6,Healthy,healthy
BIZ00608,Murthy-Cheema,Food & Beverage,4,10.7,0,0.968,5000.0,1.46,252449.0,0,93.6,0.174,0.952,74.7,0.061,0.518,68.3,89.3,93.6,56.9,85.1,81.4,Healthy,healthy
BIZ00609,Krishnan-Merchant,Food & Beverage,9,10.2,0,0.804,328285.0,1.24,41001.0,3,67.9,0.291,0.623,55.7,0.285,0.613,86.2,23.4,67.9,51.9,61.5,57.9,Moderate,moderate
BIZ00610,Deshpande-Contractor,Manufacturing,7,6.8,0,0.627,387116.0,1.05,48361.0,1,81.3,0.394,0.453,83.0,0.302,0.798,73.9,32.1,81.3,38.6,62.9,59.5,Moderate,moderate
BIZ00611,"Salvi, Doctor and Maharaj",Textiles,9,4.4,0,0.832,461386.0,1.55,240459.0,1,98.6,0.165,0.901,79.8,0.176,0.662,88.3,86.0,98.6,38.3,81.3,78.1,Healthy,healthy
BIZ00612,Cheema and Sons,Auto Services,14,3.5,0,0.469,94073.0,0.65,18475.0,6,41.2,0.734,0.29,54.0,0.531,1.129,42.2,0.0,41.2,18.5,39.1,26.7,At-Risk,at_risk
BIZ00613,Pal Group,Textiles,9,12.6,1,0.861,249690.0,0.98,55449.0,2,74.4,0.293,0.677,63.4,0.366,0.883,85.3,28.1,74.4,59.0,61.7,70.8,Healthy,moderate
BIZ00614,"Sane, Dutta and Kakar",Food & Beverage,9,8.8,0,0.985,603147.0,1.16,297698.0,0,91.1,0.219,0.937,78.2,0.214,0.551,98.9,83.2,91.1,49.8,82.4,84.9,Healthy,healthy
BIZ00615,"Bera, Chawla and Aggarwal",IT/Services,2,6.8,0,0.491,90711.0,0.98,21598.0,5,54.3,0.572,0.478,34.4,0.466,1.126,43.4,1.7,54.3,33.2,40.2,33.4,At-Risk,at_risk
BIZ00616,Bir-Sandal,Retail Trade,7,5.9,1,0.385,32103.0,0.86,24065.0,4,44.3,0.414,0.226,26.4,0.465,0.857,30.2,5.3,44.3,35.3,31.3,25.2,At-Risk,at_risk
BIZ00617,Gaba-Date,Agri-processing,1,4.3,0,0.877,443143.0,1.33,324044.0,1,97.4,0.139,0.842,83.1,0.094,0.652,91.4,81.6,97.4,38.7,82.2,81.2,Healthy,healthy
BIZ00618,Walia-Pingle,Food & Beverage,5,1.0,1,0.908,551350.0,1.13,152496.0,1,96.0,0.235,0.766,64.2,0.131,0.478,93.6,68.4,96.0,25.9,73.9,84.8,Healthy,healthy
BIZ00619,Sangha PLC,Agri-processing,9,14.8,1,0.317,135418.0,0.88,28438.0,3,51.5,0.485,0.535,32.3,0.51,0.891,35.7,12.1,51.5,59.9,42.9,35.7,At-Risk,at_risk
BIZ00620,"Vala, Hora and Brahmbhatt",Agri-processing,6,9.5,0,0.879,260007.0,1.02,45659.0,2,68.1,0.328,0.573,64.5,0.244,0.956,87.6,25.6,68.1,48.7,60.2,54.4,Moderate,moderate
BIZ00621,Chaudhari-Nath,Manufacturing,15,4.1,0,0.796,402600.0,1.25,110115.0,0,94.9,0.169,0.686,79.0,0.203,0.676,85.7,61.7,94.9,37.2,72.8,70.7,Healthy,healthy
BIZ00622,Seth-Mannan,IT/Services,5,14.8,0,0.936,407958.0,1.04,204724.0,2,92.8,0.231,0.949,72.4,0.106,0.554,95.5,70.9,92.8,67.5,82.9,80.5,Healthy,healthy
BIZ00623,Sastry PLC,Food & Beverage,5,10.9,1,0.858,363149.0,1.06,139058.0,0,87.8,0.23,0.909,73.1,0.185,0.622,90.1,67.6,87.8,55.8,79.5,74.9,Healthy,healthy
BIZ00624,Gola Group,Auto Services,14,8.1,1,0.801,212539.0,1.12,64322.0,3,70.7,0.21,0.598,45.1,0.328,0.746,77.3,28.9,70.7,48.0,54.7,60.4,Moderate,moderate
BIZ00625,Yogi-Palla,Auto Services,5,5.9,0,0.764,5000.0,0.93,142674.0,2,78.0,0.244,0.676,70.5,0.166,0.806,54.0,56.1,78.0,40.4,69.0,55.5,Moderate,moderate
BIZ00626,"Madan, Raghavan and Upadhyay",Auto Services,14,9.2,1,0.862,203986.0,1.31,49636.0,0,100.0,0.221,0.821,68.9,0.149,0.594,80.7,42.7,100.0,51.0,75.9,68.1,Moderate,healthy
BIZ00627,"Gopal, Chowdhury and Sarna",IT/Services,1,2.2,1,0.643,13998.0,1.1,88116.0,1,70.8,0.233,0.462,66.7,0.126,0.601,46.4,46.4,70.8,29.6,63.0,52.5,Moderate,moderate
BIZ00628,Prabhakar and Sons,Auto Services,8,5.5,0,0.721,250269.0,1.01,55595.0,1,55.9,0.232,0.525,70.1,0.215,0.772,75.5,33.6,55.9,39.5,62.9,54.5,Moderate,moderate
BIZ00629,Majumdar Inc,Food & Beverage,15,3.6,1,0.824,398618.0,1.2,142971.0,1,91.5,0.095,0.773,72.4,0.124,0.598,87.7,66.7,91.5,37.9,75.9,73.2,Healthy,healthy
BIZ00630,Devi PLC,Food & Beverage,6,10.6,0,0.881,524583.0,1.45,146469.0,0,92.8,0.219,0.948,69.7,0.186,0.259,91.7,77.7,92.8,55.2,83.3,78.0,Healthy,healthy
BIZ00631,"Pillay, Chaudhary and Toor",Agri-processing,2,5.1,1,0.785,384824.0,1.07,10351.0,1,66.2,0.256,0.509,43.9,0.275,0.969,85.0,19.8,66.2,37.6,50.0,49.3,Moderate,moderate
BIZ00632,Pandit and Sons,Auto Services,20,8.4,0,0.452,180278.0,0.92,29090.0,7,30.6,0.565,0.603,48.7,0.476,0.607,49.7,0.0,30.6,38.2,54.6,30.9,At-Risk,at_risk
BIZ00633,Khurana Ltd,Agri-processing,9,8.5,0,0.701,135154.0,1.06,63460.0,1,73.5,0.354,0.616,54.7,0.252,0.618,62.6,37.4,73.5,44.9,61.5,56.8,Moderate,moderate
BIZ00634,"Sahota, Chander and Dhar",Auto Services,9,2.4,1,0.62,175619.0,1.05,61375.0,3,61.1,0.303,0.585,51.9,0.286,0.673,61.0,26.5,61.1,28.1,58.2,48.0,Moderate,moderate
BIZ00635,Gara-Anand,IT/Services,1,1.5,1,0.914,442651.0,1.07,91648.0,0,97.8,0.126,1.0,84.1,0.063,0.574,94.0,51.9,97.8,30.7,89.4,77.0,Healthy,healthy
BIZ00636,Tak-Butala,Agri-processing,3,13.1,0,0.737,301707.0,1.01,109765.0,0,63.2,0.137,0.486,59.2,0.29,0.581,81.6,56.8,63.2,65.2,58.1,58.6,Moderate,moderate
BIZ00637,"Minhas, Sarin and Shetty",IT/Services,17,12.5,0,0.577,218318.0,1.03,72254.0,2,98.7,0.354,0.584,76.4,0.296,0.568,62.2,34.6,98.7,56.9,67.6,62.3,Moderate,moderate
BIZ00638,Sanghvi Ltd,Textiles,10,11.2,1,0.899,395149.0,1.03,306226.0,0,95.1,0.264,0.71,66.5,0.193,0.659,92.9,80.6,95.1,55.7,69.7,82.8,Healthy,healthy
BIZ00639,Banerjee Group,Food & Beverage,4,6.2,0,0.861,364074.0,1.45,212798.0,0,90.2,0.195,0.984,62.8,0.16,0.528,90.3,88.9,90.2,42.7,79.9,84.3,Healthy,healthy
BIZ00640,Kuruvilla-Oommen,Agri-processing,3,5.4,1,0.834,306311.0,1.1,162797.0,0,97.9,0.253,0.863,83.0,0.189,0.558,88.4,76.3,97.9,38.6,81.9,84.0,Healthy,healthy
BIZ00641,Oza-Chana,IT/Services,3,14.0,0,0.958,474314.0,1.43,260865.0,0,100.0,0.134,0.854,77.5,0.142,0.414,97.1,88.6,100.0,68.0,82.0,89.4,Healthy,healthy
BIZ00642,"Bhardwaj, Som and Sami",Agri-processing,5,3.3,0,0.901,620588.0,1.37,282615.0,1,90.0,0.19,0.968,79.3,0.125,0.523,93.1,82.5,90.0,34.2,85.9,76.9,Healthy,healthy
BIZ00643,Ratta-Chandran,Textiles,5,8.1,1,0.931,377387.0,1.22,177567.0,0,87.2,0.233,0.851,70.5,0.12,0.621,95.2,83.5,87.2,47.3,77.8,78.2,Healthy,healthy
BIZ00644,Badami-Singhal,Agri-processing,3,7.3,1,0.904,336648.0,1.09,166399.0,0,97.5,0.21,0.914,47.7,0.135,0.384,93.3,77.3,97.5,45.6,74.1,82.0,Healthy,healthy
BIZ00645,Randhawa Inc,Manufacturing,17,4.1,0,0.906,144300.0,1.38,283612.0,0,92.7,0.182,0.815,66.0,0.132,0.386,77.9,87.6,92.7,36.8,77.1,79.5,Healthy,healthy
BIZ00646,Rao-Jaggi,IT/Services,7,1.5,1,0.431,137420.0,0.84,37307.0,2,46.8,0.477,0.025,34.7,0.344,1.092,43.9,19.2,46.8,20.2,27.2,30.3,At-Risk,at_risk
BIZ00647,"Deol, Mital and Narayan",Auto Services,14,5.3,1,0.765,311284.0,1.08,22062.0,3,84.1,0.321,0.711,62.6,0.318,0.713,83.6,13.9,84.1,36.3,65.3,58.9,Moderate,moderate
BIZ00648,Bhakta Inc,IT/Services,12,8.6,0,0.772,131688.0,0.94,96275.0,2,72.7,0.445,0.677,65.0,0.351,0.8,67.2,41.0,72.7,42.4,63.4,57.8,Moderate,moderate
BIZ00649,Mandal-Saini,Food & Beverage,10,8.4,0,0.412,89123.0,0.78,33455.0,4,52.8,0.748,0.424,25.9,0.463,1.036,37.7,6.8,52.8,32.8,36.3,33.4,At-Risk,at_risk
BIZ00650,Kuruvilla-Thakkar,Retail Trade,13,4.4,0,0.726,210204.0,1.17,30701.0,1,78.7,0.332,0.748,62.4,0.235,0.471,71.8,28.7,78.7,33.2,70.6,55.7,Moderate,moderate
BIZ00651,Bath LLC,Manufacturing,13,10.6,1,0.935,305803.0,1.24,135429.0,0,92.9,0.257,0.933,89.5,0.175,0.535,95.5,70.0,92.9,54.1,87.1,80.3,Healthy,healthy
BIZ00652,Dewan Inc,Auto Services,3,2.0,1,0.64,249633.0,1.12,30081.0,0,75.3,0.381,0.586,54.5,0.266,0.664,69.7,32.4,75.3,24.6,59.6,52.1,Moderate,moderate
BIZ00653,Hans PLC,Agri-processing,23,14.0,1,0.636,233760.0,1.3,22283.0,1,76.8,0.272,0.464,57.6,0.291,0.767,67.9,28.5,76.8,63.8,54.9,53.9,Moderate,moderate
BIZ00654,Edwin Ltd,Construction Materials,5,13.3,1,0.859,68107.0,1.1,53101.0,2,79.6,0.28,0.686,61.1,0.291,0.677,66.9,29.7,79.6,61.5,64.8,57.5,Moderate,moderate
BIZ00655,Keer-Hora,Textiles,7,5.6,1,0.756,232803.0,1.13,42303.0,4,85.6,0.418,0.401,49.3,0.196,0.837,76.2,16.7,85.6,34.2,51.0,51.1,Moderate,moderate
BIZ00656,Nadkarni-Dalal,Retail Trade,5,14.3,1,1.0,456586.0,1.34,92945.0,0,91.3,0.084,0.677,83.7,0.025,0.544,100.0,57.7,91.3,70.4,79.1,81.2,Healthy,healthy
BIZ00657,"Doshi, Zacharia and Manne",IT/Services,1,15.0,0,0.933,531469.0,1.39,133851.0,0,89.1,0.191,0.894,57.6,0.076,0.482,95.3,72.3,89.1,69.3,77.1,84.0,Healthy,healthy
BIZ00658,"Sastry, Mann and Soni",Food & Beverage,12,1.6,1,0.842,328175.0,1.15,97491.0,0,100.0,0.213,0.667,79.1,0.117,0.411,88.9,55.5,100.0,28.4,76.5,75.8,Healthy,healthy
BIZ00659,Mody Ltd,Auto Services,4,8.4,1,0.707,251437.0,1.01,89245.0,1,67.7,0.271,0.688,52.9,0.186,0.958,74.6,44.9,67.7,47.1,61.3,59.6,Moderate,moderate
BIZ00660,Ramachandran-Hayer,Textiles,9,2.6,1,0.802,177558.0,1.14,76213.0,1,57.5,0.26,0.411,78.0,0.155,1.06,73.9,43.1,57.5,30.0,60.0,55.8,Moderate,moderate
BIZ00661,Raval-Sahota,Manufacturing,4,5.8,1,0.95,185136.0,1.39,85358.0,1,96.3,0.171,0.796,73.5,0.229,0.549,85.0,51.3,96.3,42.3,75.5,68.4,Moderate,healthy
BIZ00662,"Padmanabhan, Seth and Chaudhuri",IT/Services,4,3.9,1,0.637,49334.0,0.81,1000.0,10,52.9,0.621,0.377,50.4,0.349,1.266,49.5,0.0,52.9,23.1,43.9,33.6,At-Risk,at_risk
BIZ00663,Bhattacharyya Ltd,IT/Services,7,5.6,0,0.804,90139.0,1.07,33512.0,1,65.1,0.221,0.436,59.9,0.139,0.786,65.3,27.6,65.1,40.2,57.6,53.9,Moderate,moderate
BIZ00664,Mammen-Karpe,Retail Trade,3,11.5,0,0.942,571431.0,1.29,89811.0,0,91.2,0.179,0.891,77.3,0.132,0.74,96.0,55.8,91.2,59.1,80.2,76.4,Healthy,healthy
BIZ00665,"Prakash, Nayak and Khare",Textiles,1,5.4,1,0.897,442003.0,1.13,307286.0,0,90.6,0.2,0.762,73.3,0.132,0.784,92.8,82.6,90.6,40.2,73.8,73.8,Healthy,healthy
BIZ00666,Talwar and Sons,Textiles,31,1.7,1,0.891,616844.0,1.32,109950.0,0,91.7,0.179,0.958,75.5,0.16,0.603,92.4,63.0,91.7,29.7,82.7,74.7,Healthy,healthy
BIZ00667,Rastogi Inc,Textiles,5,10.8,0,0.987,241674.0,0.95,194743.0,0,87.0,0.202,0.838,60.8,0.117,0.699,93.3,79.0,87.0,56.3,73.3,78.8,Healthy,healthy
BIZ00668,"Ram, Tailor and Gill",Manufacturing,5,3.3,0,0.951,315095.0,1.1,110695.0,0,95.5,0.26,0.852,77.6,0.174,0.631,96.5,59.0,95.5,32.1,79.2,73.7,Healthy,healthy
BIZ00669,Roy-Suresh,Retail Trade,2,5.6,0,0.846,762769.0,1.28,133630.0,0,94.9,0.151,0.873,78.9,0.04,0.421,89.2,70.2,94.9,42.3,85.2,79.7,Healthy,healthy
BIZ00670,Dalal-Chaudhary,Agri-processing,6,13.0,1,1.0,505628.0,0.94,147432.0,0,91.6,0.089,0.953,56.4,0.05,0.55,100.0,68.0,91.6,66.3,78.6,85.4,Healthy,healthy
BIZ00671,"Mane, Sane and Dhillon",Retail Trade,6,13.8,0,0.864,647881.0,1.45,85060.0,1,90.9,0.186,0.91,89.1,0.127,0.538,90.5,52.3,90.9,65.8,87.1,73.4,Healthy,healthy
BIZ00672,Murty-Badal,Auto Services,1,9.3,1,0.658,122942.0,0.97,25052.0,4,51.4,0.389,0.044,22.7,0.435,1.278,58.3,7.8,51.4,46.2,20.8,33.8,At-Risk,at_risk
BIZ00673,"Golla, Kurian and Raval",IT/Services,17,5.8,0,0.92,223265.0,1.31,199669.0,0,99.3,0.111,0.734,73.9,0.091,0.638,86.7,86.3,99.3,44.1,75.4,80.1,Healthy,healthy
BIZ00674,"Wason, Randhawa and Dhar",IT/Services,7,2.4,1,0.772,302846.0,1.24,158357.0,0,80.4,0.34,0.57,53.7,0.257,0.814,84.0,77.5,80.4,27.0,57.5,70.6,Healthy,moderate
BIZ00675,Ganesh Group,IT/Services,24,10.6,0,0.888,207418.0,1.11,65357.0,2,72.1,0.228,0.775,54.1,0.131,0.718,82.9,34.1,72.1,55.0,68.3,64.6,Moderate,moderate
BIZ00676,Seth-Patla,Auto Services,10,3.7,0,0.397,42233.0,0.86,1000.0,5,40.9,0.498,0.125,68.8,0.613,1.159,32.0,0.0,40.9,26.2,36.6,21.7,At-Risk,at_risk
BIZ00677,Krishnan-Grover,Retail Trade,4,14.8,0,0.852,437598.0,1.25,175495.0,0,89.1,0.275,0.849,66.3,0.215,0.634,89.7,83.5,89.1,66.1,74.3,86.4,Healthy,healthy
BIZ00678,"Bedi, Pillai and Golla",Food & Beverage,5,12.1,1,0.938,352069.0,1.42,249644.0,0,100.0,0.202,0.813,61.5,0.101,0.625,95.7,88.4,100.0,60.2,73.7,91.6,Healthy,healthy
BIZ00679,Kapur Group,Manufacturing,9,8.2,1,0.478,124746.0,0.84,32701.0,6,27.0,0.543,0.238,47.3,0.352,1.126,45.9,0.0,27.0,38.3,38.6,31.0,At-Risk,at_risk
BIZ00680,Chahal Ltd,Textiles,5,13.5,1,0.539,108593.0,0.79,14068.0,1,37.1,0.642,0.162,50.2,0.505,1.042,48.6,15.5,37.1,51.2,34.7,34.4,At-Risk,at_risk
BIZ00681,"Modi, Ramachandran and Chopra",Auto Services,1,9.2,0,0.606,77597.0,0.68,18668.0,7,58.2,0.5,0.127,43.7,0.477,1.108,50.2,0.0,58.2,42.6,31.1,31.8,At-Risk,at_risk
BIZ00682,Sehgal-Kaul,Agri-processing,8,13.6,1,0.92,745237.0,1.22,152954.0,0,95.8,0.219,0.874,91.0,0.086,0.514,94.4,75.3,95.8,64.2,87.6,83.2,Healthy,healthy
BIZ00683,Uppal Group,IT/Services,6,2.1,1,0.943,440580.0,1.31,259283.0,0,94.4,0.167,0.971,80.2,0.142,0.519,96.0,86.3,94.4,31.3,86.0,85.5,Healthy,healthy
BIZ00684,Mammen-Kaur,Construction Materials,7,11.0,0,0.776,151652.0,1.06,1000.0,1,68.8,0.417,0.37,43.7,0.316,0.778,69.5,16.6,68.8,50.5,46.2,48.7,Moderate,moderate
BIZ00685,Tripathi Ltd,Auto Services,23,12.6,0,0.47,82210.0,1.12,2575.0,8,53.0,0.643,0.393,43.7,0.72,0.932,41.1,0.0,53.0,48.5,37.3,32.8,At-Risk,at_risk
BIZ00686,"Nadig, Keer and Chokshi",IT/Services,19,1.9,1,0.745,200855.0,1.08,90189.0,0,66.0,0.386,0.794,46.0,0.154,0.702,72.2,51.6,66.0,24.1,65.8,54.0,Moderate,moderate
BIZ00687,Ravel-Jayaraman,Retail Trade,2,8.5,1,0.735,257252.0,1.11,30576.0,2,84.8,0.443,0.547,62.4,0.237,0.639,77.1,22.5,84.8,42.2,61.9,62.2,Moderate,moderate
BIZ00688,Dass LLC,Auto Services,10,10.9,0,0.97,597930.0,1.3,203310.0,0,93.1,0.16,0.923,57.8,0.108,0.537,97.9,85.9,93.1,57.9,77.0,82.1,Healthy,healthy
BIZ00689,Dhaliwal-Dara,Retail Trade,13,10.5,0,0.307,147353.0,1.1,16686.0,2,23.3,0.678,0.678,56.4,0.167,1.019,36.3,17.5,23.3,41.2,61.9,31.8,At-Risk,at_risk
BIZ00690,"Kamdar, Sule and Bains",Manufacturing,1,12.8,0,0.9,383517.0,1.02,213127.0,0,88.9,0.122,0.887,69.7,0.007,0.745,93.0,80.4,88.9,64.8,79.9,76.9,Healthy,healthy
BIZ00691,"Bal, Tara and Bala",Food & Beverage,6,5.6,0,0.838,414566.0,1.18,120705.0,0,92.5,0.308,0.951,79.1,0.069,0.53,88.6,63.9,92.5,37.6,86.3,68.3,Moderate,healthy
BIZ00692,"Oza, Swamy and Prabhu",Food & Beverage,10,3.9,1,0.668,166686.0,1.01,57128.0,2,73.2,0.333,0.562,69.6,0.321,0.559,63.4,29.2,73.2,31.7,64.0,53.7,Moderate,moderate
BIZ00693,Varghese-Gara,Agri-processing,10,4.7,0,0.575,260116.0,1.05,68006.0,1,71.8,0.272,0.591,61.0,0.42,0.818,66.3,38.6,71.8,35.9,57.4,57.2,Moderate,moderate
BIZ00694,Chatterjee-Warrior,Auto Services,14,2.6,1,0.919,201184.0,1.36,113269.0,0,92.7,0.141,0.81,68.4,0.15,0.62,84.5,65.0,92.7,33.6,75.1,81.0,Healthy,healthy
BIZ00695,"Keer, Kale and Johal",Textiles,2,10.9,0,0.866,354695.0,1.48,160679.0,0,97.4,0.099,0.918,60.2,0.1,0.54,90.6,83.1,97.4,59.7,77.8,85.8,Healthy,healthy
BIZ00696,Sami LLC,Agri-processing,5,12.6,1,0.756,132541.0,1.1,135551.0,2,76.7,0.454,0.417,73.6,0.286,0.809,66.2,57.1,76.7,54.2,58.5,68.1,Moderate,moderate
BIZ00697,Oommen-Hegde,Auto Services,10,14.5,0,0.945,314344.0,1.03,189507.0,0,97.4,0.159,1.0,80.0,0.101,0.369,96.1,80.6,97.4,68.7,89.3,83.0,Healthy,healthy
BIZ00698,"Wali, Vasa and Divan",Retail Trade,4,14.9,0,0.874,210751.0,1.03,41038.0,3,79.4,0.291,0.426,56.0,0.261,0.876,82.3,19.3,79.4,66.0,52.5,60.0,Moderate,moderate
BIZ00699,Pillai LLC,Agri-processing,1,2.7,1,0.845,272229.0,1.28,232340.0,0,89.7,0.15,0.969,80.8,0.096,0.657,86.4,85.6,89.7,33.6,85.7,77.7,Healthy,healthy
BIZ00700,"Dara, Peri and Dubey",Manufacturing,5,1.6,1,0.715,211305.0,1.03,84695.0,2,75.6,0.295,0.579,42.1,0.309,0.828,71.2,38.8,75.6,25.9,52.6,55.9,Moderate,moderate
BIZ00701,Chandra PLC,Auto Services,21,14.3,0,0.707,231018.0,1.18,106253.0,1,66.7,0.328,0.456,72.2,0.436,0.772,72.6,54.0,66.7,63.1,56.8,60.0,Moderate,moderate
BIZ00702,Raja LLC,Retail Trade,3,12.1,1,0.967,400016.0,1.08,138022.0,2,89.3,0.171,0.92,63.9,0.082,0.601,97.7,57.7,89.3,61.2,79.0,80.5,Healthy,healthy
BIZ00703,Khanna-Chakraborty,IT/Services,5,8.5,0,0.914,314994.0,1.35,206401.0,0,90.0,0.178,0.915,74.7,0.085,0.468,94.0,87.0,90.0,50.2,83.8,82.0,Healthy,healthy
BIZ00704,Bir-De,Retail Trade,6,13.5,0,0.841,305779.0,1.24,221266.0,0,98.0,0.279,1.0,77.6,0.036,0.37,88.9,84.8,98.0,62.1,89.7,84.2,Healthy,healthy
BIZ00705,Luthra Group,IT/Services,17,9.9,0,0.879,520356.0,1.42,153855.0,0,88.2,0.087,0.909,65.1,0.084,0.581,91.5,79.6,88.2,57.1,79.1,84.5,Healthy,healthy
BIZ00706,"Manda, Pau and Mani",Construction Materials,1,2.8,1,0.743,5000.0,0.79,23064.0,5,35.6,0.572,0.393,40.2,0.503,1.006,52.5,0.0,35.6,21.2,39.7,29.7,At-Risk,at_risk
BIZ00707,Naik Group,Retail Trade,13,4.4,1,0.792,258910.0,1.28,92315.0,0,96.7,0.257,0.746,59.2,0.134,0.56,81.3,56.5,96.7,35.5,70.6,68.3,Moderate,healthy
BIZ00708,"Chanda, Saraf and Chopra",Agri-processing,8,5.2,0,0.518,36179.0,1.0,23387.0,5,74.2,0.434,0.205,12.9,0.673,1.337,39.8,2.7,74.2,32.6,18.2,30.1,At-Risk,at_risk
BIZ00709,Srivastava Ltd,Auto Services,12,6.3,0,0.801,660236.0,1.1,247628.0,0,90.7,0.252,0.961,80.6,0.203,0.37,86.1,82.0,90.7,41.3,86.1,75.6,Healthy,healthy
BIZ00710,"Sahota, Bhatia and Sahni",Agri-processing,20,6.0,0,0.782,237430.0,1.13,53632.0,0,78.9,0.216,0.616,44.0,0.353,0.821,78.5,40.4,78.9,41.5,53.7,61.4,Moderate,moderate
BIZ00711,"Saraf, Lata and Thakur",Auto Services,20,14.7,0,0.62,48567.0,0.91,24947.0,4,59.7,0.701,0.477,53.6,0.354,0.985,48.3,6.6,59.7,53.1,50.5,40.4,At-Risk,at_risk
BIZ00712,Chadha-Karnik,Construction Materials,2,13.8,1,0.575,154576.0,0.98,1000.0,1,75.7,0.395,0.628,60.4,0.293,0.666,55.7,14.9,75.7,59.5,62.6,49.3,Moderate,moderate
BIZ00713,"Dhar, Grewal and Roy",Textiles,9,4.8,0,0.779,75669.0,1.15,78248.0,1,78.2,0.186,0.498,57.8,0.306,0.664,62.1,44.1,78.2,38.8,56.9,58.2,Moderate,moderate
BIZ00714,Nagarajan-Dubey,Manufacturing,6,1.3,1,0.767,57499.0,1.17,57692.0,2,83.1,0.317,0.578,45.5,0.343,0.672,59.4,32.6,83.1,24.4,54.6,51.2,Moderate,moderate
BIZ00715,Morar Group,Auto Services,2,3.5,0,0.809,428410.0,1.28,119557.0,0,93.2,0.184,0.791,75.0,0.203,0.477,86.6,65.5,93.2,35.0,77.1,69.7,Moderate,healthy
BIZ00716,Pradhan-Krish,Manufacturing,12,6.5,0,0.296,107243.0,0.84,34160.0,5,53.6,0.663,0.299,53.6,0.321,1.224,31.5,3.3,53.6,29.6,42.8,32.4,At-Risk,at_risk
BIZ00717,Oommen and Sons,Retail Trade,7,6.4,0,0.48,117564.0,0.74,16087.0,3,43.5,0.684,0.382,45.5,0.751,0.846,45.3,5.1,43.5,28.7,37.8,33.4,At-Risk,at_risk
BIZ00718,Om-Vyas,IT/Services,6,10.4,0,0.305,53761.0,0.92,7757.0,7,65.2,0.645,0.418,26.2,0.543,0.892,26.7,0.0,65.2,41.9,36.0,27.6,At-Risk,at_risk
BIZ00719,"Dey, Halder and Karan",Food & Beverage,6,11.4,0,0.906,427920.0,1.29,249284.0,1,93.2,0.21,0.804,80.6,0.086,0.596,93.4,80.8,93.2,57.9,80.7,78.5,Healthy,healthy
BIZ00720,"Dash, Dewan and Parikh",Construction Materials,6,2.9,1,0.591,137209.0,1.03,43400.0,1,80.2,0.293,0.729,48.0,0.18,0.981,55.1,30.1,80.2,29.9,60.9,49.0,Moderate,moderate
BIZ00721,Baral-Sethi,Textiles,1,8.8,1,0.736,159385.0,0.83,1000.0,4,32.5,0.532,0.291,38.1,0.402,0.768,67.4,0.0,32.5,40.4,39.8,35.5,At-Risk,at_risk
BIZ00722,"Talwar, Trivedi and Shukla",Agri-processing,9,2.1,1,0.813,605491.0,1.2,111031.0,0,88.6,0.256,0.976,75.5,0.118,0.506,86.9,61.1,88.6,28.6,85.1,72.6,Healthy,healthy
BIZ00723,"Vig, Hora and Lall",IT/Services,18,8.1,0,0.779,497106.0,1.1,183738.0,0,96.1,0.192,0.853,73.5,0.05,0.555,84.6,82.0,96.1,48.5,81.0,81.7,Healthy,healthy
BIZ00724,"Gulati, Lall and Das",Food & Beverage,3,14.9,1,0.641,170608.0,1.08,83695.0,0,90.4,0.324,0.84,63.2,0.244,0.888,61.9,49.6,90.4,65.0,69.8,65.4,Moderate,moderate
BIZ00725,"Dhar, Sanghvi and Dhaliwal",Retail Trade,8,9.6,0,0.745,412844.0,0.86,113363.0,2,69.9,0.263,0.434,53.9,0.182,0.817,82.1,45.0,69.9,50.9,54.3,61.2,Moderate,moderate
BIZ00726,Dash-Kant,Agri-processing,1,8.1,1,0.491,55815.0,0.7,11636.0,3,43.3,0.704,0.294,51.1,0.443,1.544,40.0,2.8,43.3,33.2,39.3,31.6,At-Risk,at_risk
BIZ00727,"Nigam, Kala and Bajaj",Food & Beverage,19,3.8,0,0.982,390227.0,1.3,159381.0,1,100.0,0.157,0.963,74.2,0.091,0.499,98.7,74.0,100.0,36.7,84.9,82.8,Healthy,healthy
BIZ00728,Butala Ltd,Auto Services,5,6.2,0,0.484,139469.0,0.83,18180.0,1,39.0,0.602,0.352,50.8,0.411,0.968,47.8,17.7,39.0,30.5,44.2,37.8,At-Risk,at_risk
BIZ00729,Peri Ltd,Construction Materials,8,10.4,0,0.959,553790.0,1.45,183329.0,0,95.5,0.161,0.906,72.3,0.098,0.573,97.1,89.1,95.5,56.4,81.3,87.5,Healthy,healthy
BIZ00730,"Wadhwa, Tailor and Rajagopal",Food & Beverage,1,8.4,0,0.842,622170.0,1.16,210543.0,0,99.0,0.236,1.0,70.2,0.199,0.601,88.9,83.2,99.0,48.1,81.6,82.5,Healthy,healthy
BIZ00731,"Kanda, Verma and Biswas",Agri-processing,8,11.1,0,0.819,620356.0,1.24,226664.0,0,100.0,0.14,0.847,79.9,0.151,0.419,87.4,84.8,100.0,59.1,82.4,83.9,Healthy,healthy
BIZ00732,Balan Inc,Textiles,16,8.2,0,0.595,103385.0,0.85,28226.0,8,39.7,0.612,0.367,54.7,0.466,0.8,52.0,0.0,39.7,36.2,46.6,36.5,At-Risk,at_risk
BIZ00733,Ravel-Wable,Auto Services,17,2.7,1,0.706,379137.0,1.14,106428.0,1,68.7,0.411,0.679,68.6,0.13,0.883,79.4,53.4,68.7,25.8,68.3,63.0,Moderate,moderate
BIZ00734,Soni-Raja,Retail Trade,2,8.5,0,0.776,243035.0,0.84,46697.0,1,75.0,0.256,0.915,56.3,0.384,0.562,78.7,27.4,75.0,47.8,70.4,57.7,Moderate,moderate
BIZ00735,Bhatti LLC,Auto Services,7,1.9,1,0.807,556157.0,1.19,167470.0,0,100.0,0.19,0.895,67.6,0.273,0.458,86.5,79.6,100.0,30.0,77.0,76.1,Healthy,healthy
BIZ00736,Khurana and Sons,Food & Beverage,13,1.5,1,0.619,141312.0,0.81,27214.0,1,40.9,0.528,0.501,41.1,0.496,0.79,57.4,20.4,40.9,18.7,46.1,36.4,At-Risk,at_risk
BIZ00737,Oza LLC,Agri-processing,5,1.6,1,0.918,386227.0,1.33,162249.0,0,92.8,0.2,0.814,73.6,0.088,0.451,94.3,80.7,92.8,28.8,80.0,76.5,Healthy,healthy
BIZ00738,"Bhagat, Dara and Taneja",Auto Services,5,10.1,0,0.578,72210.0,0.85,18787.0,4,20.1,0.486,0.227,20.4,0.659,0.805,47.7,3.4,20.1,45.7,25.8,25.7,At-Risk,at_risk
BIZ00739,Parikh Ltd,Construction Materials,12,1.5,1,0.758,72195.0,1.08,110261.0,2,87.7,0.236,0.65,73.0,0.215,0.861,60.3,48.4,87.7,27.4,67.4,61.7,Moderate,moderate
BIZ00740,"Banik, Contractor and Agate",Manufacturing,1,3.8,0,0.886,451670.0,1.33,231374.0,0,93.2,0.15,0.818,68.1,0.017,0.478,92.0,86.6,93.2,36.9,79.3,79.0,Healthy,healthy
BIZ00741,Majumdar Ltd,Auto Services,5,8.8,1,0.669,221945.0,0.97,88361.0,3,75.2,0.397,0.524,52.9,0.201,0.694,69.0,33.8,75.2,44.5,57.9,59.0,Moderate,moderate
BIZ00742,Narayan-Balay,Construction Materials,3,7.1,1,0.934,395364.0,1.51,186972.0,0,92.6,0.067,0.865,70.8,0.109,0.487,95.4,90.3,92.6,49.3,80.0,85.0,Healthy,healthy
BIZ00743,Dar Ltd,Construction Materials,7,12.9,0,0.664,238100.0,1.28,69229.0,2,83.9,0.235,0.669,45.0,0.313,0.759,70.3,38.7,83.9,61.6,57.3,71.8,Healthy,moderate
BIZ00744,Kannan Inc,Textiles,11,4.0,0,0.743,154805.0,0.98,105215.0,3,66.6,0.242,0.594,50.3,0.209,0.763,67.5,39.7,66.6,34.7,58.6,49.6,Moderate,moderate
BIZ00745,"Sura, Subramanian and Bhatti",Agri-processing,2,5.4,1,0.987,805698.0,0.99,242587.0,0,94.3,0.169,0.986,72.8,0.166,0.492,99.1,79.8,94.3,41.1,83.7,79.7,Healthy,healthy
BIZ00746,Prabhakar PLC,Construction Materials,5,4.7,0,0.405,71152.0,1.0,28907.0,3,38.1,0.675,0.352,44.9,0.328,1.26,35.5,14.7,38.1,23.9,41.5,21.5,At-Risk,at_risk
BIZ00747,Varkey-Rau,Retail Trade,11,11.9,1,0.916,213485.0,1.34,201608.0,0,89.3,0.158,0.821,77.2,0.074,0.606,85.4,86.9,89.3,61.0,80.2,81.5,Healthy,healthy
BIZ00748,Tata Inc,Agri-processing,4,8.8,1,0.651,222474.0,1.14,68408.0,1,80.6,0.231,0.631,71.2,0.326,0.757,67.8,40.6,80.6,49.5,64.9,62.3,Moderate,moderate
BIZ00749,Venkataraman Ltd,Manufacturing,9,1.2,1,0.526,103257.0,0.72,33783.0,4,50.2,0.616,0.434,54.0,0.638,1.069,47.1,5.7,50.2,15.1,42.6,26.8,At-Risk,at_risk
BIZ00750,"Barad, Chokshi and Keer",Manufacturing,3,14.0,0,0.663,116205.0,1.1,100233.0,1,81.6,0.394,0.628,62.1,0.323,0.835,58.0,50.3,81.6,60.2,60.9,58.4,Moderate,moderate
BIZ00751,"Zachariah, Sura and Shere",Agri-processing,22,11.0,1,0.871,336757.0,1.13,223419.0,1,96.7,0.228,0.787,62.2,0.177,0.571,90.9,77.6,96.7,56.2,72.1,78.9,Healthy,healthy
BIZ00752,Menon LLC,Construction Materials,5,14.8,0,0.694,113330.0,0.95,28441.0,8,48.3,0.408,0.312,39.9,0.636,1.141,59.9,0.0,48.3,62.2,32.8,41.8,At-Risk,at_risk
BIZ00753,Mitra-Chanda,Construction Materials,4,3.1,1,0.678,212537.0,1.06,81048.0,0,77.1,0.221,0.747,51.6,0.102,0.933,68.7,48.3,77.1,32.7,64.8,59.0,Moderate,moderate
BIZ00754,"Krishnan, Bhardwaj and Walla",IT/Services,9,10.9,0,0.965,334094.0,1.16,308105.0,0,91.3,0.147,0.928,65.1,0.09,0.341,97.5,83.3,91.3,58.3,82.1,83.6,Healthy,healthy
BIZ00755,Shah-Murty,IT/Services,2,0.9,1,0.869,383255.0,1.57,226174.0,1,97.7,0.194,0.797,70.9,0.071,0.517,90.8,86.4,97.7,26.9,78.1,79.1,Healthy,healthy
BIZ00756,Narula-Upadhyay,Food & Beverage,13,0.9,1,0.576,88544.0,0.91,18936.0,4,75.3,0.712,0.436,49.5,0.564,1.259,49.2,4.5,75.3,11.3,41.3,35.0,At-Risk,at_risk
BIZ00757,"Samra, Bassi and Pandya",Food & Beverage,1,8.1,1,0.688,177008.0,1.23,51394.0,1,83.2,0.318,0.566,42.6,0.258,0.668,65.8,36.7,83.2,44.8,54.9,62.5,Moderate,moderate
BIZ00758,"Shenoy, Chokshi and Padmanabhan",Auto Services,6,14.6,0,0.786,291084.0,1.22,51284.0,2,78.5,0.177,0.51,40.2,0.373,0.747,84.1,31.5,78.5,68.5,49.0,55.5,Moderate,moderate
BIZ00759,Johal PLC,Construction Materials,8,5.7,1,0.431,163908.0,0.8,11636.0,6,27.4,0.623,0.088,38.1,0.282,1.124,46.6,0.0,27.4,28.4,31.6,25.1,At-Risk,at_risk
BIZ00760,Lal Ltd,Auto Services,2,1.4,1,0.556,5000.0,1.06,23711.0,7,48.1,0.491,0.334,56.5,0.584,0.925,39.4,0.0,48.1,19.5,42.5,31.5,At-Risk,at_risk
BIZ00761,Gandhi and Sons,Textiles,2,10.9,1,0.953,323543.0,1.17,138110.0,0,97.1,0.253,0.8,77.5,0.163,0.715,96.7,69.4,97.1,55.1,76.7,77.9,Healthy,healthy
BIZ00762,"Sabharwal, Aggarwal and Nori",Food & Beverage,1,2.2,1,0.943,586763.0,1.11,206072.0,0,87.9,0.143,0.934,67.2,0.167,0.747,96.0,82.1,87.9,32.3,77.4,78.6,Healthy,healthy
BIZ00763,"Bassi, Datta and Parsa",Manufacturing,6,1.6,1,0.858,249742.0,1.32,242579.0,0,90.5,0.16,0.794,74.3,0.082,0.62,85.0,86.3,90.5,30.0,78.0,75.4,Healthy,healthy
BIZ00764,Banerjee-Banerjee,Retail Trade,9,11.4,0,0.743,253875.0,1.08,68442.0,2,81.0,0.378,0.455,68.0,0.2,0.747,77.4,34.5,81.0,52.9,60.2,56.3,Moderate,moderate
BIZ00765,Deshpande-Sarkar,Auto Services,5,6.1,0,0.881,297310.0,1.3,177969.0,0,90.3,0.198,0.808,81.1,0.064,0.551,91.4,85.3,90.3,42.3,81.9,79.7,Healthy,healthy
BIZ00766,Divan-Sundaram,Food & Beverage,7,14.9,0,0.518,175423.0,0.91,131657.0,4,72.1,0.3,0.605,46.6,0.219,0.536,53.8,42.0,72.1,65.7,59.7,54.4,Moderate,moderate
BIZ00767,Magar Group,Construction Materials,7,14.1,1,0.484,197049.0,0.71,13594.0,6,43.4,0.472,0.309,52.2,0.442,0.981,53.5,0.0,43.4,58.1,42.4,39.6,At-Risk,at_risk
BIZ00768,Dutta Ltd,Auto Services,1,9.1,0,0.384,107810.0,0.79,26942.0,5,49.7,0.342,0.666,34.4,0.57,1.044,37.7,0.0,49.7,47.0,45.5,30.8,At-Risk,at_risk
BIZ00769,Ranganathan-Bobal,Manufacturing,2,3.1,0,0.951,825853.0,1.12,177526.0,0,95.0,0.219,0.808,64.3,0.048,0.72,96.6,81.5,95.0,32.7,74.6,77.6,Healthy,healthy
BIZ00770,Varma-Raghavan,Retail Trade,6,8.6,0,0.618,69666.0,0.88,2181.0,10,52.5,0.282,0.349,57.5,0.478,1.084,50.3,0.0,52.5,47.4,43.9,39.5,At-Risk,at_risk
BIZ00771,Soni-Pandya,Auto Services,10,5.4,0,0.92,750434.0,1.11,50702.0,0,94.6,0.244,1.0,74.0,0.061,0.565,94.4,39.2,94.6,38.9,86.0,72.8,Healthy,healthy
BIZ00772,Sharaf-Wagle,Textiles,13,14.9,0,0.468,36258.0,0.85,39087.0,3,60.4,0.397,0.0,50.4,0.319,1.199,36.4,15.1,60.4,62.8,31.3,37.1,At-Risk,at_risk
BIZ00773,Roy Ltd,Retail Trade,10,12.7,1,0.967,376986.0,1.31,200245.0,0,90.9,0.203,0.825,78.2,0.104,0.717,97.7,86.1,90.9,62.0,79.0,85.4,Healthy,healthy
BIZ00774,Sen-Roy,Food & Beverage,7,5.7,0,0.985,320787.0,1.08,66947.0,0,94.4,0.16,0.647,60.4,0.159,0.752,98.9,44.0,94.4,42.3,65.1,73.4,Healthy,healthy
BIZ00775,"Kota, Sama and Mohanty",Construction Materials,8,9.3,0,0.348,86522.0,0.72,16775.0,2,31.1,0.579,0.183,24.0,0.598,0.877,33.0,10.0,31.1,40.5,26.1,25.7,At-Risk,at_risk
BIZ00776,"Jayaraman, Gupta and Sekhon",Agri-processing,4,1.4,1,0.899,580023.0,1.32,177107.0,1,94.1,0.126,0.997,95.7,0.103,0.555,92.9,80.4,94.1,30.4,92.8,83.7,Healthy,healthy
BIZ00777,Soman-Ramesh,Retail Trade,13,6.0,0,0.881,511511.0,1.34,178942.0,0,90.9,0.116,0.888,73.8,0.053,0.554,91.7,86.4,90.9,44.5,82.3,82.6,Healthy,healthy
BIZ00778,Das-Ravi,Agri-processing,16,12.1,0,0.744,255219.0,1.02,43777.0,4,78.4,0.268,0.613,69.1,0.205,0.59,77.6,14.9,78.4,58.3,67.6,53.8,Moderate,moderate
BIZ00779,Varghese-Choudhry,Food & Beverage,2,1.9,1,0.746,183064.0,0.92,64438.0,1,78.1,0.398,0.557,54.6,0.221,0.732,70.6,34.9,78.1,23.8,58.9,52.7,Moderate,moderate
BIZ00780,"Singh, Nayar and Bajwa",Auto Services,17,10.4,0,0.621,125188.0,1.01,68088.0,2,70.2,0.29,0.764,50.5,0.33,0.545,56.0,32.9,70.2,52.5,64.4,50.9,Moderate,moderate
BIZ00781,"Manne, Pandit and Halder",Retail Trade,5,5.9,0,0.778,267619.0,1.08,105477.0,3,73.4,0.347,0.583,48.8,0.172,0.819,81.2,41.7,73.4,37.3,57.8,63.7,Moderate,moderate
BIZ00782,Shah LLC,IT/Services,8,5.6,0,0.73,149571.0,1.01,68615.0,1,77.3,0.252,0.503,48.6,0.274,0.863,66.1,38.1,77.3,39.2,52.5,59.8,Moderate,moderate
BIZ00783,De-Karnik,IT/Services,3,2.9,1,0.947,474168.0,1.3,82517.0,0,90.4,0.196,1.0,71.0,0.066,0.574,96.3,53.6,90.4,32.8,84.8,74.6,Healthy,healthy
BIZ00784,Konda Ltd,IT/Services,2,2.9,1,0.893,418477.0,1.11,196176.0,0,98.1,0.199,0.932,67.6,0.157,0.438,92.5,82.1,98.1,32.7,80.7,77.4,Healthy,healthy
BIZ00785,"Manda, Hari and Sarin",Retail Trade,5,13.6,0,0.818,228632.0,1.21,279135.0,0,93.5,0.22,0.901,60.8,0.087,0.487,80.2,84.1,93.5,64.2,78.2,74.5,Healthy,healthy
BIZ00786,Srinivas-Zachariah,IT/Services,12,5.5,0,0.457,5000.0,0.65,1887.0,7,36.6,0.747,0.402,40.9,0.418,0.9,32.5,0.0,36.6,24.1,43.0,26.7,At-Risk,at_risk
BIZ00787,Borra Ltd,Textiles,4,8.9,0,0.856,138995.0,0.98,1000.0,0,73.5,0.211,0.684,65.5,0.33,0.72,73.8,20.0,73.5,50.4,65.1,53.4,Moderate,moderate
BIZ00788,"Dhillon, Dhar and Nayak",Retail Trade,14,10.6,0,0.639,252739.0,0.97,79343.0,2,73.8,0.275,0.692,57.6,0.174,0.518,70.0,35.8,73.8,53.6,67.7,56.0,Moderate,moderate
BIZ00789,"Ramesh, Prakash and Ramaswamy",Auto Services,2,4.5,0,0.656,274966.0,0.73,47815.0,1,81.9,0.278,0.621,46.8,0.277,0.698,73.4,25.5,81.9,35.2,57.6,58.5,Moderate,moderate
BIZ00790,Sabharwal and Sons,Manufacturing,10,14.5,0,0.617,20253.0,1.07,32581.0,5,76.5,0.573,0.539,37.8,0.407,1.106,45.2,7.2,76.5,56.3,44.9,45.0,Moderate,at_risk
BIZ00791,"Rastogi, Sem and Saraf",Construction Materials,3,7.6,0,0.857,424091.0,1.2,207396.0,0,90.8,0.12,0.867,80.9,0.16,0.573,90.0,84.1,90.8,49.2,81.7,79.4,Healthy,healthy
BIZ00792,"Gopal, Doshi and Dara",Auto Services,10,7.1,0,0.658,284405.0,1.0,71019.0,4,72.1,0.359,0.729,51.0,0.086,0.828,74.5,23.7,72.1,40.5,65.4,56.0,Moderate,moderate
BIZ00793,Thaman-Chakrabarti,Agri-processing,6,6.3,0,0.743,227876.0,1.33,57119.0,1,75.3,0.295,0.676,55.7,0.25,0.809,74.8,40.6,75.3,40.0,62.0,59.8,Moderate,moderate
BIZ00794,"Sethi, Shukla and Soni",Auto Services,10,7.9,0,0.756,126023.0,1.15,125972.0,4,72.4,0.391,0.653,62.8,0.317,0.665,65.5,45.0,72.4,42.0,63.9,59.2,Moderate,moderate
BIZ00795,"Chand, Wadhwa and Subramanian",Agri-processing,21,4.0,1,0.935,597889.0,1.38,145728.0,0,98.7,0.262,0.83,74.8,0.11,0.548,95.4,76.3,98.7,34.1,79.5,81.7,Healthy,healthy
BIZ00796,Madan-Ravi,Retail Trade,4,13.7,0,0.238,5000.0,0.71,10198.0,3,28.1,0.629,0.0,33.6,0.485,0.858,17.2,2.5,28.1,52.2,25.5,22.9,At-Risk,at_risk
BIZ00797,Sampath LLC,Construction Materials,7,3.3,1,0.236,153744.0,0.82,29548.0,4,42.5,0.543,0.344,23.2,0.49,1.269,31.9,6.3,42.5,23.6,30.4,27.4,At-Risk,at_risk
BIZ00798,Hans LLC,Manufacturing,5,5.8,0,0.746,199662.0,0.9,37885.0,1,73.8,0.278,0.488,70.0,0.397,0.892,72.2,25.5,73.8,39.1,56.7,55.0,Moderate,moderate
BIZ00799,Sharaf Ltd,Construction Materials,8,3.3,0,0.749,282099.0,1.23,55855.0,1,83.9,0.431,0.755,40.4,0.424,0.674,80.7,38.3,83.9,27.0,57.4,53.6,Moderate,moderate
BIZ00800,Tiwari-Narula,Manufacturing,20,6.0,0,0.575,67111.0,0.75,6984.0,1,38.2,0.61,0.266,48.6,0.345,1.175,47.0,12.3,38.2,29.7,39.6,34.2,At-Risk,at_risk
BIZ00801,Doshi-Tiwari,IT/Services,1,6.7,1,0.712,131006.0,0.9,110688.0,0,71.2,0.409,0.538,46.4,0.288,0.571,62.9,54.9,71.2,37.8,55.6,60.9,Moderate,moderate
BIZ00802,Bains Group,Agri-processing,10,5.2,0,0.844,664460.0,1.39,209761.0,1,100.0,0.175,0.936,77.4,0.087,0.491,89.1,82.9,100.0,40.4,85.2,86.4,Healthy,healthy
BIZ00803,Gola-Natt,Construction Materials,10,4.3,1,0.614,198010.0,1.12,92423.0,1,73.0,0.209,0.535,66.0,0.345,0.799,62.8,48.2,73.0,36.6,58.9,48.7,Moderate,moderate
BIZ00804,Gole-Sawhney,Food & Beverage,3,6.4,0,0.836,241959.0,1.07,133964.0,0,67.0,0.353,0.817,46.0,0.335,0.876,82.7,66.1,67.0,38.6,61.2,62.9,Moderate,moderate
BIZ00805,Bhavsar-Baral,Food & Beverage,9,11.2,0,0.723,118232.0,1.03,45817.0,2,75.5,0.276,0.555,49.3,0.354,0.753,62.4,25.8,75.5,55.3,54.1,54.3,Moderate,moderate
BIZ00806,"Karnik, Bandi and Gandhi",Construction Materials,4,11.3,0,0.684,181478.0,1.02,100875.0,3,67.9,0.209,0.588,69.4,0.242,0.676,66.0,39.1,67.9,57.6,65.3,61.4,Moderate,moderate
BIZ00807,Bobal-Nigam,Auto Services,11,11.2,0,0.459,79296.0,1.01,2498.0,7,52.5,0.494,0.437,47.1,0.547,1.014,40.1,0.0,52.5,48.8,42.7,37.1,At-Risk,at_risk
BIZ00808,"Lal, Varghese and Modi",IT/Services,3,4.4,0,0.501,55582.0,0.85,3978.0,2,26.4,0.709,0.253,31.7,0.343,0.826,40.6,8.4,26.4,21.9,36.8,27.7,At-Risk,at_risk
BIZ00809,Menon Ltd,Textiles,13,2.5,1,0.567,196546.0,1.07,122130.0,0,67.5,0.323,0.694,77.1,0.221,0.859,59.3,62.0,67.5,27.8,70.3,52.6,Moderate,moderate
BIZ00810,Kashyap PLC,Retail Trade,6,3.7,0,0.915,312253.0,1.03,104168.0,1,95.3,0.248,0.883,73.7,0.179,0.396,94.0,50.3,95.3,33.7,81.2,73.9,Healthy,healthy
BIZ00811,"Patel, Behl and Nagar",Textiles,6,6.9,0,0.422,57689.0,0.97,29947.0,6,34.6,0.699,0.225,45.3,0.556,1.61,35.3,0.0,34.6,29.7,32.6,24.3,At-Risk,at_risk
BIZ00812,Soman and Sons,Retail Trade,3,7.1,0,0.342,72632.0,0.74,23290.0,4,77.0,0.634,0.216,32.3,0.432,1.423,31.2,2.6,77.0,32.3,30.3,30.0,At-Risk,at_risk
BIZ00813,Rout-Kala,Textiles,6,14.5,1,0.932,414746.0,1.31,147108.0,1,99.2,0.213,0.989,60.5,0.009,0.332,95.3,70.2,99.2,67.1,84.3,87.3,Healthy,healthy
BIZ00814,Krishnan Ltd,IT/Services,10,3.2,0,0.449,160584.0,1.18,19505.0,4,53.8,0.455,0.509,30.9,0.687,0.821,47.5,10.1,53.8,26.0,38.7,35.7,At-Risk,at_risk
BIZ00815,Sridhar Group,IT/Services,18,10.2,1,0.651,85038.0,1.06,17371.0,5,46.0,0.692,0.468,43.7,0.544,1.241,54.1,2.0,46.0,39.8,40.8,36.2,At-Risk,at_risk
BIZ00816,Vala-Badal,Food & Beverage,15,1.1,1,0.701,85649.0,1.2,40835.0,1,72.5,0.368,0.705,65.2,0.28,0.816,57.6,32.5,72.5,22.3,65.7,45.6,Moderate,moderate
BIZ00817,"Bali, Sibal and Shroff",Retail Trade,14,10.2,1,0.698,190763.0,1.15,42776.0,0,80.5,0.3,0.401,62.0,0.301,0.808,67.9,37.2,80.5,51.6,53.6,60.7,Moderate,moderate
BIZ00818,"Oommen, Dewan and Soni",Textiles,11,13.3,0,0.944,635068.0,1.07,181441.0,0,95.7,0.146,0.92,65.3,0.1,0.739,96.1,81.4,95.7,65.5,77.7,83.8,Healthy,healthy
BIZ00819,Trivedi-Gola,Auto Services,3,4.8,0,0.898,351978.0,1.14,93870.0,0,93.8,0.145,0.907,85.4,0.089,0.524,92.9,54.1,93.8,40.1,86.6,76.5,Healthy,healthy
BIZ00820,Chhabra PLC,Textiles,3,5.3,0,0.917,334054.0,1.41,93276.0,1,94.2,0.218,0.759,85.2,0.146,0.686,94.2,54.4,94.2,39.4,78.6,76.3,Healthy,healthy
BIZ00821,Toor LLC,Manufacturing,6,4.9,0,0.477,54502.0,0.66,17378.0,4,41.3,0.656,0.018,32.2,0.611,0.899,38.9,0.0,41.3,25.0,22.7,25.5,At-Risk,at_risk
BIZ00822,Pradhan-Vohra,Construction Materials,19,12.8,0,0.757,414071.0,1.24,256890.0,0,89.4,0.181,0.794,82.1,0.154,0.616,83.0,84.9,89.4,63.0,79.3,84.4,Healthy,healthy
BIZ00823,Nagar Ltd,Auto Services,8,2.7,1,0.972,472122.0,1.17,181730.0,0,87.5,0.23,0.784,74.1,0.144,0.588,98.1,83.4,87.5,31.2,76.6,78.0,Healthy,healthy
BIZ00824,Sibal Ltd,Food & Beverage,10,3.6,0,0.961,544099.0,1.33,131219.0,0,95.3,0.152,0.872,62.9,0.156,0.344,97.3,70.4,95.3,36.2,77.9,81.2,Healthy,healthy
BIZ00825,Tailor Ltd,Auto Services,14,11.6,0,0.783,144458.0,1.28,52858.0,2,68.9,0.39,0.581,52.8,0.245,0.706,69.3,33.2,68.9,53.1,58.9,52.1,Moderate,moderate
BIZ00826,"Bhakta, Pai and Natarajan",Auto Services,2,12.1,0,0.465,75788.0,1.03,18148.0,8,16.9,0.555,0.377,32.1,0.489,0.937,40.1,0.0,16.9,49.7,37.3,24.3,At-Risk,at_risk
BIZ00827,Khare Group,Construction Materials,4,8.1,0,0.992,537472.0,1.34,126650.0,0,91.7,0.126,0.929,77.0,0.175,0.535,99.4,69.0,91.7,50.5,82.6,79.0,Healthy,healthy
BIZ00828,Bakshi LLC,Food & Beverage,2,13.4,0,0.898,483690.0,1.46,208392.0,0,100.0,0.216,0.881,75.4,0.107,0.672,92.9,89.2,100.0,63.7,80.4,82.5,Healthy,healthy
BIZ00829,"Roy, Pandey and Sunder",Manufacturing,4,11.1,0,0.938,182205.0,0.84,17753.0,0,77.0,0.309,0.227,61.4,0.32,0.628,83.9,22.7,77.0,54.0,48.8,50.9,Moderate,moderate
BIZ00830,Ganguly-Sarma,Retail Trade,3,9.8,0,0.579,245213.0,1.06,100896.0,1,79.5,0.31,0.835,66.5,0.307,0.805,65.1,49.9,79.5,50.1,70.3,62.9,Moderate,moderate
BIZ00831,"Kapur, Ramaswamy and Madan",Textiles,6,11.1,0,0.932,232084.0,1.1,231055.0,1,93.6,0.159,0.932,58.2,0.104,0.557,88.5,77.1,93.6,58.5,77.3,81.1,Healthy,healthy
BIZ00832,Prashad Ltd,Construction Materials,1,10.6,1,0.68,198021.0,0.87,103989.0,2,75.7,0.323,0.567,52.2,0.266,0.363,67.4,42.1,75.7,52.1,61.2,53.9,Moderate,moderate
BIZ00833,"Morar, Kothari and Sekhon",Textiles,8,6.8,0,0.932,598763.0,1.48,177217.0,0,91.7,0.216,1.0,65.2,0.145,0.479,95.2,88.6,91.7,43.9,82.1,84.5,Healthy,healthy
BIZ00834,"Virk, Kanda and Rajagopal",Food & Beverage,22,12.3,0,0.899,474888.0,1.28,152035.0,0,91.0,0.116,0.877,85.7,0.124,0.517,92.9,76.3,91.0,63.4,85.0,85.0,Healthy,healthy
BIZ00835,Ahuja PLC,Agri-processing,5,4.8,0,0.739,251825.0,1.15,70370.0,0,86.0,0.426,0.543,51.8,0.172,0.73,76.9,46.4,86.0,31.6,58.4,60.1,Moderate,moderate
BIZ00836,"Tara, Konda and Kala",Manufacturing,15,12.8,0,0.697,254723.0,0.94,59039.0,0,64.8,0.205,0.939,41.5,0.281,0.887,74.2,38.5,64.8,62.2,64.9,63.3,Moderate,moderate
BIZ00837,Batta PLC,Retail Trade,3,7.7,0,0.378,94437.0,0.58,1943.0,5,31.2,0.447,0.294,47.1,0.594,1.103,35.9,0.0,31.2,39.7,35.9,27.6,At-Risk,at_risk
BIZ00838,Solanki PLC,Auto Services,15,3.5,1,0.872,466715.0,1.22,281921.0,0,92.3,0.221,0.956,66.5,0.11,0.451,91.1,84.5,92.3,33.9,82.0,79.1,Healthy,healthy
BIZ00839,Chakraborty-Pal,Agri-processing,8,3.3,0,0.736,220534.0,1.01,18334.0,3,75.9,0.288,0.86,45.5,0.23,0.793,73.6,11.3,75.9,31.3,65.5,54.3,Moderate,moderate
BIZ00840,"Sankaran, Sood and Palan",Retail Trade,4,5.1,1,0.615,217710.0,1.13,76626.0,3,80.7,0.291,0.448,38.3,0.226,0.452,64.8,33.2,80.7,36.6,52.0,50.5,Moderate,moderate
BIZ00841,Rajagopalan-Pau,Manufacturing,9,11.0,0,0.893,102524.0,1.13,183468.0,0,97.3,0.157,0.927,71.3,0.126,0.439,72.8,82.6,97.3,58.3,82.5,76.4,Healthy,healthy
BIZ00842,Madan-Deo,Textiles,13,10.0,0,0.849,249300.0,0.91,54290.0,1,58.6,0.321,0.883,65.6,0.1,0.568,84.4,31.4,58.6,50.4,78.2,56.0,Moderate,moderate
BIZ00843,"Swamy, Nagy and Kapur",Manufacturing,12,1.2,1,0.951,529692.0,1.39,210125.0,1,97.1,0.143,0.697,80.4,0.073,0.533,96.6,82.9,97.1,29.3,77.8,82.8,Healthy,healthy
BIZ00844,Talwar LLC,Textiles,12,1.2,1,0.298,115062.0,1.13,15444.0,6,44.2,0.441,0.144,36.1,0.448,1.17,32.4,0.0,44.2,20.4,29.0,20.6,At-Risk,at_risk
BIZ00845,Pingle-Zacharia,IT/Services,1,2.4,1,0.928,556605.0,1.17,208169.0,0,94.6,0.213,0.958,79.1,0.074,0.517,95.0,83.3,94.6,30.8,86.6,86.4,Healthy,healthy
BIZ00846,Chacko Inc,Textiles,7,12.5,1,0.707,247536.0,1.21,87287.0,3,66.9,0.278,0.482,45.3,0.293,0.931,74.2,38.2,66.9,59.2,49.6,56.6,Moderate,moderate
BIZ00847,"Nadig, Borah and Dugar",Auto Services,3,10.9,1,0.902,378266.0,1.53,188793.0,0,99.4,0.215,0.856,54.1,0.064,0.538,93.2,90.5,99.4,56.2,74.2,84.2,Healthy,healthy
BIZ00848,Patil-Zacharia,IT/Services,6,3.0,0,0.328,28767.0,0.78,26603.0,7,19.6,0.814,0.395,41.5,0.541,0.978,25.9,0.0,19.6,14.6,39.8,22.4,At-Risk,at_risk
BIZ00849,"Parikh, Devan and Baral",Retail Trade,9,13.4,0,0.663,230882.0,1.01,86401.0,3,90.0,0.222,0.533,55.8,0.254,0.635,69.5,33.9,90.0,63.5,58.8,59.9,Moderate,moderate
BIZ00850,Rout-Tailor,Agri-processing,2,8.6,1,0.546,77405.0,0.84,72777.0,3,78.5,0.359,0.559,67.1,0.35,0.749,45.9,26.1,78.5,45.0,60.6,45.9,Moderate,moderate
BIZ00851,Hegde-Gokhale,Food & Beverage,4,6.3,0,0.939,572560.0,1.03,243702.0,2,92.2,0.178,0.857,75.2,0.19,0.572,95.7,70.7,92.2,43.6,78.8,81.8,Healthy,healthy
BIZ00852,Sharaf-Karpe,IT/Services,5,14.2,1,0.714,148846.0,1.06,55439.0,5,73.0,0.403,0.826,70.1,0.276,0.887,64.9,14.7,73.0,60.5,71.0,55.9,Moderate,moderate
BIZ00853,"Randhawa, Hora and Ratti",IT/Services,6,8.2,1,0.933,514953.0,1.05,213398.0,0,91.3,0.203,0.862,70.7,0.103,0.65,95.3,80.9,91.3,48.5,78.4,82.0,Healthy,healthy
BIZ00854,"Tak, Ramachandran and Saran",Textiles,2,1.4,1,0.296,48656.0,1.01,32579.0,7,34.1,0.562,0.437,44.9,0.128,0.814,25.6,0.0,34.1,17.3,52.3,17.1,At-Risk,at_risk
BIZ00855,"Pathak, Dugal and Dara",Agri-processing,9,0.9,1,0.929,486678.0,1.15,260793.0,0,86.1,0.118,0.938,60.1,0.0,0.565,95.0,83.0,86.1,29.2,80.2,77.7,Healthy,healthy
BIZ00856,Chopra-Gupta,Food & Beverage,1,1.3,1,0.906,105096.0,1.28,34133.0,0,98.4,0.206,0.898,80.4,0.125,0.548,73.9,36.9,98.4,27.7,83.6,60.9,Moderate,healthy
BIZ00857,Acharya and Sons,Manufacturing,9,7.3,0,0.928,294867.0,1.29,134702.0,1,88.6,0.148,0.785,72.1,0.16,0.429,94.4,65.7,88.6,47.5,77.2,81.2,Healthy,healthy
BIZ00858,"Prabhakar, Banik and Jayaraman",Textiles,11,3.3,1,0.71,356435.0,0.88,7965.0,1,65.8,0.291,0.574,69.5,0.225,0.843,79.7,15.2,65.8,31.2,63.5,55.6,Moderate,moderate
BIZ00859,"Kumar, Behl and Sarma",Textiles,9,4.6,0,0.781,253211.0,1.06,59908.0,2,74.3,0.264,0.718,71.9,0.371,0.7,80.0,31.2,74.3,35.9,67.9,57.1,Moderate,moderate
BIZ00860,"Raval, Bhalla and Prashad",Auto Services,6,14.0,0,0.82,364694.0,1.39,93156.0,1,91.8,0.271,0.805,70.1,0.059,0.415,87.4,54.0,91.8,63.9,79.4,79.8,Healthy,healthy
BIZ00861,Nayar-Dua,Manufacturing,6,10.8,0,0.61,67047.0,0.74,1000.0,1,41.6,0.712,0.532,35.6,0.472,1.177,49.4,10.2,41.6,41.0,41.9,32.6,At-Risk,at_risk
BIZ00862,Mahal Inc,Construction Materials,12,4.7,0,0.79,348676.0,1.08,51164.0,1,65.8,0.086,0.837,49.6,0.357,0.64,85.3,33.7,65.8,41.5,65.1,59.4,Moderate,moderate
BIZ00863,Raj-D’Alia,Food & Beverage,5,2.4,1,0.65,184912.0,0.87,49201.0,3,78.2,0.476,0.514,74.0,0.164,0.545,64.0,18.8,78.2,22.9,67.2,49.4,Moderate,moderate
BIZ00864,Chander Inc,Construction Materials,16,9.1,0,0.655,355741.0,1.02,78166.0,0,64.3,0.224,0.52,57.2,0.425,0.762,75.8,46.5,64.3,50.6,54.1,64.1,Moderate,moderate
BIZ00865,Krishnamurthy Ltd,Construction Materials,2,5.1,0,0.675,140885.0,1.15,74300.0,1,82.4,0.341,0.744,53.9,0.242,0.931,61.3,42.8,82.4,35.1,62.8,56.7,Moderate,moderate
BIZ00866,Nagarajan Ltd,Textiles,9,13.5,0,0.788,367445.0,1.04,65033.0,1,62.6,0.382,0.671,63.9,0.291,0.934,85.2,37.6,62.6,59.0,62.7,64.1,Moderate,moderate
BIZ00867,Amble-Bhasin,Construction Materials,3,7.0,1,0.907,567952.0,1.37,261855.0,1,86.4,0.129,0.771,65.3,0.062,0.442,93.5,82.4,86.4,47.1,76.2,83.0,Healthy,healthy
BIZ00868,"Johal, Ravi and Kannan",Food & Beverage,1,12.6,0,0.873,332537.0,1.54,169214.0,0,100.0,0.198,0.968,70.8,0.116,0.659,91.1,87.2,100.0,61.8,81.7,91.1,Healthy,healthy
BIZ00869,"Sani, Soman and Batta",Agri-processing,15,8.7,1,0.358,52349.0,0.72,22539.0,2,46.4,0.52,0.243,36.7,0.512,1.0,30.3,11.8,46.4,40.5,33.1,30.3,At-Risk,at_risk
BIZ00870,"Baria, Choudhry and Kant",IT/Services,23,7.1,0,0.433,139871.0,0.83,11772.0,5,42.7,0.784,0.468,21.5,0.473,1.115,44.3,0.0,42.7,27.8,35.3,26.8,At-Risk,at_risk
BIZ00871,Ganesan-Kohli,Textiles,1,9.4,0,0.849,114651.0,1.04,42337.0,0,92.2,0.284,0.791,81.7,0.172,0.524,70.9,34.9,92.2,49.7,79.6,64.8,Moderate,healthy
BIZ00872,Setty and Sons,Food & Beverage,6,11.6,0,0.702,427296.0,0.82,172907.0,0,100.0,0.178,0.969,80.1,0.057,0.371,79.1,74.0,100.0,59.5,89.1,82.5,Healthy,healthy
BIZ00873,Viswanathan Group,Auto Services,1,9.0,0,0.628,42594.0,1.04,26434.0,1,66.5,0.225,0.723,49.6,0.124,0.75,48.2,24.7,66.5,50.3,64.7,48.2,Moderate,moderate
BIZ00874,Vora Group,Manufacturing,3,13.9,1,0.824,5000.0,1.1,9088.0,1,76.7,0.205,0.693,58.4,0.252,0.547,58.1,20.1,76.7,65.6,66.2,60.1,Moderate,moderate
BIZ00875,"Natt, Ray and Pal",Textiles,6,2.9,1,0.956,463163.0,1.07,282517.0,0,99.0,0.224,0.762,67.5,0.089,0.556,96.9,81.4,99.0,32.0,75.0,80.1,Healthy,healthy
BIZ00876,Kanda-Dash,Retail Trade,1,9.6,1,0.934,420947.0,1.62,161604.0,0,96.3,0.233,0.823,70.4,0.15,0.549,95.4,86.3,96.3,51.8,77.0,88.2,Healthy,healthy
BIZ00877,Patil-Bajwa,Construction Materials,13,6.1,0,0.715,78512.0,1.07,83485.0,2,80.8,0.315,0.584,74.6,0.173,0.681,57.9,39.3,80.8,38.8,68.3,59.9,Moderate,moderate
BIZ00878,"Natarajan, Din and Vasa",Auto Services,9,1.1,1,0.751,93612.0,0.98,71514.0,1,69.1,0.337,0.614,65.5,0.352,0.833,61.9,38.4,69.1,23.2,61.0,45.2,Moderate,moderate
BIZ00879,Hari PLC,Textiles,5,12.8,0,0.97,372969.0,1.16,218852.0,0,93.9,0.22,0.88,77.6,0.093,0.438,97.9,83.3,93.9,61.8,83.7,83.2,Healthy,healthy
BIZ00880,Dasgupta Inc,Manufacturing,5,10.5,1,0.911,498989.0,1.17,227024.0,1,88.4,0.166,0.863,70.9,0.078,0.667,93.8,78.5,88.4,56.5,78.8,78.0,Healthy,healthy
BIZ00881,Sandal-Bir,Food & Beverage,4,1.8,1,0.842,396106.0,1.22,152262.0,0,93.0,0.117,0.861,75.5,0.064,0.493,88.9,75.1,93.0,31.9,82.3,76.3,Healthy,healthy
BIZ00882,Krishnamurthy PLC,Manufacturing,7,4.3,0,0.667,147473.0,1.14,94477.0,1,80.2,0.279,0.734,61.6,0.284,0.72,61.5,49.4,80.2,34.5,66.4,62.7,Moderate,moderate
BIZ00883,"Rajagopal, Kumer and Gole",Textiles,17,11.7,1,0.843,717364.0,1.17,196478.0,0,89.9,0.195,1.0,76.5,0.073,0.382,89.0,83.4,89.9,59.2,88.5,84.4,Healthy,healthy
BIZ00884,Mallick Group,Agri-processing,17,12.3,0,0.956,504562.0,1.33,161430.0,0,93.2,0.176,0.959,68.5,0.165,0.624,96.9,80.3,93.2,61.6,80.0,83.3,Healthy,healthy
BIZ00885,Dhillon-Shankar,Textiles,6,10.4,0,0.553,105365.0,0.8,10558.0,5,48.5,0.626,0.488,55.9,0.561,1.174,49.3,0.0,48.5,42.4,45.7,31.7,At-Risk,at_risk
BIZ00886,Char-Mall,Agri-processing,4,13.5,0,0.851,461640.0,1.31,134028.0,0,89.4,0.24,0.784,53.5,0.151,0.52,89.6,70.8,89.4,63.3,69.9,77.3,Healthy,healthy
BIZ00887,"Mallick, Purohit and Ghosh",Construction Materials,1,2.3,1,0.728,293472.0,1.17,84929.0,1,64.4,0.321,0.487,53.4,0.345,0.81,80.3,46.7,64.4,27.3,52.7,55.7,Moderate,moderate
BIZ00888,"Nadkarni, Shankar and Walia",Food & Beverage,8,11.3,0,0.989,370498.0,1.19,195347.0,0,96.5,0.258,0.917,58.3,0.09,0.441,99.3,83.8,96.5,56.1,78.3,90.7,Healthy,healthy
BIZ00889,Raja Inc,Auto Services,22,1.5,1,0.944,606251.0,1.08,220128.0,0,89.6,0.202,0.887,67.0,0.174,0.408,96.1,81.7,89.6,28.4,79.0,78.1,Healthy,healthy
BIZ00890,Shetty-Grover,Auto Services,6,10.8,0,0.854,356523.0,1.49,245965.0,0,100.0,0.209,0.89,70.9,0.104,0.636,89.8,89.7,100.0,56.1,79.5,80.9,Healthy,healthy
BIZ00891,Sachdeva-Mitra,Manufacturing,8,12.5,0,0.754,158423.0,1.01,64736.0,0,67.1,0.111,0.597,55.6,0.35,0.897,68.6,41.7,67.1,64.2,56.4,66.8,Moderate,moderate
BIZ00892,Choudhary-Iyengar,Retail Trade,12,1.2,1,0.333,59287.0,0.98,9355.0,6,39.7,0.636,0.326,39.6,0.293,0.806,29.2,0.0,39.7,14.5,43.3,26.2,At-Risk,at_risk
BIZ00893,Nori-Aurora,Food & Beverage,6,10.8,0,0.496,67783.0,0.94,3508.0,5,72.5,0.5,0.528,59.5,0.688,1.068,41.5,0.0,72.5,47.4,46.9,41.7,At-Risk,at_risk
BIZ00894,Om Inc,IT/Services,10,7.7,1,0.916,362008.0,1.15,187961.0,0,91.8,0.123,0.998,73.2,0.189,0.563,94.1,83.1,91.8,49.4,83.1,82.0,Healthy,healthy
BIZ00895,"Bansal, Kata and Krishnamurthy",Food & Beverage,7,13.6,0,0.794,367477.0,1.08,83839.0,2,72.4,0.266,0.388,72.0,0.245,0.649,85.6,39.5,72.4,62.8,59.4,62.4,Moderate,moderate
BIZ00896,"Rastogi, Dasgupta and Sabharwal",IT/Services,9,12.4,0,0.876,231602.0,1.19,183794.0,1,90.9,0.229,0.839,65.9,0.167,0.445,84.5,78.8,90.9,60.3,76.6,76.6,Healthy,healthy
BIZ00897,Sharma-Chanda,Manufacturing,9,2.8,1,0.84,490717.0,0.97,165451.0,0,96.1,0.22,0.916,61.2,0.156,0.553,88.8,74.6,96.1,31.8,76.8,79.8,Healthy,healthy
BIZ00898,Babu-Venkataraman,Auto Services,15,8.1,0,0.483,5000.0,1.02,1000.0,7,41.7,0.583,0.273,25.1,0.556,1.134,34.3,0.0,41.7,36.8,27.9,25.6,At-Risk,at_risk
BIZ00899,D’Alia PLC,Food & Beverage,7,9.3,0,0.909,553029.0,1.08,172332.0,0,97.4,0.195,0.881,69.1,0.237,0.548,93.7,79.1,97.4,52.0,76.8,82.7,Healthy,healthy
BIZ00900,"Batta, Jain and Sandal",Retail Trade,4,4.5,0,0.956,555524.0,1.4,181071.0,0,100.0,0.167,0.911,66.8,0.101,0.603,96.9,88.0,100.0,38.5,79.2,88.2,Healthy,healthy
BIZ00901,Chhabra and Sons,Auto Services,13,10.2,0,0.891,385579.0,1.43,96738.0,2,95.2,0.162,0.895,62.4,0.138,0.567,92.4,50.9,95.2,55.7,76.7,72.5,Healthy,healthy
BIZ00902,Palla-Gill,Auto Services,15,4.2,0,0.891,289583.0,1.07,171710.0,0,94.0,0.17,0.805,69.6,0.191,0.719,91.3,78.7,94.0,37.5,73.5,71.9,Healthy,healthy
BIZ00903,Zachariah LLC,Construction Materials,4,4.4,0,0.91,334799.0,1.21,209769.0,1,89.7,0.26,0.923,66.7,0.112,0.591,93.7,79.2,89.7,35.4,79.5,77.5,Healthy,healthy
BIZ00904,"Mani, Pradhan and Aurora",Agri-processing,5,9.5,0,0.643,262892.0,1.03,51148.0,3,88.5,0.206,0.549,65.3,0.401,1.033,71.3,22.7,88.5,52.3,55.7,57.5,Moderate,moderate
BIZ00905,Mammen-Master,Food & Beverage,4,6.6,0,0.645,242844.0,1.05,87840.0,2,69.6,0.311,0.74,44.9,0.376,0.896,69.4,40.2,69.6,40.5,57.1,50.1,Moderate,moderate
BIZ00906,Sibal Group,Textiles,12,1.3,1,0.418,54409.0,0.73,29390.0,3,29.8,0.649,0.303,56.0,0.617,1.308,34.7,9.4,29.8,14.4,37.9,29.2,At-Risk,at_risk
BIZ00907,Dhillon Ltd,Retail Trade,4,4.8,0,0.63,127783.0,0.87,12426.0,3,57.0,0.495,0.431,61.6,0.421,1.19,56.9,6.5,57.0,29.5,48.3,36.9,At-Risk,at_risk
BIZ00908,"Bajaj, Chand and Zachariah",Construction Materials,13,12.9,0,0.871,586214.0,1.43,133558.0,0,100.0,0.214,0.872,75.9,0.124,0.517,90.9,73.1,100.0,62.3,81.4,80.9,Healthy,healthy
BIZ00909,Oza Group,Textiles,1,1.1,1,0.994,270769.0,1.2,211881.0,0,83.5,0.276,0.939,69.0,0.15,0.592,96.7,84.0,83.5,25.0,80.1,79.1,Healthy,healthy
BIZ00910,"Maharaj, Rajan and Chaudhuri",Food & Beverage,3,4.7,0,0.922,373994.0,1.22,189642.0,3,95.9,0.105,0.771,69.0,0.211,0.465,94.5,69.4,95.9,41.0,74.3,76.8,Healthy,healthy
BIZ00911,"Master, Shankar and Saha",Manufacturing,4,13.4,1,0.542,262776.0,0.95,120213.0,2,69.2,0.273,0.496,71.2,0.2,0.704,64.2,49.0,69.2,62.0,63.2,56.0,Moderate,moderate
BIZ00912,Virk-Ahluwalia,Textiles,11,10.4,0,0.815,292922.0,1.13,210218.0,0,96.5,0.187,0.985,76.1,0.118,0.756,86.4,82.6,96.5,55.6,83.2,84.8,Healthy,healthy
BIZ00913,"Rajagopalan, Master and Tandon",Auto Services,9,6.3,0,0.671,261990.0,1.25,66491.0,0,70.2,0.359,0.582,72.2,0.324,0.779,73.2,47.2,70.2,38.1,63.4,55.1,Moderate,moderate
BIZ00914,"D’Alia, Bose and Chada",IT/Services,4,5.1,0,0.648,362950.0,1.08,61991.0,2,77.0,0.381,0.486,55.5,0.188,0.442,75.4,32.3,77.0,33.9,60.3,59.5,Moderate,moderate
BIZ00915,"Babu, Chokshi and Tak",Retail Trade,6,12.1,0,0.704,156558.0,1.02,89607.0,1,76.4,0.083,0.503,67.9,0.208,0.622,64.9,45.3,76.4,63.8,63.0,65.0,Moderate,moderate
BIZ00916,"Thaker, Kuruvilla and Wagle",Auto Services,7,5.6,1,0.705,199207.0,1.16,115081.0,2,81.8,0.368,0.595,46.6,0.225,0.688,69.3,51.6,81.8,35.8,57.8,61.4,Moderate,moderate
BIZ00917,"Kapadia, Upadhyay and Dey",Manufacturing,19,3.2,0,0.904,503918.0,1.55,195963.0,0,96.0,0.235,0.915,63.3,0.087,0.565,93.3,91.1,96.0,32.6,78.8,79.9,Healthy,healthy
BIZ00918,Lal-Jani,Auto Services,1,4.5,0,0.807,16830.0,0.88,1000.0,9,61.9,0.4,0.306,41.7,0.439,1.189,58.2,0.0,61.9,31.5,36.6,39.7,At-Risk,at_risk
BIZ00919,Chaudhari-Prasad,IT/Services,5,6.8,0,0.698,5000.0,0.91,1000.0,5,61.5,0.379,0.516,9.8,0.324,1.082,49.3,0.0,61.5,39.0,36.2,36.8,At-Risk,at_risk
BIZ00920,Toor-Rai,Textiles,17,7.0,0,0.757,704783.0,1.31,160451.0,0,90.2,0.151,0.821,52.6,0.127,0.643,83.0,79.7,90.2,46.5,70.2,79.3,Healthy,healthy
BIZ00921,Sodhi-Chhabra,Agri-processing,3,5.3,0,0.568,64503.0,0.74,1000.0,5,27.9,0.688,0.282,33.2,0.45,1.053,46.2,0.0,27.9,25.3,34.0,26.7,At-Risk,at_risk
BIZ00922,Bora and Sons,Textiles,2,1.3,1,0.761,159431.0,0.96,82044.0,2,79.3,0.424,0.737,48.5,0.395,0.627,69.2,36.5,79.3,21.2,60.6,56.3,Moderate,moderate
BIZ00923,Gupta PLC,Agri-processing,28,10.8,0,0.478,31176.0,0.52,15361.0,3,26.3,0.444,0.359,47.0,0.504,0.988,36.6,0.6,26.3,49.1,41.1,24.5,At-Risk,at_risk
BIZ00924,Gour Inc,Textiles,12,13.0,0,0.299,130422.0,0.86,30346.0,5,55.2,0.727,0.215,47.5,0.297,1.082,34.0,2.4,55.2,47.2,39.4,35.1,At-Risk,at_risk
BIZ00925,Seth Ltd,Construction Materials,1,3.8,0,0.778,209600.0,1.14,66389.0,3,69.5,0.344,0.721,57.3,0.34,0.669,75.4,29.9,69.5,31.1,63.8,51.2,Moderate,moderate
BIZ00926,Ramanathan-Kumar,Manufacturing,10,9.1,1,0.929,420296.0,1.3,170519.0,0,98.1,0.107,0.881,84.9,0.108,0.643,95.1,82.9,98.1,54.1,83.9,86.3,Healthy,healthy
BIZ00927,Ganguly LLC,Agri-processing,12,0.9,1,0.88,431530.0,1.39,213631.0,1,92.4,0.144,0.905,73.9,0.046,0.699,91.6,82.8,92.4,28.4,81.6,75.5,Healthy,healthy
BIZ00928,Sheth and Sons,Food & Beverage,9,11.2,1,0.914,212879.0,1.18,98912.0,1,76.2,0.346,0.51,46.8,0.242,0.738,85.3,51.7,76.2,53.2,54.0,69.1,Moderate,moderate
BIZ00929,"Dixit, Chatterjee and Kohli",Manufacturing,21,12.5,0,0.694,248243.0,1.06,86210.0,3,78.5,0.524,0.599,60.2,0.312,0.801,73.4,34.9,78.5,51.8,59.8,55.8,Moderate,moderate
BIZ00930,"Dhingra, Nadkarni and Shroff",Manufacturing,11,14.2,0,0.954,387118.0,1.37,180839.0,0,93.4,0.271,0.886,90.7,0.138,0.529,96.8,87.4,93.4,64.5,86.7,84.7,Healthy,healthy
BIZ00931,Raman Ltd,Textiles,1,8.7,0,0.858,430313.0,1.08,111704.0,0,97.1,0.251,0.925,60.7,0.137,0.767,90.1,58.8,97.1,48.6,75.2,68.4,Moderate,healthy
BIZ00932,"Bir, Bala and Om",Auto Services,8,12.4,0,0.211,12844.0,0.83,36617.0,3,30.0,0.751,0.207,28.7,0.657,1.232,16.1,13.9,30.0,44.7,24.1,27.6,At-Risk,at_risk
BIZ00933,Nigam-Prabhakar,Retail Trade,2,13.5,0,0.445,45199.0,0.98,4229.0,7,61.2,0.589,0.092,25.4,0.515,0.884,35.7,0.0,61.2,52.8,25.0,35.7,At-Risk,at_risk
BIZ00934,"Narayanan, Pai and Mitter",Agri-processing,8,8.5,0,0.669,52782.0,0.84,62859.0,2,63.8,0.423,0.714,42.3,0.249,0.68,52.1,27.7,63.8,42.8,60.0,50.4,Moderate,moderate
BIZ00935,"Prashad, Raghavan and Wali",Retail Trade,2,9.6,0,0.909,543367.0,1.36,149654.0,0,91.1,0.186,0.792,74.0,0.156,0.628,93.6,77.0,91.1,53.2,76.2,76.4,Healthy,healthy
BIZ00936,Lanka Inc,Manufacturing,9,10.5,1,1.0,198038.0,1.29,305236.0,0,97.5,0.184,0.86,63.0,0.088,0.638,89.8,85.8,97.5,56.0,76.0,79.4,Healthy,healthy
BIZ00937,"Parsa, Raja and Maharaj",Construction Materials,20,5.0,1,0.793,433552.0,1.02,138603.0,0,95.6,0.175,0.811,62.2,0.108,0.345,85.5,66.6,95.6,39.7,76.6,73.6,Healthy,healthy
BIZ00938,"Mannan, Chatterjee and Bhasin",Textiles,14,0.8,1,0.507,30480.0,1.09,28723.0,8,84.4,0.714,0.324,36.6,0.519,0.874,38.6,0.0,84.4,11.0,37.0,32.3,At-Risk,at_risk
BIZ00939,Bali Group,Manufacturing,1,13.0,0,0.876,396530.0,1.1,73724.0,1,94.1,0.235,0.908,77.3,0.128,0.736,91.3,41.5,94.1,61.9,80.9,72.0,Healthy,healthy
BIZ00940,Dalal-Raman,Construction Materials,10,7.9,1,0.751,203750.0,0.93,28058.0,2,77.2,0.301,0.697,67.4,0.363,0.782,73.0,17.9,77.2,44.7,64.9,50.5,Moderate,moderate
BIZ00941,Grewal-Atwal,Retail Trade,8,6.5,0,0.797,476821.0,1.34,169316.0,0,89.2,0.152,0.876,76.5,0.046,0.772,85.8,83.3,89.2,44.9,80.8,81.2,Healthy,healthy
BIZ00942,Savant Inc,Auto Services,4,14.3,0,0.654,396943.0,1.08,57474.0,2,68.3,0.191,0.556,69.2,0.332,0.75,75.8,30.8,68.3,67.2,61.5,58.3,Moderate,moderate
BIZ00943,"Wali, Kibe and Sundaram",IT/Services,4,8.9,0,0.622,224802.0,1.14,90054.0,0,74.8,0.381,0.774,71.1,0.188,0.752,66.0,52.9,74.8,45.3,72.7,63.9,Moderate,moderate
BIZ00944,"Kulkarni, D’Alia and Kaur",Textiles,17,7.7,1,0.623,173075.0,0.83,18500.0,4,59.6,0.735,0.229,49.7,0.505,1.115,60.9,2.8,59.6,31.0,36.1,35.5,At-Risk,at_risk
BIZ00945,Barman-Ramesh,Retail Trade,5,5.4,1,0.956,185028.0,0.95,193474.0,0,90.0,0.229,0.785,64.1,0.138,0.496,85.4,79.0,90.0,39.3,74.2,76.5,Healthy,healthy
BIZ00946,Khanna Group,Retail Trade,5,13.2,0,0.992,675329.0,1.13,225464.0,0,91.1,0.241,0.848,65.6,0.136,0.54,99.4,82.6,91.1,62.4,76.5,85.4,Healthy,healthy
BIZ00947,Lal Inc,Construction Materials,21,1.0,1,0.83,520491.0,1.3,167607.0,0,89.2,0.189,0.802,63.2,0.153,0.487,88.1,81.9,89.2,27.3,74.2,72.0,Healthy,healthy
BIZ00948,Soni Group,Textiles,1,9.8,0,0.318,97663.0,0.91,20133.0,2,38.9,0.733,0.012,47.9,0.325,0.877,32.0,15.0,38.9,37.4,33.9,24.2,At-Risk,at_risk
BIZ00949,Badal LLC,IT/Services,4,2.9,1,0.411,5608.0,0.79,26471.0,5,51.7,0.507,0.461,42.9,0.362,1.227,29.4,0.0,51.7,23.5,43.9,27.1,At-Risk,at_risk
BIZ00950,"Uppal, Sanghvi and Bali",Retail Trade,6,11.3,1,0.747,249391.0,1.02,78136.0,1,78.8,0.379,0.808,60.3,0.285,0.641,77.2,41.4,78.8,52.5,69.3,65.0,Moderate,moderate
BIZ00951,Mohanty-Ben,Agri-processing,10,5.0,1,0.827,248704.0,1.15,97567.0,1,80.4,0.255,0.551,52.8,0.221,0.734,82.8,50.5,80.4,37.4,58.0,62.2,Moderate,moderate
BIZ00952,Narasimhan Ltd,Textiles,4,3.6,0,0.781,205383.0,1.04,101338.0,1,77.6,0.184,0.527,67.8,0.271,0.585,75.2,49.7,77.6,35.3,62.9,62.0,Moderate,moderate
BIZ00953,Lata Group,IT/Services,4,14.5,1,0.907,105019.0,1.17,97029.0,0,91.6,0.141,0.91,66.7,0.058,0.489,74.0,55.7,91.6,69.3,81.1,71.0,Healthy,healthy
BIZ00954,"Nori, Kalla and Dyal",Retail Trade,6,10.1,0,0.29,109882.0,1.06,8366.0,1,50.9,0.483,0.309,46.2,0.239,1.063,31.3,18.9,50.9,45.8,43.5,35.0,At-Risk,at_risk
BIZ00955,Toor Ltd,Retail Trade,1,8.6,0,0.755,81853.0,1.18,94075.0,2,82.6,0.306,0.594,55.0,0.214,0.673,61.0,45.0,82.6,46.6,61.0,60.7,Moderate,moderate
BIZ00956,Upadhyay Inc,Manufacturing,12,4.3,0,0.965,636710.0,1.17,169966.0,1,99.2,0.097,0.767,71.3,0.129,0.456,97.5,75.0,99.2,40.0,76.7,81.0,Healthy,healthy
BIZ00957,Mangal LLC,Construction Materials,3,9.4,0,0.722,316058.0,1.33,64330.0,2,76.5,0.323,0.431,62.5,0.379,0.791,80.6,38.1,76.5,48.5,53.5,61.3,Moderate,moderate
BIZ00958,Sekhon-Sahni,Retail Trade,8,12.4,0,0.939,732430.0,1.39,64397.0,0,87.1,0.157,0.851,65.8,0.103,0.653,95.7,49.2,87.1,62.5,76.2,72.3,Healthy,healthy
BIZ00959,"Dhillon, Comar and Tella",Retail Trade,9,10.3,1,0.884,347792.0,1.05,220264.0,0,91.7,0.195,0.934,71.3,0.056,0.35,91.9,80.9,91.7,55.0,85.0,85.1,Healthy,healthy
BIZ00960,Karpe Group,Agri-processing,11,14.0,0,0.741,102934.0,1.22,108158.0,1,70.2,0.331,0.726,79.3,0.34,0.785,62.1,55.5,70.2,62.1,70.5,62.3,Moderate,moderate
BIZ00961,Pandya Ltd,Manufacturing,7,13.9,0,0.804,288170.0,1.41,184184.0,0,89.9,0.232,0.883,66.2,0.143,0.489,85.1,88.3,89.9,64.7,78.3,79.0,Healthy,healthy
BIZ00962,"Raman, Dugar and Prabhakar",Retail Trade,13,12.5,0,0.79,224437.0,1.11,91476.0,1,73.0,0.309,0.561,62.7,0.287,0.797,77.7,47.6,73.0,58.2,59.9,63.6,Moderate,moderate
BIZ00963,Sandhu-Dugar,Auto Services,1,6.2,1,0.984,702499.0,1.08,20116.0,0,86.7,0.241,0.907,78.2,0.088,0.446,98.9,28.4,86.7,41.4,84.9,67.4,Moderate,healthy
BIZ00964,"Chandran, Bera and Zacharia",Food & Beverage,7,2.8,1,0.836,548745.0,1.2,47019.0,0,96.5,0.277,0.943,69.6,0.117,0.467,88.5,39.6,96.5,30.1,82.4,70.8,Healthy,healthy
BIZ00965,Garde-Patel,Textiles,10,4.7,0,0.927,291612.0,1.3,146056.0,0,90.5,0.087,0.948,65.9,0.189,0.486,94.0,74.7,90.5,41.5,79.6,76.0,Healthy,healthy
BIZ00966,"Sagar, Pai and Guha",Manufacturing,5,11.7,0,0.882,542182.0,1.42,173714.0,0,98.3,0.163,0.827,64.7,0.0,0.51,91.8,86.2,98.3,60.2,78.5,93.3,Healthy,healthy
BIZ00967,Sarna-Nadig,Agri-processing,15,10.4,0,0.666,285703.0,1.1,68361.0,2,79.3,0.454,0.831,54.9,0.252,0.741,75.2,34.8,79.3,47.6,67.9,63.4,Moderate,moderate
BIZ00968,Pal-Prasad,Construction Materials,6,14.8,1,0.844,429273.0,1.49,202511.0,0,95.8,0.208,0.866,67.4,0.114,0.6,89.1,89.7,95.8,68.2,77.6,79.2,Healthy,healthy
BIZ00969,Bora Ltd,Construction Materials,8,7.4,0,0.615,347243.0,0.89,84256.0,1,84.8,0.257,0.527,65.6,0.423,1.047,73.1,40.9,84.8,44.5,54.5,55.9,Moderate,moderate
BIZ00970,"Bumb, Rau and Gara",Retail Trade,4,8.6,0,0.866,250968.0,1.26,44320.0,0,80.9,0.279,0.611,67.1,0.223,0.95,85.7,40.1,80.9,47.4,62.9,60.0,Moderate,moderate
BIZ00971,"Ratta, Bali and Bala",Textiles,22,5.4,0,0.825,138871.0,1.21,21537.0,2,73.5,0.461,0.712,62.4,0.226,0.873,71.7,21.4,73.5,32.4,65.5,47.9,Moderate,moderate
BIZ00972,Parekh Group,Construction Materials,5,11.4,1,0.339,30199.0,0.73,37854.0,5,55.8,0.598,0.57,29.8,0.486,0.924,26.7,2.2,55.8,46.2,43.4,27.2,At-Risk,at_risk
BIZ00973,Bhalla Inc,Retail Trade,12,6.1,0,0.654,168449.0,1.15,76371.0,0,73.1,0.371,0.371,47.6,0.158,0.681,62.6,48.4,73.1,37.2,51.7,58.8,Moderate,moderate
BIZ00974,Ranganathan LLC,Textiles,11,7.3,1,0.962,547951.0,1.62,251549.0,1,93.2,0.124,0.984,80.1,0.108,0.577,97.4,87.5,93.2,48.2,86.5,88.8,Healthy,healthy
BIZ00975,Rout and Sons,Manufacturing,12,14.4,1,0.901,634301.0,1.01,165995.0,0,91.8,0.146,0.94,72.7,0.044,0.594,93.1,75.6,91.8,68.8,83.5,77.2,Healthy,healthy
BIZ00976,Sankaran-Naidu,Retail Trade,2,11.1,0,0.878,688625.0,1.3,155490.0,0,94.8,0.161,0.868,71.5,0.118,0.643,91.4,77.9,94.8,58.5,78.6,84.8,Healthy,healthy
BIZ00977,"Chandra, Gopal and Salvi",Construction Materials,2,13.7,0,0.701,273186.0,1.05,23405.0,2,69.3,0.249,0.468,72.6,0.333,0.726,76.4,18.7,69.3,63.6,59.9,54.4,Moderate,moderate
BIZ00978,"Kakar, Loke and Saran",Food & Beverage,5,13.7,0,0.97,608839.0,1.02,155171.0,0,99.8,0.168,0.9,76.5,0.15,0.409,97.9,72.2,99.8,66.0,83.2,87.3,Healthy,healthy
BIZ00979,Kapoor-Kanda,IT/Services,8,4.4,0,0.942,173103.0,1.06,19140.0,2,79.9,0.329,0.633,61.9,0.205,0.653,83.3,17.6,79.9,33.3,65.2,54.9,Moderate,moderate
BIZ00980,Dutta-Bandi,IT/Services,8,11.8,0,0.836,209815.0,1.0,137788.0,5,71.0,0.326,0.725,38.1,0.257,0.916,79.5,40.8,71.0,55.6,56.4,59.5,Moderate,moderate
BIZ00981,"Kota, Apte and Ganguly",Manufacturing,18,10.7,0,0.922,187996.0,1.06,145179.0,1,93.6,0.24,0.889,72.1,0.105,0.648,83.3,64.5,93.6,54.9,79.7,76.3,Healthy,healthy
BIZ00982,Mohanty-Nanda,Food & Beverage,3,6.7,0,0.457,75041.0,0.82,1000.0,6,14.7,0.462,0.407,27.3,0.362,1.221,39.5,0.0,14.7,36.2,36.5,25.1,At-Risk,at_risk
BIZ00983,Arora-Tailor,Food & Beverage,8,13.9,1,0.939,467719.0,1.21,187812.0,0,95.8,0.186,0.876,69.4,0.106,0.473,95.8,84.2,95.8,66.1,80.1,84.7,Healthy,healthy
BIZ00984,Sura-Kunda,Auto Services,2,7.6,0,0.982,390876.0,1.01,148383.0,1,100.0,0.251,0.803,81.0,0.14,0.485,98.8,64.6,100.0,45.3,80.8,79.1,Healthy,healthy
BIZ00985,Pandya-Purohit,Food & Beverage,3,9.3,0,0.783,357662.0,1.15,66998.0,2,77.7,0.421,0.575,73.3,0.184,0.775,84.8,35.3,77.7,45.3,66.3,61.5,Moderate,moderate
BIZ00986,Dalal Group,Food & Beverage,1,12.7,1,0.574,110114.0,0.89,38723.0,0,78.7,0.234,0.602,66.4,0.214,0.691,51.2,30.7,78.7,61.1,65.1,51.2,Moderate,moderate
BIZ00987,Randhawa-Agrawal,IT/Services,2,4.5,0,0.775,242511.0,1.17,1000.0,1,66.1,0.354,0.565,49.3,0.192,0.635,78.5,18.7,66.1,32.9,58.8,53.9,Moderate,moderate
BIZ00988,Balan-Sha,Construction Materials,6,5.0,0,0.769,330011.0,1.0,65946.0,1,74.7,0.381,0.748,49.9,0.255,0.858,83.9,37.1,74.7,33.6,61.9,55.2,Moderate,moderate
BIZ00989,Sarkar Ltd,Manufacturing,1,6.8,1,0.889,341591.0,1.05,146609.0,0,87.9,0.095,0.965,70.7,0.108,0.556,92.2,69.8,87.9,47.6,82.8,82.4,Healthy,healthy
BIZ00990,Mitter-Shetty,Retail Trade,7,6.2,1,0.571,214364.0,0.55,15587.0,4,61.3,0.663,0.084,55.2,0.541,1.118,61.4,0.0,61.3,28.7,32.3,38.0,At-Risk,at_risk
BIZ00991,"Parikh, Sharaf and Saxena",Agri-processing,1,10.1,1,0.596,124823.0,0.8,13833.0,6,57.8,0.519,0.28,61.9,0.636,1.328,54.2,0.0,57.8,44.7,38.7,34.6,At-Risk,at_risk
BIZ00992,Deep LLC,Auto Services,1,10.6,1,0.651,197341.0,1.12,83245.0,1,91.3,0.374,0.567,71.1,0.456,0.854,65.3,45.2,91.3,50.6,59.1,57.1,Moderate,moderate
BIZ00993,Madan-Pillai,Retail Trade,10,15.0,0,0.879,705351.0,1.37,153894.0,0,93.8,0.248,0.924,75.0,0.114,0.548,91.5,78.8,93.8,67.6,82.8,84.9,Healthy,healthy
BIZ00994,Purohit-Kashyap,Food & Beverage,5,2.8,1,0.787,309552.0,1.11,58198.0,1,89.0,0.313,0.415,46.1,0.283,0.767,85.1,36.5,89.0,29.0,49.3,65.9,Moderate,moderate
BIZ00995,"Mannan, Kant and Narain",Agri-processing,2,9.5,1,0.81,150382.0,1.16,236839.0,0,93.3,0.162,0.949,83.1,0.189,0.48,71.8,83.2,93.3,53.6,85.7,75.9,Healthy,healthy
BIZ00996,Manda-Sarkar,Manufacturing,1,14.7,0,0.817,208242.0,1.56,148259.0,0,87.1,0.156,0.849,74.1,0.132,0.59,78.0,80.6,87.1,69.4,79.1,78.9,Healthy,healthy
BIZ00997,"Gade, Das and Gera",Manufacturing,2,9.2,0,0.548,82629.0,0.79,13617.0,4,45.4,0.591,0.154,30.7,0.435,0.873,46.6,0.3,45.4,39.9,30.7,34.8,At-Risk,at_risk
BIZ00998,"Roy, Manda and Sankar",Food & Beverage,12,13.5,0,0.824,414945.0,1.33,116000.0,0,94.0,0.169,0.78,71.6,0.0,0.534,87.7,65.3,94.0,65.4,79.0,78.9,Healthy,healthy
BIZ00999,"Borde, Mangat and Kaul",IT/Services,7,12.3,0,0.36,72406.0,0.96,7698.0,2,48.6,0.749,0.325,50.5,0.715,0.937,32.4,11.8,48.6,44.4,37.4,31.5,At-Risk,at_risk
BIZ01000,Bhardwaj-Dhaliwal,Food & Beverage,11,0.8,1,0.734,267683.0,1.07,53688.0,2,86.9,0.551,0.684,54.3,0.199,1.016,78.1,29.2,86.9,15.9,60.8,57.9,Moderate,moderate
BIZ01001,"Dugar, Kaur and Oak",Textiles,3,8.8,1,0.822,530137.0,1.14,223330.0,1,88.8,0.102,0.837,74.1,0.063,0.57,87.5,77.8,88.8,53.3,80.3,81.8,Healthy,healthy
BIZ01002,"Parmer, Bala and Bora",Textiles,1,0.8,1,0.818,99550.0,1.23,80941.0,3,72.0,0.202,0.48,63.7,0.204,0.943,67.2,36.7,72.0,26.3,57.6,56.5,Moderate,moderate
BIZ01003,Dhingra Ltd,Textiles,16,4.4,0,0.499,97775.0,0.66,27429.0,5,38.5,0.61,0.421,31.6,0.376,1.204,44.7,0.0,38.5,24.9,38.3,25.4,At-Risk,at_risk
BIZ01004,Dubey Ltd,Manufacturing,5,12.6,0,0.693,294990.0,0.97,90655.0,2,69.7,0.197,0.578,59.1,0.381,0.862,78.0,39.6,69.7,61.9,56.7,64.8,Moderate,moderate
BIZ01005,Nori Ltd,IT/Services,11,6.6,0,0.482,97403.0,0.85,18270.0,7,43.0,0.713,0.495,12.1,0.489,1.244,43.5,0.0,43.0,28.4,31.8,23.2,At-Risk,at_risk
BIZ01006,Dani LLC,Agri-processing,8,8.4,0,0.755,378609.0,0.87,59241.0,3,65.8,0.22,0.57,77.0,0.483,0.809,82.9,22.1,65.8,48.6,61.1,55.1,Moderate,moderate
BIZ01007,De Ltd,Auto Services,7,4.5,0,0.663,249534.0,1.09,49779.0,2,87.2,0.287,0.517,61.3,0.263,0.57,71.4,28.3,87.2,34.9,60.6,56.0,Moderate,moderate
BIZ01008,Dasgupta-Pant,Auto Services,4,15.0,0,0.482,12479.0,0.99,26874.0,0,24.1,0.554,0.118,50.4,0.543,1.019,35.0,28.8,24.1,58.4,32.7,33.4,At-Risk,at_risk
BIZ01009,"Ben, Verma and Ramaswamy",IT/Services,5,9.1,1,0.855,314402.0,1.25,311482.0,0,89.6,0.231,1.0,97.1,0.189,0.462,89.8,84.9,89.6,50.4,92.6,83.7,Healthy,healthy
BIZ01010,"Deshmukh, Koshy and Uppal",Auto Services,30,1.4,1,0.857,5000.0,1.1,90378.0,0,69.7,0.239,0.586,47.9,0.281,0.793,60.5,52.2,69.7,27.0,55.7,57.1,Moderate,moderate
BIZ01011,"Bhandari, Bajaj and Bhagat",Textiles,14,11.6,1,0.907,475390.0,1.25,283545.0,0,99.9,0.202,0.951,62.3,0.168,0.361,93.5,84.9,99.9,58.7,80.1,80.8,Healthy,healthy
BIZ01012,Kakar-Keer,Auto Services,3,6.7,0,0.314,74604.0,0.84,3211.0,8,62.8,0.658,0.452,15.0,0.339,0.957,29.4,0.0,62.8,30.3,36.7,27.6,At-Risk,at_risk
BIZ01013,"Batra, Hegde and Dave",Construction Materials,3,8.8,1,0.392,86046.0,0.78,8652.0,2,40.6,0.561,0.337,61.7,0.586,1.173,36.0,8.5,40.6,39.6,41.9,32.0,At-Risk,at_risk
BIZ01014,"Khanna, Oak and Sharaf",Manufacturing,3,3.0,1,0.923,573350.0,1.29,137981.0,0,83.9,0.138,0.856,75.7,0.037,0.452,94.6,71.9,83.9,34.9,83.2,76.5,Healthy,healthy
BIZ01015,Datta and Sons,Auto Services,7,2.6,1,0.898,230697.0,1.12,68446.0,1,88.4,0.262,0.737,69.8,0.136,0.757,86.0,40.3,88.4,29.9,72.0,65.7,Moderate,moderate
BIZ01016,"Shetty, Goel and Bath",Agri-processing,7,13.8,0,0.121,83594.0,0.97,29934.0,2,42.0,0.464,0.416,23.9,0.492,1.095,16.8,19.4,42.0,57.5,34.1,29.4,At-Risk,at_risk
BIZ01017,Gole-Babu,Textiles,18,3.3,0,0.845,767450.0,1.21,269607.0,1,96.5,0.189,0.893,62.1,0.112,0.498,89.1,79.2,96.5,34.2,77.8,77.2,Healthy,healthy
BIZ01018,"Thakur, Madan and Shanker",Food & Beverage,4,7.2,0,0.628,211574.0,1.16,70522.0,0,81.6,0.453,0.523,62.5,0.293,0.819,65.1,46.7,81.6,38.0,58.2,57.3,Moderate,moderate
BIZ01019,Dyal and Sons,Food & Beverage,10,9.7,1,0.313,77452.0,0.78,11999.0,3,29.9,0.567,0.186,39.4,0.263,1.214,29.7,4.7,29.9,42.1,35.0,29.4,At-Risk,at_risk
BIZ01020,Pall-Pandit,Retail Trade,4,9.9,1,0.922,300122.0,1.06,168751.0,0,91.4,0.164,1.0,74.2,0.182,0.579,94.5,77.5,91.4,54.8,83.6,81.5,Healthy,healthy
BIZ01021,Bera-Dube,Auto Services,2,9.7,1,0.577,132555.0,1.35,59503.0,2,66.8,0.317,0.481,57.6,0.308,0.828,53.6,36.9,66.8,49.6,54.6,52.9,Moderate,moderate
BIZ01022,"Borde, Parmer and Chand",Auto Services,5,4.0,0,0.849,493814.0,1.34,193001.0,1,91.9,0.236,0.891,73.5,0.112,0.478,89.4,81.7,91.9,34.9,81.9,82.1,Healthy,healthy
BIZ01023,"Khalsa, Borah and Butala",Food & Beverage,3,5.5,1,0.391,43740.0,0.89,5712.0,3,62.6,0.917,0.417,33.5,0.42,0.848,31.8,4.7,62.6,19.0,41.4,33.9,At-Risk,at_risk
BIZ01024,"Wagle, Sachdeva and Kulkarni",Auto Services,7,9.5,0,0.515,66880.0,0.82,6480.0,6,38.3,0.415,0.248,52.8,0.734,1.142,42.7,0.0,38.3,46.0,33.1,26.3,At-Risk,at_risk
BIZ01025,Dutt Inc,Food & Beverage,2,13.0,1,0.39,134450.0,0.96,11126.0,3,52.7,0.53,0.186,21.1,0.454,1.265,40.8,8.0,52.7,53.1,24.8,35.3,At-Risk,at_risk
BIZ01026,"Joshi, Trivedi and Nagi",Manufacturing,1,13.6,1,0.731,204216.0,1.2,58788.0,0,72.6,0.257,0.647,63.6,0.292,0.556,71.6,43.5,72.6,63.1,65.5,60.8,Moderate,moderate
BIZ01027,Tella-Jayaraman,IT/Services,3,6.6,0,0.382,102299.0,0.87,38182.0,6,43.9,0.509,0.109,44.9,0.323,0.927,37.0,0.1,43.9,34.5,35.8,30.0,At-Risk,at_risk
BIZ01028,"Bir, Agarwal and Sandhu",Construction Materials,5,2.6,1,0.392,40502.0,0.81,4936.0,4,57.7,0.437,0.321,54.6,0.451,0.687,31.5,0.0,57.7,24.7,46.5,22.5,At-Risk,at_risk
BIZ01029,Golla-Dhar,Retail Trade,8,1.2,1,0.865,314595.0,1.24,112460.0,0,100.0,0.147,0.84,60.8,0.174,0.559,90.5,62.4,100.0,29.2,73.6,70.9,Healthy,healthy
BIZ01030,Misra PLC,Agri-processing,4,7.7,0,0.791,92234.0,0.94,34799.0,5,31.4,0.336,0.308,55.1,0.591,1.035,64.6,5.3,31.4,43.0,39.9,41.4,At-Risk,at_risk
BIZ01031,Suresh PLC,Auto Services,4,2.9,1,0.804,488128.0,1.51,166256.0,0,94.5,0.165,0.991,80.7,0.151,0.489,86.3,85.6,94.5,33.7,87.0,88.2,Healthy,healthy
BIZ01032,"Sha, Pillai and Hayer",Auto Services,1,5.7,1,0.664,196845.0,1.18,25817.0,2,72.8,0.294,0.606,62.6,0.311,0.706,66.2,22.1,72.8,38.3,61.8,54.2,Moderate,moderate
BIZ01033,"Seshadri, Oza and Sibal",Manufacturing,5,1.5,1,0.838,441948.0,1.42,280098.0,0,90.2,0.099,0.963,66.9,0.05,0.439,88.6,88.3,90.2,31.5,83.7,79.3,Healthy,healthy
BIZ01034,"Karan, Mand and Nayar",Manufacturing,18,5.1,0,0.955,551457.0,1.28,215934.0,1,99.2,0.21,0.954,64.9,0.149,0.599,96.8,80.5,99.2,39.0,79.2,85.3,Healthy,healthy
BIZ01035,"Pillay, Chakrabarti and Wable",Construction Materials,2,10.8,0,0.914,142715.0,1.3,176976.0,0,96.2,0.232,0.673,55.7,0.082,0.52,78.2,85.0,96.2,55.4,68.2,79.2,Healthy,healthy
BIZ01036,"Wali, Mane and Sagar",Retail Trade,7,3.8,0,0.778,353218.0,1.08,49783.0,2,82.6,0.394,0.628,56.4,0.442,0.738,84.4,28.1,82.6,29.6,57.5,56.4,Moderate,moderate
BIZ01037,Barad Inc,Agri-processing,3,2.4,1,0.875,404466.0,1.36,141496.0,0,95.1,0.114,1.0,67.7,0.143,0.443,91.2,74.4,95.1,33.8,83.4,82.4,Healthy,healthy
BIZ01038,Kari Group,Manufacturing,9,5.1,0,0.679,371409.0,1.12,103270.0,1,75.6,0.336,0.707,57.6,0.218,0.738,77.6,51.9,75.6,35.2,65.2,61.5,Moderate,moderate
BIZ01039,Agate-Dutta,IT/Services,9,2.8,1,0.897,271908.0,1.24,113751.0,0,92.6,0.213,1.0,75.2,0.147,0.561,90.0,62.7,92.6,32.0,84.8,76.7,Healthy,healthy
BIZ01040,Sagar LLC,IT/Services,7,2.4,1,0.934,675591.0,1.01,195806.0,0,94.7,0.224,0.873,63.6,0.115,0.61,95.4,80.1,94.7,30.5,76.4,77.6,Healthy,healthy
BIZ01041,Karan Group,Retail Trade,10,0.8,1,0.742,357424.0,0.94,115450.0,0,83.2,0.191,0.687,47.5,0.262,0.921,81.9,57.3,83.2,26.7,58.2,65.2,Moderate,moderate
BIZ01042,"Shetty, Cheema and Viswanathan",Food & Beverage,11,10.9,1,0.464,77854.0,0.88,23822.0,5,36.6,0.597,0.374,34.2,0.623,1.312,40.2,0.6,36.6,44.8,32.6,23.7,At-Risk,at_risk
BIZ01043,Majumdar LLC,Manufacturing,1,1.9,1,0.931,532283.0,1.1,172351.0,0,95.7,0.058,1.0,58.2,0.165,0.624,95.2,79.5,95.7,34.0,77.8,76.2,Healthy,healthy
BIZ01044,"Dar, Kant and Ahuja",Textiles,9,5.1,0,0.792,38922.0,0.84,55031.0,0,62.9,0.351,0.569,58.6,0.217,0.808,59.3,35.2,62.9,34.8,60.0,48.0,Moderate,moderate
BIZ01045,Sami Inc,Food & Beverage,7,6.2,0,0.618,17918.0,0.94,16701.0,9,47.4,0.404,0.442,39.4,0.564,1.086,45.1,0.0,47.4,36.5,39.1,38.2,At-Risk,at_risk
BIZ01046,"Sood, Sankaran and Sawhney",Auto Services,4,13.7,0,0.857,277543.0,1.39,55972.0,1,86.0,0.291,0.615,59.0,0.283,0.672,87.8,41.5,86.0,62.4,61.8,67.7,Moderate,moderate
BIZ01047,Shetty-Dutt,Agri-processing,5,15.0,0,0.794,323089.0,1.43,202389.0,0,87.6,0.107,0.93,82.3,0.106,0.503,85.6,88.7,87.6,71.8,86.2,79.7,Healthy,healthy
BIZ01048,Narain-Swaminathan,Food & Beverage,5,11.1,0,0.955,535253.0,1.37,135263.0,0,91.6,0.151,0.89,70.0,0.164,0.522,96.8,72.5,91.6,58.8,79.1,80.4,Healthy,healthy
BIZ01049,Gopal Ltd,Textiles,1,14.2,0,0.491,5000.0,1.02,19242.0,9,36.0,0.536,0.222,41.7,0.307,0.764,34.8,0.0,36.0,56.5,40.6,37.6,At-Risk,at_risk
BIZ01050,Balan Ltd,Textiles,22,1.5,1,0.935,721631.0,1.18,172326.0,0,88.1,0.18,0.883,61.6,0.046,0.599,95.4,81.1,88.1,29.1,77.5,80.4,Healthy,healthy
BIZ01051,"Brahmbhatt, Verma and Mohan",Food & Beverage,7,8.8,0,0.546,191337.0,0.95,21154.0,6,65.3,0.382,0.684,59.5,0.41,1.151,57.4,0.0,65.3,44.9,57.0,42.6,At-Risk,at_risk
BIZ01052,"Sachdev, Goyal and Bava",Construction Materials,8,13.5,0,0.757,226542.0,1.05,80358.0,2,71.4,0.278,0.618,79.5,0.239,0.581,75.6,37.7,71.4,62.2,70.8,61.6,Moderate,moderate
BIZ01053,Panchal-Mittal,IT/Services,13,12.1,0,0.374,5000.0,0.97,1000.0,6,63.4,0.586,0.096,31.2,0.715,1.23,26.7,0.0,63.4,48.7,20.0,29.7,At-Risk,at_risk
BIZ01054,Bhat-Sahni,IT/Services,6,10.6,0,0.481,47733.0,0.84,17240.0,5,57.4,0.549,0.516,49.9,0.438,1.041,38.5,0.0,57.4,45.3,48.4,39.0,At-Risk,at_risk
BIZ01055,Kadakia Inc,Agri-processing,17,11.2,0,0.408,51031.0,0.82,20707.0,6,30.6,0.763,0.321,34.1,0.446,1.06,33.7,0.0,30.6,40.7,35.6,29.2,At-Risk,at_risk
BIZ01056,Lad Inc,Auto Services,7,7.0,0,0.969,563425.0,1.24,117877.0,0,100.0,0.126,0.983,72.4,0.09,0.418,97.9,64.1,100.0,47.2,85.8,80.9,Healthy,healthy
BIZ01057,Manda-Apte,Textiles,17,6.8,0,0.399,103425.0,0.98,19933.0,6,74.4,0.564,0.15,45.0,0.609,1.396,38.3,0.0,74.4,33.5,28.8,37.6,At-Risk,at_risk
BIZ01058,Patel Group,Auto Services,7,3.7,1,0.717,162022.0,1.06,63918.0,1,78.5,0.323,0.59,77.4,0.338,0.852,66.4,37.5,78.5,31.4,64.4,55.6,Moderate,moderate
BIZ01059,Bakshi PLC,Textiles,7,7.3,1,0.797,332723.0,1.04,85665.0,1,80.8,0.435,0.464,55.7,0.232,0.629,85.8,44.4,80.8,38.8,56.8,59.9,Moderate,moderate
BIZ01060,"Jani, Bobal and Sinha",Food & Beverage,6,13.4,0,0.561,336518.0,1.03,50978.0,2,85.3,0.276,0.688,64.4,0.377,0.708,69.3,27.5,85.3,61.9,64.0,54.7,Moderate,moderate
BIZ01061,Sengupta-Nagi,Construction Materials,7,12.4,0,0.45,114173.0,0.93,18448.0,4,48.5,0.774,0.154,70.6,0.803,0.934,43.0,4.8,48.5,44.0,36.7,32.4,At-Risk,at_risk
BIZ01062,Sampath-Chokshi,IT/Services,15,13.0,0,0.438,126437.0,0.76,5386.0,5,81.1,0.348,0.137,49.3,0.542,1.19,43.3,0.0,81.1,58.6,31.3,38.8,At-Risk,at_risk
BIZ01063,"Kar, Dyal and Majumdar",Auto Services,23,7.0,1,0.359,52344.0,0.82,1000.0,8,51.2,0.519,0.248,27.5,0.485,0.912,30.4,0.0,51.2,35.4,31.5,32.4,At-Risk,at_risk
BIZ01064,Chawla LLC,IT/Services,10,3.2,0,0.617,128448.0,1.17,88032.0,3,80.6,0.41,0.514,56.9,0.231,0.744,56.0,37.7,80.6,27.3,57.8,54.4,Moderate,moderate
BIZ01065,"Chauhan, Keer and Buch",Textiles,1,10.5,0,0.849,154380.0,0.95,88677.0,2,73.7,0.266,0.542,53.2,0.443,0.782,74.8,38.6,73.7,53.5,52.9,59.5,Moderate,moderate
BIZ01066,Dyal-Lad,Retail Trade,3,0.7,1,0.788,340037.0,1.11,53265.0,1,68.3,0.307,0.51,44.2,0.31,0.805,85.2,35.0,68.3,22.9,51.1,59.9,Moderate,moderate
BIZ01067,"Pant, Iyer and Mammen",Agri-processing,4,6.2,1,0.835,775539.0,1.38,113666.0,0,99.7,0.141,1.0,64.5,0.099,0.599,88.4,65.5,99.7,44.4,81.6,79.1,Healthy,healthy
BIZ01068,Narula-Bhasin,Agri-processing,5,14.8,0,0.89,391037.0,1.26,112655.0,0,100.0,0.204,0.853,65.6,0.083,0.495,92.3,62.8,100.0,68.3,78.2,87.2,Healthy,healthy
BIZ01069,"Dhar, Pandit and Kale",Retail Trade,21,7.8,1,0.939,373711.0,0.89,97952.0,0,97.9,0.22,0.839,77.0,0.111,0.487,95.7,50.5,97.9,46.8,81.2,80.5,Healthy,healthy
BIZ01070,"Prakash, Arya and Bava",Auto Services,10,4.6,1,0.88,433750.0,1.47,196165.0,0,93.5,0.254,0.886,56.4,0.243,0.555,91.6,89.4,93.5,36.2,72.3,81.8,Healthy,healthy
BIZ01071,Choudhary-Loyal,Retail Trade,2,6.8,0,0.865,704347.0,1.45,166832.0,0,86.6,0.187,0.887,81.9,0.171,0.564,90.5,84.5,86.6,44.8,82.6,79.9,Healthy,healthy
BIZ01072,Atwal Inc,Agri-processing,3,12.7,1,0.977,327710.0,1.09,213342.0,0,96.8,0.108,0.776,63.5,0.099,0.416,98.4,81.7,96.8,64.9,75.2,79.6,Healthy,healthy
BIZ01073,Kibe Inc,Construction Materials,2,11.5,0,0.952,472361.0,1.19,232559.0,0,100.0,0.152,0.99,75.4,0.066,0.479,96.6,83.8,100.0,59.9,86.9,85.1,Healthy,healthy
BIZ01074,Minhas-Oak,Retail Trade,3,13.2,0,0.952,92701.0,1.21,113874.0,0,91.6,0.191,0.878,66.4,0.116,0.604,75.9,62.2,91.6,63.9,77.6,67.3,Moderate,healthy
BIZ01075,Seth LLC,Retail Trade,10,9.3,0,0.442,152217.0,1.0,24579.0,3,42.6,0.676,0.433,32.6,0.49,0.974,46.2,13.2,42.6,37.6,39.0,34.1,At-Risk,at_risk
BIZ01076,Gupta-Batta,Construction Materials,13,2.5,1,0.757,204989.0,1.11,70096.0,0,69.2,0.317,0.519,60.1,0.236,0.661,73.5,45.6,69.2,28.0,59.9,54.7,Moderate,moderate
BIZ01077,Buch-Banik,Auto Services,9,14.8,0,0.954,481087.0,1.23,119498.0,0,94.9,0.197,0.811,74.9,0.154,0.531,96.8,64.5,94.9,68.5,78.2,85.6,Healthy,healthy
BIZ01078,"Patla, Gala and Salvi",Retail Trade,18,9.4,0,0.73,173593.0,1.21,49165.0,2,85.6,0.378,0.572,41.7,0.226,0.672,68.4,30.7,85.6,46.9,55.4,59.1,Moderate,moderate
BIZ01079,"Chand, Shan and Purohit",Manufacturing,7,1.2,1,0.913,672636.0,0.98,181740.0,0,98.4,0.177,0.9,57.9,0.114,0.479,93.9,79.7,98.4,28.3,76.7,77.4,Healthy,healthy
BIZ01080,Patla LLC,Retail Trade,8,7.1,1,0.44,28346.0,0.63,23913.0,5,45.2,0.611,0.172,41.1,0.5,1.091,33.6,0.0,45.2,33.0,31.5,27.3,At-Risk,at_risk
BIZ01081,Banerjee PLC,Food & Beverage,8,12.6,0,0.353,5000.0,0.92,12037.0,4,52.9,0.584,0.246,32.4,0.577,1.161,25.2,2.3,52.9,50.3,28.8,26.3,At-Risk,at_risk
BIZ01082,Balan-Sastry,Manufacturing,4,1.3,1,0.888,706358.0,1.12,194680.0,0,94.3,0.141,0.964,73.2,0.073,0.634,92.2,82.4,94.3,29.7,83.5,80.0,Healthy,healthy
BIZ01083,Garde Ltd,Construction Materials,12,7.0,1,0.615,252894.0,0.98,98870.0,2,73.3,0.395,0.61,36.4,0.329,0.685,68.4,42.5,73.3,39.2,52.7,53.7,Moderate,moderate
BIZ01084,Menon Group,Manufacturing,10,14.3,0,0.273,5000.0,0.63,12233.0,8,69.0,0.7,0.323,28.7,0.388,0.717,19.6,0.0,69.0,51.9,38.4,34.6,At-Risk,at_risk
BIZ01085,Uppal-Kala,Auto Services,7,12.0,0,0.61,70000.0,0.81,1903.0,1,49.7,0.629,0.291,56.8,0.497,1.275,49.7,11.8,49.7,47.1,40.1,37.9,At-Risk,at_risk
BIZ01086,Khanna-Manda,Manufacturing,2,5.3,0,0.642,58014.0,0.99,82842.0,2,78.1,0.456,0.848,55.2,0.353,0.788,50.7,37.4,78.1,32.2,66.1,52.4,Moderate,moderate
BIZ01087,"Sagar, Lalla and Sani",Food & Beverage,6,9.0,1,0.687,282468.0,1.21,21892.0,2,79.2,0.389,0.797,60.2,0.435,0.921,76.3,21.4,79.2,45.3,63.0,58.9,Moderate,moderate
BIZ01088,Hari Group,Auto Services,1,9.9,0,0.831,560729.0,1.56,128680.0,0,91.3,0.226,0.853,84.0,0.094,0.748,88.1,74.1,91.3,52.9,81.9,81.4,Healthy,healthy
BIZ01089,"Setty, Walia and Halder",IT/Services,20,6.7,1,0.373,48912.0,1.01,19459.0,7,21.6,0.674,0.392,28.4,0.529,1.009,31.0,0.0,21.6,29.9,35.0,23.3,At-Risk,at_risk
BIZ01090,Pall-Kar,Retail Trade,10,0.7,1,0.999,294505.0,1.36,173562.0,0,98.6,0.219,0.937,76.3,0.129,0.605,99.4,85.1,98.6,25.5,82.9,84.7,Healthy,healthy
BIZ01091,"Rastogi, Saran and Bali",Food & Beverage,4,6.9,0,0.487,127917.0,0.85,13594.0,7,34.0,0.444,0.394,39.2,0.485,0.967,46.9,0.0,34.0,37.4,40.1,30.6,At-Risk,at_risk
BIZ01092,Thaman Group,Food & Beverage,12,4.0,1,0.775,256603.0,1.13,85501.0,1,64.7,0.177,0.631,57.3,0.207,0.684,79.9,46.1,64.7,36.7,63.2,59.8,Moderate,moderate
BIZ01093,"Sarma, Ahluwalia and Tiwari",Food & Beverage,5,13.6,0,0.58,197936.0,0.96,89861.0,0,82.6,0.421,0.577,52.3,0.404,0.794,60.4,49.2,82.6,58.2,54.5,65.8,Moderate,moderate
BIZ01094,Saxena Group,Textiles,1,10.3,0,0.85,87868.0,1.19,1000.0,2,79.9,0.43,0.726,67.1,0.255,0.711,68.3,14.2,79.9,48.0,68.7,55.1,Moderate,moderate
BIZ01095,"Varkey, Kamdar and Mishra",Auto Services,4,9.9,0,0.895,666873.0,1.28,198590.0,0,96.7,0.238,0.902,72.7,0.15,0.598,92.7,85.6,96.7,52.6,80.0,80.5,Healthy,healthy
BIZ01096,"Chawla, Swamy and Sidhu",Textiles,3,9.7,0,0.943,494524.0,1.22,231145.0,1,95.6,0.192,0.963,83.4,0.057,0.445,96.0,79.4,95.6,53.3,89.3,82.0,Healthy,healthy
BIZ01097,Kamdar Ltd,Textiles,7,11.4,1,0.924,415221.0,1.26,208927.0,0,94.5,0.144,0.958,80.2,0.173,0.588,94.7,85.2,94.5,59.9,84.3,81.8,Healthy,healthy
BIZ01098,Murty Ltd,Construction Materials,6,0.9,1,0.969,389773.0,1.01,114342.0,0,95.7,0.236,0.842,74.3,0.087,0.644,97.9,58.4,95.7,25.6,79.3,72.0,Healthy,healthy
BIZ01099,Gola Inc,Auto Services,20,2.7,1,0.385,67162.0,1.08,24526.0,9,37.8,0.355,0.049,26.6,0.492,1.25,33.7,0.0,37.8,27.4,21.2,25.1,At-Risk,at_risk
BIZ01100,Pandey-Barman,IT/Services,5,1.9,1,0.942,450783.0,1.16,171085.0,1,91.6,0.128,0.966,72.6,0.091,0.518,95.9,75.3,91.6,31.9,84.2,82.0,Healthy,healthy
BIZ01101,Naidu Group,Textiles,5,12.7,0,0.955,296407.0,1.26,147324.0,0,94.8,0.124,0.762,55.6,0.096,0.533,96.5,74.4,94.8,64.4,70.9,79.0,Healthy,healthy
BIZ01102,Vaidya-Bhatia,Retail Trade,1,9.6,0,0.586,23445.0,0.9,17119.0,3,44.8,0.547,0.196,39.7,0.463,1.017,43.3,8.7,44.8,42.4,33.3,35.4,At-Risk,at_risk
BIZ01103,"Sodhi, Bandi and Bassi",Food & Beverage,15,8.7,0,0.52,107365.0,0.86,33046.0,5,35.9,0.655,0.343,47.5,0.381,1.199,47.2,3.2,35.9,36.5,41.0,29.5,At-Risk,at_risk
BIZ01104,"Balay, Varty and Mukhopadhyay",IT/Services,7,8.8,0,0.362,5000.0,0.59,41135.0,2,48.0,0.612,0.0,21.9,0.567,0.946,25.9,15.5,48.0,38.0,18.9,20.4,At-Risk,at_risk
BIZ01105,Deo-Prakash,IT/Services,1,14.7,0,0.499,166743.0,0.51,37408.0,5,63.7,0.698,0.338,43.4,0.467,1.157,51.6,0.0,63.7,53.2,38.1,39.2,At-Risk,at_risk
BIZ01106,Dara and Sons,IT/Services,11,11.1,0,0.972,630519.0,1.33,118361.0,0,93.4,0.145,0.765,71.7,0.112,0.569,98.1,66.1,93.4,59.0,75.9,84.0,Healthy,healthy
BIZ01107,"Memon, Choudhary and Samra",Agri-processing,3,14.6,0,0.896,491008.0,0.88,134663.0,0,96.9,0.147,0.999,72.1,0.094,0.555,92.7,62.5,96.9,69.4,84.7,79.7,Healthy,healthy
BIZ01108,"Srinivas, Viswanathan and Bhardwaj",Food & Beverage,6,4.0,1,0.499,124911.0,1.01,12409.0,6,49.7,0.665,0.454,34.4,0.431,0.924,47.4,0.0,49.7,22.0,42.1,27.8,At-Risk,at_risk
BIZ01109,Sastry Group,Construction Materials,4,14.5,1,0.822,294871.0,0.93,56478.0,0,86.5,0.374,0.733,63.1,0.243,0.778,87.0,37.4,86.5,62.3,67.1,67.2,Moderate,moderate
BIZ01110,Kunda PLC,IT/Services,19,4.4,0,0.959,674400.0,1.21,116694.0,0,92.3,0.215,0.811,86.7,0.107,0.643,97.1,63.0,92.3,36.8,82.2,75.7,Healthy,healthy
BIZ01111,Seth-Som,IT/Services,8,1.9,1,0.363,130253.0,0.98,12825.0,3,87.7,0.356,0.393,69.5,0.313,1.085,38.4,8.9,87.7,25.0,53.0,43.9,At-Risk,at_risk
BIZ01112,Madan Inc,Textiles,1,6.4,0,0.94,465331.0,1.11,242009.0,0,88.9,0.149,0.872,72.0,0.132,0.554,95.8,82.2,88.9,44.7,79.6,79.6,Healthy,healthy
BIZ01113,Das LLC,Retail Trade,2,1.6,1,0.86,247172.0,1.13,166011.0,0,88.6,0.222,0.776,62.7,0.048,0.577,84.9,78.0,88.6,28.1,74.4,78.2,Healthy,healthy
BIZ01114,Ramachandran-Dewan,Manufacturing,33,4.0,0,0.799,217178.0,0.93,46030.0,2,77.2,0.258,0.481,61.1,0.284,0.85,77.6,24.0,77.2,34.3,56.0,56.0,Moderate,moderate
BIZ01115,Chander Group,Textiles,7,3.8,1,0.576,169427.0,0.91,64460.0,0,73.5,0.289,0.659,55.6,0.382,0.671,57.3,39.7,73.5,32.7,60.1,53.5,Moderate,moderate
BIZ01116,Patla-Dubey,Food & Beverage,2,2.4,1,0.752,342943.0,0.82,39754.0,0,76.2,0.372,0.703,60.5,0.309,0.558,82.6,29.6,76.2,26.0,66.0,56.9,Moderate,moderate
BIZ01117,Manne-Nair,Construction Materials,10,7.1,1,0.907,378420.0,1.43,123537.0,0,96.5,0.125,0.802,69.0,0.121,0.614,93.5,69.7,96.5,47.5,75.6,74.8,Healthy,healthy
BIZ01118,Chaudhry-Ghose,Construction Materials,8,4.4,0,0.294,124226.0,0.76,25719.0,2,53.8,0.564,0.115,39.1,0.509,1.034,33.0,13.9,53.8,26.3,29.2,25.0,At-Risk,at_risk
BIZ01119,Loke Ltd,IT/Services,3,12.0,0,1.0,550597.0,1.32,188369.0,0,96.9,0.151,0.879,73.5,0.176,0.415,100.0,86.5,96.9,61.5,80.8,82.1,Healthy,healthy
BIZ01120,"Khare, Mall and Garde",Textiles,7,7.6,0,0.857,593913.0,1.06,53756.0,1,94.1,0.234,0.854,72.6,0.161,0.669,90.0,34.2,94.1,45.8,77.4,65.6,Moderate,healthy
BIZ01121,Saraf-Gaba,Auto Services,9,3.1,0,0.33,89414.0,0.87,20099.0,3,60.8,0.394,0.149,46.8,0.711,0.863,32.1,9.1,60.8,27.5,30.7,38.1,At-Risk,at_risk
BIZ01122,"Gara, Loke and Pandey",Manufacturing,10,4.7,0,0.347,128009.0,0.83,14363.0,7,39.8,0.654,0.375,41.3,0.536,0.983,37.1,0.0,39.8,24.5,39.0,26.8,At-Risk,at_risk
BIZ01123,Loyal-Pingle,Agri-processing,4,2.7,1,0.443,44079.0,0.99,19071.0,5,70.2,0.528,0.164,38.1,0.441,1.217,35.4,1.2,70.2,22.3,30.3,29.8,At-Risk,at_risk
BIZ01124,"Ganesan, Wadhwa and Shroff",Auto Services,10,14.8,0,0.414,149615.0,0.64,30075.0,8,60.3,0.524,0.085,39.9,0.304,1.092,44.0,0.0,60.3,58.7,31.9,39.0,At-Risk,at_risk
BIZ01125,Munshi-Sant,Retail Trade,6,14.2,0,0.704,265678.0,1.09,69559.0,0,80.9,0.516,0.424,56.1,0.34,0.721,75.9,44.9,80.9,57.1,52.5,61.8,Moderate,moderate
BIZ01126,"Chaudry, Prashad and Kari",Food & Beverage,1,12.5,0,0.726,225801.0,1.18,21891.0,0,69.6,0.374,0.596,77.1,0.336,0.825,73.4,30.9,69.6,56.3,64.9,58.0,Moderate,moderate
BIZ01127,Chaudhry and Sons,Auto Services,5,9.9,1,0.951,498603.0,0.95,200258.0,1,100.0,0.275,0.824,77.7,0.076,0.54,96.6,74.1,100.0,51.5,81.1,80.1,Healthy,healthy
BIZ01128,Kari-Kota,Construction Materials,20,2.2,1,0.654,293908.0,1.12,43129.0,1,81.1,0.224,0.499,56.8,0.236,0.857,75.2,31.7,81.1,29.9,56.1,56.7,Moderate,moderate
BIZ01129,Raju-Tara,Food & Beverage,4,12.1,1,0.854,439590.0,1.52,176069.0,0,94.8,0.127,0.881,57.9,0.117,0.615,89.8,89.0,94.8,62.5,74.6,84.2,Healthy,healthy
BIZ01130,Bhatti Inc,Manufacturing,4,12.2,0,0.896,5000.0,1.15,95233.0,0,95.6,0.179,0.857,82.0,0.061,0.419,63.2,54.8,95.6,61.2,85.3,75.2,Healthy,healthy
BIZ01131,Varma-Chand,Manufacturing,5,10.2,1,0.68,212685.0,1.14,45652.0,3,66.1,0.242,0.404,63.9,0.204,0.605,68.9,23.0,66.1,53.3,58.4,49.4,Moderate,moderate
BIZ01132,Kant and Sons,Agri-processing,4,14.2,0,0.691,341834.0,1.23,61157.0,2,67.1,0.252,0.578,51.5,0.172,0.565,78.4,34.9,67.1,65.0,61.2,61.4,Moderate,moderate
BIZ01133,Johal-Krishnan,Textiles,13,4.6,0,0.784,383030.0,1.1,82457.0,0,95.2,0.159,0.8,75.1,0.097,0.611,84.9,49.4,95.2,39.0,78.2,71.1,Healthy,healthy
BIZ01134,Sandhu-Saini,Auto Services,4,9.9,0,0.79,434880.0,1.3,127351.0,0,97.5,0.083,0.928,57.7,0.109,0.651,85.3,68.4,97.5,57.2,76.0,80.1,Healthy,healthy
BIZ01135,"Dyal, Dada and Sane",Textiles,3,14.7,0,0.665,271572.0,1.03,104192.0,2,81.4,0.412,0.625,49.8,0.199,0.804,73.7,45.4,81.4,61.7,59.3,60.8,Moderate,moderate
BIZ01136,Badami-Baria,Auto Services,11,10.7,0,0.934,257338.0,1.3,157550.0,0,91.7,0.141,0.882,69.4,0.046,0.81,91.1,78.5,91.7,57.9,78.1,78.0,Healthy,healthy
BIZ01137,Ganguly-Borra,Agri-processing,9,1.7,1,0.391,191887.0,0.93,26032.0,6,46.7,0.485,0.167,31.3,0.541,1.283,46.6,0.0,46.7,20.5,26.0,24.3,At-Risk,at_risk
BIZ01138,Vyas Ltd,Construction Materials,8,8.4,1,0.778,231262.0,0.94,36861.0,2,69.6,0.371,0.696,67.6,0.171,0.779,77.6,21.1,69.6,44.1,68.8,58.8,Moderate,moderate
BIZ01139,"Sheth, Ganesan and Nadkarni",Construction Materials,14,11.6,0,0.655,236309.0,1.11,121919.0,0,80.3,0.394,0.568,55.1,0.187,0.543,69.5,62.8,80.3,53.0,62.0,63.0,Moderate,moderate
BIZ01140,Wable Group,Food & Beverage,11,5.3,0,0.756,210162.0,1.1,116133.0,3,65.5,0.279,0.62,68.9,0.362,0.604,73.9,45.6,65.5,37.5,64.5,56.4,Moderate,moderate
BIZ01141,Wali-Vala,IT/Services,5,12.1,1,0.459,167448.0,0.88,19580.0,8,46.8,0.601,0.393,40.9,0.435,1.189,48.9,0.0,46.8,48.3,39.5,36.1,At-Risk,at_risk
BIZ01142,"Nagarajan, Grewal and Sane",Food & Beverage,3,9.2,0,0.851,277527.0,1.03,196682.0,0,93.7,0.209,0.95,78.3,0.175,0.674,87.3,80.5,93.7,51.3,82.4,74.4,Healthy,healthy
BIZ01143,Kala and Sons,IT/Services,11,14.9,0,0.728,5000.0,0.82,44569.0,2,77.2,0.175,0.675,41.9,0.384,0.821,51.4,21.2,77.2,69.4,54.4,49.1,Moderate,moderate
BIZ01144,Sathe and Sons,Manufacturing,4,3.9,1,0.785,244740.0,0.98,1000.0,2,84.5,0.26,0.585,79.5,0.314,0.853,79.4,9.9,84.5,33.9,65.5,52.2,Moderate,moderate
BIZ01145,Suresh-Vyas,Food & Beverage,2,4.6,1,0.871,350342.0,1.46,157682.0,1,94.6,0.161,0.842,77.1,0.131,0.474,91.0,76.8,94.6,39.0,81.1,70.3,Healthy,healthy
BIZ01146,Sandhu LLC,Manufacturing,7,3.5,0,0.65,99883.0,0.82,21678.0,3,34.6,0.759,0.418,52.9,0.65,1.699,55.5,8.6,34.6,17.7,40.1,31.7,At-Risk,at_risk
BIZ01147,Luthra Group,Auto Services,1,3.1,0,0.386,116637.0,0.79,1000.0,5,38.1,0.669,0.545,48.6,0.41,1.108,38.7,0.0,38.1,19.2,48.8,26.6,At-Risk,at_risk
BIZ01148,Jha-Nagi,IT/Services,4,11.2,0,0.581,116643.0,1.12,60709.0,0,70.9,0.348,0.507,65.5,0.301,0.709,52.3,42.7,70.9,53.2,59.5,52.7,Moderate,moderate
BIZ01149,Srivastava Ltd,Agri-processing,5,10.9,1,0.33,62803.0,0.87,12636.0,1,50.3,0.519,0.219,39.1,0.538,0.77,29.4,16.7,50.3,47.1,34.9,36.0,At-Risk,at_risk
BIZ01150,"Desai, Bumb and Iyengar",Textiles,20,8.4,0,0.447,24271.0,0.78,22505.0,6,41.2,0.593,0.305,37.5,0.436,1.412,33.7,0.0,41.2,37.4,35.1,25.1,At-Risk,at_risk
BIZ01151,"Bhargava, Badal and Srinivasan",Food & Beverage,23,11.4,0,0.562,220811.0,1.11,21579.0,1,76.9,0.231,0.735,41.5,0.302,0.64,61.4,24.4,76.9,57.3,59.8,60.7,Moderate,moderate
BIZ01152,Dewan Inc,Agri-processing,6,7.6,0,0.324,158443.0,0.84,11261.0,4,57.9,0.492,0.182,30.4,0.263,0.82,38.5,0.6,57.9,38.1,35.5,35.0,At-Risk,at_risk
BIZ01153,"Gera, Lata and Soni",Manufacturing,2,8.2,0,0.689,120480.0,1.22,72811.0,2,75.0,0.385,0.771,64.8,0.424,0.746,60.3,38.7,75.0,43.0,65.7,56.2,Moderate,moderate
BIZ01154,"Reddy, Sood and Memon",Food & Beverage,2,2.8,1,0.613,183961.0,0.92,65441.0,1,76.6,0.274,0.527,58.2,0.29,0.699,61.3,35.3,76.6,30.2,58.0,50.7,Moderate,moderate
BIZ01155,Chauhan PLC,Food & Beverage,4,7.3,0,0.667,197638.0,1.23,79384.0,0,74.2,0.39,0.412,64.0,0.323,0.752,66.5,51.2,74.2,40.2,54.9,58.4,Moderate,moderate
BIZ01156,Ranganathan and Sons,Manufacturing,14,12.1,0,0.729,120574.0,0.86,23942.0,4,39.8,0.597,0.482,30.2,0.236,0.96,63.1,5.3,39.8,48.4,45.1,42.1,At-Risk,at_risk
BIZ01157,Nagar LLC,IT/Services,18,3.5,0,0.861,705975.0,1.33,212696.0,0,96.7,0.178,1.0,56.7,0.176,0.647,90.3,86.6,96.7,35.1,76.9,83.9,Healthy,healthy
BIZ01158,Shroff Inc,Manufacturing,4,12.4,1,0.526,84657.0,1.02,35229.0,4,30.3,0.614,0.38,80.9,0.443,1.066,45.3,12.1,30.3,48.8,54.1,41.6,At-Risk,at_risk
BIZ01159,Hari-Seshadri,Retail Trade,3,10.6,0,0.564,168495.0,0.82,18033.0,3,45.9,0.677,0.186,38.3,0.503,1.138,56.4,7.5,45.9,41.5,30.5,32.4,At-Risk,at_risk
BIZ01160,Bhatti and Sons,Agri-processing,5,11.5,0,0.838,297828.0,1.43,187326.0,1,98.8,0.259,0.887,69.5,0.123,0.541,88.4,83.5,98.8,56.7,79.5,78.2,Healthy,healthy
BIZ01161,Deo-Om,Retail Trade,15,2.5,1,0.438,5000.0,0.58,24954.0,5,44.3,0.566,0.459,38.1,0.482,1.109,31.2,0.0,44.3,20.5,40.7,27.4,At-Risk,at_risk
BIZ01162,Sami Inc,Agri-processing,6,4.8,0,0.855,417371.0,1.1,280441.0,0,94.9,0.168,0.946,68.5,0.077,0.645,89.8,82.0,94.9,39.4,81.1,78.7,Healthy,healthy
BIZ01163,"Ramachandran, Dugal and Sawhney",Agri-processing,4,7.4,1,0.948,376004.0,1.43,229319.0,1,96.0,0.181,0.862,70.2,0.035,0.55,96.4,83.6,96.0,46.8,80.6,80.9,Healthy,healthy
BIZ01164,Sami Group,Agri-processing,8,5.9,0,0.658,239764.0,1.05,52865.0,0,64.7,0.44,0.685,41.6,0.271,0.837,70.1,38.7,64.7,34.5,56.8,60.5,Moderate,moderate
BIZ01165,"Wadhwa, Oommen and Nigam",IT/Services,5,10.8,1,0.96,440880.0,1.37,167013.0,0,89.8,0.27,1.0,77.9,0.053,0.528,97.2,83.0,89.8,54.3,87.9,86.7,Healthy,healthy
BIZ01166,Nayak-Bhakta,Food & Beverage,9,13.3,0,0.557,60872.0,0.82,9506.0,7,69.0,0.514,0.508,25.4,0.426,0.897,45.1,0.0,69.0,54.5,41.2,42.5,At-Risk,at_risk
BIZ01167,Sinha-Bhatt,Retail Trade,8,10.8,1,0.604,98877.0,0.79,19083.0,6,56.0,0.482,0.507,47.6,0.681,0.998,52.1,0.0,56.0,47.9,42.8,38.3,At-Risk,at_risk
BIZ01168,"Shankar, Dhar and Nath",Construction Materials,14,8.5,0,0.695,226420.0,0.86,70786.0,0,82.1,0.421,0.809,54.8,0.147,0.851,71.3,40.8,82.1,42.9,68.1,60.3,Moderate,moderate
BIZ01169,Bansal PLC,Food & Beverage,4,11.8,0,0.984,381711.0,1.21,183967.0,1,87.3,0.206,0.784,78.3,0.098,0.499,98.9,79.2,87.3,59.2,79.9,79.9,Healthy,healthy
BIZ01170,Goel and Sons,IT/Services,3,5.5,0,0.857,364493.0,0.93,257122.0,1,99.3,0.209,0.773,74.2,0.163,0.589,90.0,73.7,99.3,40.2,75.9,78.0,Healthy,healthy
BIZ01171,"Murty, Goel and Bir",Food & Beverage,1,12.9,0,0.607,5000.0,1.17,48759.0,2,72.7,0.551,0.67,55.3,0.183,0.589,43.0,29.6,72.7,52.2,65.3,53.0,Moderate,moderate
BIZ01172,Goyal LLC,Agri-processing,10,3.8,0,0.482,84655.0,1.03,25603.0,1,16.7,0.638,0.07,50.1,0.545,1.023,42.2,24.1,16.7,22.3,30.9,30.1,At-Risk,at_risk
BIZ01173,Lala Group,Textiles,4,14.2,1,0.712,319700.0,1.11,61921.0,0,78.9,0.358,0.417,59.5,0.342,0.756,79.9,42.9,78.9,61.9,53.0,63.9,Moderate,moderate
BIZ01174,Rai Ltd,Textiles,2,3.7,1,0.805,782662.0,1.25,274261.0,0,96.9,0.105,0.847,76.1,0.138,0.499,86.4,85.1,96.9,38.0,80.5,79.2,Healthy,healthy
BIZ01175,"Bhatt, Goda and Sood",IT/Services,4,6.2,0,0.699,262043.0,0.93,27167.0,3,80.8,0.258,0.581,71.5,0.31,0.744,75.1,12.6,80.8,40.8,63.7,52.9,Moderate,moderate
BIZ01176,Sodhi PLC,Manufacturing,10,11.8,0,0.644,244549.0,0.89,92153.0,2,85.8,0.246,0.713,42.8,0.314,0.741,69.5,38.5,85.8,58.0,58.2,65.3,Moderate,moderate
BIZ01177,Shroff-Pingle,Construction Materials,13,6.6,1,0.596,78111.0,0.68,21358.0,5,59.1,0.65,0.01,42.1,0.525,0.885,49.6,0.0,59.1,30.3,27.7,29.3,At-Risk,at_risk
BIZ01178,"Mallick, Dar and Gour",Textiles,3,5.4,0,0.964,599986.0,1.36,277165.0,0,89.7,0.152,0.857,74.5,0.155,0.499,97.5,87.2,89.7,41.7,80.0,82.9,Healthy,healthy
BIZ01179,Kibe-Prashad,IT/Services,18,13.2,0,0.531,90306.0,0.8,1000.0,6,49.4,0.538,0.09,39.5,0.572,1.31,46.2,0.0,49.4,53.5,25.5,36.2,At-Risk,at_risk
BIZ01180,Pau Ltd,Agri-processing,16,5.4,0,0.678,63793.0,1.1,78798.0,0,61.1,0.298,0.517,57.3,0.197,0.936,53.9,48.2,61.1,37.2,56.8,49.8,Moderate,moderate
BIZ01181,"Nath, Vora and Jain",Textiles,2,6.7,0,0.474,143837.0,0.96,25112.0,2,71.3,0.373,0.223,29.2,0.291,1.249,47.6,17.6,71.3,38.9,32.2,38.4,At-Risk,at_risk
BIZ01182,Chandra PLC,Agri-processing,14,4.1,1,0.889,331237.0,1.3,191689.0,0,94.2,0.096,0.943,79.3,0.143,0.532,92.2,86.0,94.2,39.4,84.6,78.2,Healthy,healthy
BIZ01183,Bal-Khare,Auto Services,11,12.1,1,0.663,253712.0,1.28,51521.0,1,85.3,0.269,0.541,56.4,0.395,0.805,71.8,37.7,85.3,58.2,54.7,65.1,Moderate,moderate
BIZ01184,Borde LLC,Textiles,3,13.7,0,0.412,91074.0,0.76,1000.0,4,65.8,0.38,0.121,41.6,0.143,0.944,37.9,0.0,65.8,59.7,38.5,41.6,At-Risk,at_risk
BIZ01185,"Prabhu, Thakkar and Samra",Auto Services,16,13.3,1,0.793,311281.0,1.3,287101.0,0,95.3,0.142,0.914,72.9,0.239,0.485,85.5,86.1,95.3,65.6,79.9,82.8,Healthy,healthy
BIZ01186,Misra Ltd,Food & Beverage,8,3.5,1,0.672,22147.0,0.81,36928.0,5,40.4,0.238,0.115,5.8,0.471,1.228,49.2,3.5,40.4,33.4,16.6,29.1,At-Risk,at_risk
BIZ01187,Randhawa Inc,Agri-processing,4,6.3,0,0.73,352970.0,1.09,1000.0,2,78.5,0.231,0.512,53.5,0.259,0.571,81.1,12.2,78.5,42.0,57.7,52.7,Moderate,moderate
BIZ01188,"Ganguly, Sahota and Balay",Agri-processing,1,4.4,1,0.877,490691.0,1.39,185554.0,0,99.4,0.208,0.902,69.8,0.088,0.527,91.4,87.8,99.4,37.0,81.0,81.8,Healthy,healthy
BIZ01189,Raja LLC,Auto Services,29,10.1,1,0.937,625088.0,1.1,304799.0,0,94.4,0.059,0.914,76.0,0.117,0.59,95.6,82.0,94.4,58.5,82.4,82.7,Healthy,healthy
BIZ01190,Loyal PLC,Agri-processing,3,9.8,0,0.59,243728.0,1.1,89525.0,5,65.1,0.363,0.425,47.7,0.097,0.777,65.7,26.9,65.1,48.5,53.8,57.2,Moderate,moderate
BIZ01191,Kumar Inc,IT/Services,3,9.1,0,0.734,235673.0,1.24,192357.0,0,100.0,0.201,0.801,59.6,0.066,0.642,75.0,84.9,100.0,51.3,73.2,83.8,Healthy,healthy
BIZ01192,Mahal-Joshi,IT/Services,15,9.1,1,0.611,141621.0,1.1,94218.0,3,85.5,0.408,0.799,66.2,0.293,0.693,56.9,38.4,85.5,45.1,70.3,57.9,Moderate,moderate
BIZ01193,Sen-Mohanty,Manufacturing,27,5.3,0,0.941,598075.0,1.3,263457.0,1,94.9,0.103,0.955,82.4,0.112,0.416,95.9,81.1,94.9,42.8,87.9,85.4,Healthy,healthy
BIZ01194,Rajan and Sons,Construction Materials,8,10.5,1,0.87,114920.0,1.03,101917.0,3,77.1,0.35,0.735,50.5,0.415,0.713,72.4,39.7,77.1,51.0,60.0,58.6,Moderate,moderate
BIZ01195,Talwar-Badami,Auto Services,3,8.9,0,0.968,681527.0,1.06,245188.0,0,98.7,0.219,0.722,64.3,0.073,0.623,97.7,81.2,98.7,50.1,72.1,82.8,Healthy,healthy
BIZ01196,Parmer PLC,Auto Services,5,7.2,0,0.569,111689.0,0.88,7198.0,4,85.7,0.693,0.3,30.1,0.459,1.065,51.0,0.0,85.7,30.8,33.2,40.8,At-Risk,at_risk
BIZ01197,"Bajwa, Kata and Mani",Textiles,17,1.8,1,0.352,128328.0,0.82,1000.0,3,44.8,0.611,0.37,26.9,0.562,1.19,37.5,1.8,44.8,17.1,31.2,25.9,At-Risk,at_risk
BIZ01198,Korpal-Ramachandran,Construction Materials,6,14.4,0,0.442,58882.0,0.91,22639.0,6,55.9,0.448,0.377,43.9,0.518,0.853,36.9,0.0,55.9,59.8,41.7,32.8,At-Risk,at_risk
BIZ01199,Suresh LLC,Food & Beverage,21,15.0,1,0.653,5000.0,0.97,57326.0,2,76.3,0.295,0.73,54.8,0.393,0.602,46.2,28.5,76.3,66.2,62.9,52.5,Moderate,moderate
BIZ01200,"Pathak, Rege and Sibal",Manufacturing,1,10.1,1,0.878,442155.0,1.2,113379.0,0,89.4,0.234,1.0,72.2,0.156,0.402,91.4,61.9,89.4,53.3,85.1,76.5,Healthy,healthy
