msme_id,business_name,sector,employees,years_in_business,ntc_flag,gst_filing_delay_days,gst_compliance_pct,upi_txn_consistency,upi_monthly_volume,inflow_outflow_ratio,bank_balance_avg,bounce_count_6m,epfo_regularity_pct,loan_emi_outflow_ratio,pillar_gst_score,pillar_upi_score,pillar_banking_score,pillar_epfo_score,pillar_stability_score,financial_health_score,risk_band,archetype
MSME00001,Gokhale-Sani,Auto Services,3,5.9,0,1.7,95.7,0.827,463343.0,1.42,147444.0,1,97.5,0.156,96.2,87.9,72.6,97.5,43.0,82.0,Healthy,healthy
MSME00002,Bhavsar LLC,Food & Beverage,10,9.8,0,21.2,61.0,0.455,49456.0,0.75,18890.0,9,44.6,0.437,61.3,36.8,0.0,44.6,46.3,36.8,High-Risk,high_risk
MSME00003,"Gupta, Kala and Thaman",Auto Services,5,9.2,0,3.6,80.2,0.594,168350.0,0.99,30206.0,3,84.2,0.477,85.5,58.4,15.0,84.2,43.3,55.5,Moderate,moderate
MSME00004,Chowdhury-Sura,Manufacturing,29,10.6,0,7.0,72.2,0.716,219676.0,0.91,115102.0,1,82.0,0.337,78.3,72.1,51.6,82.0,51.7,61.8,Moderate,moderate
MSME00005,Dara-Dixit,Retail Trade,4,14.7,1,4.2,98.8,0.933,465265.0,1.21,192634.0,0,97.5,0.103,96.3,95.3,84.2,97.5,71.0,93.3,Healthy,healthy
MSME00006,Prabhu Group,Textiles,8,5.4,0,3.4,100.0,0.912,761289.0,1.15,284158.0,0,94.8,0.128,97.6,93.8,82.9,94.8,42.3,85.4,Healthy,healthy
MSME00007,Bedi-Chaudhry,Construction Materials,4,0.8,1,1.8,92.1,0.972,376545.0,1.71,169464.0,0,91.0,0.113,93.9,98.0,90.8,91.0,29.0,86.1,Healthy,healthy
MSME00008,Savant-Chauhan,Construction Materials,14,11.3,0,21.1,39.7,0.304,96223.0,1.01,38207.0,7,41.1,0.727,48.6,30.9,0.0,41.1,42.1,34.4,High-Risk,high_risk
MSME00009,Verma-Anne,Construction Materials,11,9.2,0,6.1,79.4,0.534,156667.0,1.03,43184.0,2,73.9,0.265,83.2,53.0,25.1,73.9,49.6,57.2,Moderate,moderate
MSME00010,"Tata, Dalal and Ganesh",Retail Trade,8,10.0,0,8.7,75.2,0.748,215777.0,1.11,72305.0,2,64.7,0.372,78.9,73.9,36.2,64.7,48.8,57.7,Moderate,moderate
MSME00011,Dutta-Panchal,Retail Trade,3,9.3,0,0.0,100.0,0.911,379843.0,1.52,190434.0,0,98.4,0.164,100.0,93.7,90.4,98.4,53.0,89.7,Healthy,healthy
MSME00012,Chaudry Group,Manufacturing,11,7.9,1,21.4,53.4,0.534,78321.0,1.01,1000.0,2,92.1,0.683,56.7,45.2,10.6,92.1,33.2,42.1,High-Risk,high_risk
MSME00013,Sachdev Ltd,Manufacturing,3,11.1,1,26.0,60.1,0.334,82419.0,0.88,20205.0,9,50.5,0.591,57.3,31.6,0.0,50.5,45.6,31.0,High-Risk,high_risk
MSME00014,Magar-Mody,Construction Materials,6,11.8,0,2.7,97.7,0.921,197282.0,1.11,242815.0,0,96.3,0.165,96.7,84.2,82.2,96.3,60.4,90.4,Healthy,healthy
MSME00015,"Chowdhury, Gandhi and Chaudhuri",Food & Beverage,1,5.3,0,0.2,99.5,1.0,581225.0,0.93,243814.0,0,100.0,0.182,99.6,100.0,78.5,100.0,40.4,87.9,Healthy,healthy
MSME00016,Morar and Sons,Agri-processing,14,6.0,0,5.1,88.5,1.0,241564.0,1.0,241354.0,0,100.0,0.214,89.5,94.2,80.1,100.0,41.6,86.8,Healthy,healthy
MSME00017,"Pall, Wadhwa and Karnik",Manufacturing,7,6.7,0,5.6,92.4,0.992,435467.0,1.04,151991.0,0,92.3,0.282,91.4,99.4,71.4,92.3,41.6,84.4,Healthy,healthy
MSME00018,"Setty, Chacko and Manda",Auto Services,7,9.3,0,14.6,74.4,0.593,207916.0,1.03,40924.0,2,79.4,0.193,74.1,62.3,24.3,79.4,52.1,58.6,Moderate,moderate
MSME00019,"Swamy, Tella and Dhawan",Textiles,3,5.9,0,8.4,79.5,0.9,339274.0,1.1,38218.0,3,78.8,0.251,81.6,93.0,19.8,78.8,40.2,61.3,Moderate,moderate
MSME00020,"Pandey, Atwal and Bhalla",Agri-processing,5,1.9,1,4.5,93.5,1.0,271860.0,1.3,218027.0,0,95.7,0.241,92.9,97.2,85.9,95.7,28.5,91.1,Healthy,healthy
MSME00021,"Gandhi, Chaudhuri and Bhagat",Agri-processing,1,1.3,1,12.0,75.4,0.665,370505.0,1.16,13954.0,1,59.2,0.403,76.6,76.5,22.9,59.2,21.8,53.5,Moderate,moderate
MSME00022,Patla-Kala,Textiles,10,1.7,1,5.3,94.3,0.839,352608.0,1.07,182045.0,0,90.9,0.149,92.8,88.7,81.3,90.9,30.6,84.5,Healthy,healthy
MSME00023,"Vasa, Aggarwal and Kalita",Auto Services,10,3.8,0,0.0,91.5,0.82,448158.0,1.27,232107.0,0,86.8,0.186,94.9,87.4,85.3,86.8,35.8,84.7,Healthy,healthy
MSME00024,"Venkataraman, Munshi and Gola",Construction Materials,7,7.0,0,0.0,99.9,0.827,369914.0,1.04,184380.0,1,97.1,0.143,100.0,87.9,75.8,97.1,46.7,85.8,Healthy,healthy
MSME00025,Savant Inc,Construction Materials,8,2.8,1,13.0,73.9,0.626,81719.0,0.91,71801.0,2,62.1,0.349,75.0,52.0,32.1,62.1,27.9,56.1,Moderate,moderate
MSME00026,Prasad PLC,Textiles,4,2.2,1,25.7,47.6,0.62,113422.0,0.94,11915.0,5,44.5,0.523,50.1,54.7,0.0,44.5,20.9,35.6,High-Risk,high_risk
MSME00027,Srinivasan LLC,IT/Services,12,13.5,0,0.0,96.9,0.893,526542.0,1.4,176369.0,0,89.8,0.175,98.1,92.5,86.8,89.8,65.3,89.1,Healthy,healthy
MSME00028,Sani-Bajwa,Textiles,6,7.8,0,10.9,79.7,0.657,268610.0,0.9,41004.0,0,78.3,0.303,79.9,72.8,31.6,78.3,44.3,66.7,Moderate,moderate
MSME00029,Solanki PLC,Manufacturing,19,4.8,0,8.6,73.7,0.788,269368.0,0.94,115635.0,1,85.8,0.273,78.1,82.1,52.3,85.8,36.2,68.1,Moderate,moderate
MSME00030,Varkey and Sons,Textiles,1,13.4,0,3.9,94.5,0.83,631171.0,1.2,232719.0,0,97.0,0.151,93.9,88.1,84.1,97.0,65.7,79.9,Healthy,healthy
MSME00031,Devan-Roy,IT/Services,8,3.3,0,14.5,83.6,0.68,112500.0,1.11,28362.0,2,68.9,0.289,79.7,58.9,21.7,68.9,31.2,55.2,Moderate,moderate
MSME00032,Ramaswamy-Bala,Manufacturing,1,7.2,0,1.1,94.0,0.962,359158.0,1.52,220676.0,0,92.0,0.176,95.6,97.4,90.5,92.0,46.3,92.1,Healthy,healthy
MSME00033,Rajagopal and Sons,Food & Beverage,1,3.8,0,1.8,99.0,0.892,359349.0,1.24,245584.0,0,96.3,0.181,98.1,92.5,84.8,96.3,36.0,85.3,Healthy,healthy
MSME00034,"Sandal, Cheema and Varughese",Agri-processing,1,11.7,0,14.2,47.5,0.428,99127.0,0.74,8619.0,1,61.2,0.623,58.2,39.8,12.7,61.2,46.4,45.5,Moderate,high_risk
MSME00035,Mohan Group,Manufacturing,3,14.4,0,15.0,48.9,0.562,81347.0,0.69,17559.0,4,32.8,0.578,58.6,47.5,0.0,32.8,55.9,34.3,High-Risk,high_risk
MSME00036,Tandon Ltd,Retail Trade,2,9.4,0,6.3,47.2,0.44,95524.0,0.83,1913.0,11,61.7,0.589,63.8,40.4,0.0,61.7,40.5,39.4,High-Risk,high_risk
MSME00037,"Minhas, Gole and Balan",IT/Services,20,10.4,1,2.6,96.0,0.932,386370.0,1.11,268688.0,0,92.0,0.137,95.7,95.3,82.2,92.0,57.1,88.5,Healthy,healthy
MSME00038,Rout Group,Construction Materials,11,11.5,1,2.8,95.2,0.899,574268.0,1.11,257279.0,0,92.3,0.263,95.2,92.9,82.2,92.3,56.6,88.3,Healthy,healthy
MSME00039,"Bhagat, Garg and Dube",Construction Materials,18,8.3,0,12.8,79.4,0.739,294429.0,1.15,103791.0,2,81.3,0.297,78.4,81.2,47.5,81.3,46.0,65.7,Moderate,moderate
MSME00040,Lad-Chandran,Textiles,10,6.2,0,10.4,68.8,0.821,170333.0,1.36,53073.0,2,76.5,0.45,73.9,74.5,34.8,76.5,35.1,63.6,Moderate,moderate
MSME00041,Dara-Walla,Manufacturing,5,9.7,1,2.1,99.2,0.951,462234.0,1.45,125729.0,0,92.8,0.148,98.0,96.6,70.8,92.8,54.7,81.8,Healthy,healthy
MSME00042,Bassi-Mistry,Retail Trade,10,9.8,0,13.9,81.5,0.702,133650.0,1.01,102662.0,2,63.7,0.226,78.9,62.5,44.3,63.7,52.6,59.7,Moderate,moderate
MSME00043,Mitter-Ramaswamy,Retail Trade,11,11.8,1,1.2,97.6,0.859,116458.0,0.84,132030.0,1,92.1,0.187,97.7,71.7,55.9,92.1,59.8,75.3,Healthy,healthy
MSME00044,Badal-Lad,Textiles,2,14.4,1,21.2,50.0,0.375,43656.0,0.82,22408.0,4,40.1,0.548,54.7,30.6,3.8,40.1,56.8,34.3,High-Risk,high_risk
MSME00045,Parmer-Keer,Retail Trade,2,1.8,1,3.6,93.3,0.836,470713.0,1.21,235603.0,1,93.6,0.298,93.4,88.5,79.2,93.6,26.5,79.5,Healthy,healthy
MSME00046,"Balay, Tank and Devi",Retail Trade,10,14.6,0,5.8,76.1,0.686,171235.0,1.13,56513.0,2,78.4,0.375,81.5,65.1,31.4,78.4,62.5,63.0,Moderate,moderate
MSME00047,Kaur Ltd,Retail Trade,4,3.8,0,0.0,95.3,0.833,547529.0,1.49,164345.0,0,92.8,0.191,97.2,88.3,84.7,92.8,35.7,85.2,Healthy,healthy
MSME00048,"Khalsa, Lalla and Mannan",Food & Beverage,6,3.4,1,7.1,72.3,0.73,366221.0,1.09,62429.0,2,77.5,0.317,78.3,81.1,32.6,77.5,30.7,62.5,Moderate,moderate
MSME00049,"Peri, Raghavan and Mittal",Agri-processing,3,6.2,0,5.8,65.2,0.655,201525.0,0.89,62116.0,0,72.9,0.262,75.0,66.0,38.4,72.9,40.8,57.4,Moderate,moderate
MSME00050,Ganesh Inc,Agri-processing,12,6.2,0,0.0,96.4,0.959,548454.0,1.38,154335.0,1,91.8,0.154,97.8,97.1,73.9,91.8,44.0,86.3,Healthy,healthy
MSME00051,"Soman, Char and Gaba",Food & Beverage,11,12.1,0,15.1,63.4,0.479,100156.0,0.91,10605.0,6,40.1,0.399,67.2,43.5,0.0,40.1,54.3,40.6,High-Risk,high_risk
MSME00052,"Shankar, Datta and Solanki",IT/Services,5,5.1,0,20.7,65.1,0.469,5000.0,0.78,29912.0,3,39.5,0.501,64.1,33.3,10.5,39.5,30.3,34.0,High-Risk,high_risk
MSME00053,"Garde, Lal and Narasimhan",Manufacturing,1,6.8,0,28.4,58.2,0.423,118323.0,0.8,9894.0,0,34.2,0.61,54.5,41.4,19.3,34.2,32.1,39.8,High-Risk,high_risk
MSME00054,"Pai, Bahri and Kala",Construction Materials,4,3.6,1,30.2,38.8,0.567,118373.0,0.67,28011.0,5,50.1,0.682,41.5,51.5,0.0,50.1,20.3,33.6,High-Risk,high_risk
MSME00055,Palla Group,IT/Services,6,0.8,1,7.4,77.6,0.763,299628.0,1.17,131706.0,2,63.2,0.299,81.2,83.4,57.3,63.2,23.4,62.2,Moderate,moderate
MSME00056,Badal PLC,IT/Services,9,4.8,1,29.6,69.1,0.467,76559.0,0.86,31943.0,3,62.6,0.61,60.1,40.4,12.9,62.6,26.1,40.9,High-Risk,high_risk
MSME00057,"Chaudry, Goda and Pant",Auto Services,13,1.7,1,1.8,98.6,0.877,317278.0,1.2,158695.0,1,96.3,0.24,97.8,91.4,71.9,96.3,27.9,80.1,Healthy,healthy
MSME00058,Bora-Madan,Textiles,8,7.6,0,2.2,97.7,0.903,704258.0,1.16,191676.0,0,92.2,0.07,97.0,93.2,83.1,92.2,50.7,86.6,Healthy,healthy
MSME00059,Saran PLC,Agri-processing,1,7.0,0,3.9,100.0,0.918,493310.0,1.2,72345.0,0,92.0,0.113,97.2,94.3,48.2,92.0,47.6,76.7,Healthy,healthy
MSME00060,Agrawal Group,Retail Trade,12,5.5,0,2.0,99.2,0.876,352065.0,1.04,68520.0,0,95.1,0.205,98.1,91.3,43.7,95.1,40.3,71.8,Healthy,healthy
MSME00061,"Sunder, Tripathi and Kala",Auto Services,12,14.3,0,3.6,97.6,0.949,269249.0,1.34,245136.0,0,98.5,0.29,96.0,93.4,86.8,98.5,64.2,89.6,Healthy,healthy
MSME00062,Prakash Ltd,Food & Beverage,12,14.2,0,0.0,100.0,0.894,452827.0,1.36,193993.0,0,95.5,0.212,100.0,92.6,87.1,95.5,66.2,91.1,Healthy,healthy
MSME00063,Lad and Sons,Agri-processing,3,10.6,0,15.3,51.0,0.576,75207.0,0.76,25422.0,3,43.6,0.68,59.6,47.8,8.8,43.6,41.4,40.0,High-Risk,high_risk
MSME00064,Pall PLC,IT/Services,3,7.0,0,2.6,96.8,0.892,571621.0,1.37,75088.0,0,100.0,0.219,96.2,92.4,52.4,100.0,44.4,76.7,Healthy,healthy
MSME00065,Gokhale and Sons,Agri-processing,17,9.9,1,2.5,89.7,0.976,375260.0,1.12,192501.0,1,95.1,0.238,92.0,98.3,77.4,95.1,52.6,83.6,Healthy,healthy
MSME00066,Grover Ltd,Retail Trade,7,7.5,1,11.2,78.0,0.685,210135.0,1.04,58900.0,0,60.6,0.292,78.8,69.0,40.4,60.6,43.8,60.2,Moderate,moderate
MSME00067,Srinivasan LLC,Construction Materials,7,14.9,0,2.4,93.7,0.899,509587.0,1.06,187400.0,0,92.3,0.231,94.5,92.9,81.2,92.3,67.8,89.4,Healthy,healthy
MSME00068,Krish LLC,Manufacturing,12,5.5,1,22.5,56.9,0.595,5000.0,0.82,4702.0,8,41.0,0.537,58.0,42.2,0.0,41.0,30.4,42.2,High-Risk,high_risk
MSME00069,"Mohanty, Mani and Kari",Food & Beverage,1,9.1,0,0.8,89.7,0.859,461351.0,1.2,298074.0,0,90.4,0.181,93.2,90.2,83.9,90.4,51.9,85.4,Healthy,healthy
MSME00070,Karpe-Chokshi,Construction Materials,19,4.6,1,17.2,65.7,0.224,241887.0,1.01,20679.0,7,45.1,0.686,67.0,39.8,0.0,45.1,23.2,37.6,High-Risk,high_risk
MSME00071,Jhaveri-Dutt,IT/Services,1,11.1,0,22.6,62.8,0.651,150411.0,0.77,30169.0,6,66.1,0.377,61.4,60.6,0.0,66.1,52.0,46.2,Moderate,high_risk
MSME00072,"Prasad, Chandran and Verma",Food & Beverage,7,1.8,1,0.4,95.9,0.802,205116.0,1.22,147094.0,0,86.4,0.191,97.3,76.6,73.5,86.4,29.7,77.8,Healthy,healthy
MSME00073,Swaminathan-Kanda,Manufacturing,3,7.4,1,4.0,99.7,0.926,399143.0,1.01,134547.0,0,98.6,0.194,97.0,94.8,65.1,98.6,46.4,79.2,Healthy,healthy
MSME00074,"Bali, Tandon and Randhawa",Auto Services,8,5.7,0,0.0,53.8,0.696,146947.0,0.88,12100.0,6,36.9,0.657,72.3,63.4,0.0,36.9,27.4,36.7,High-Risk,high_risk
MSME00075,Rana-Raj,Manufacturing,6,11.0,1,5.5,76.7,0.765,164593.0,1.13,117882.0,3,76.5,0.236,82.1,70.0,47.0,76.5,55.9,67.4,Moderate,moderate
MSME00076,Thakur LLC,Manufacturing,13,6.8,0,10.6,77.4,0.741,167552.0,0.76,65972.0,2,79.2,0.255,78.8,68.6,27.1,79.2,42.8,60.4,Moderate,moderate
MSME00077,Bail Ltd,Textiles,7,10.3,0,20.5,34.6,0.48,36500.0,1.0,14295.0,4,43.7,0.589,46.0,37.2,4.7,43.7,43.2,26.4,High-Risk,high_risk
MSME00078,Pant LLC,Manufacturing,16,10.0,0,1.5,97.1,0.958,690338.0,1.14,154922.0,0,90.5,0.236,97.2,97.1,74.4,90.5,52.9,82.5,Healthy,healthy
MSME00079,"Sandhu, Bahl and Banerjee",Agri-processing,19,8.9,1,2.2,95.1,0.931,538458.0,1.11,186081.0,0,95.2,0.171,95.4,95.2,82.2,95.2,51.6,89.1,Healthy,healthy
MSME00080,Madan-Singh,IT/Services,11,7.6,0,6.8,98.4,0.899,410566.0,1.25,212827.0,0,98.2,0.144,94.1,92.9,85.1,98.2,48.5,88.0,Healthy,healthy
MSME00081,"Bala, Kuruvilla and Ramesh",Manufacturing,18,8.8,1,9.8,38.5,0.449,20611.0,0.67,2637.0,7,55.8,0.783,56.0,33.5,0.0,55.8,32.9,35.1,High-Risk,high_risk
MSME00082,Patla Inc,Agri-processing,14,6.3,0,8.6,68.1,0.706,369532.0,1.05,76921.0,1,64.9,0.271,74.7,79.4,41.7,64.9,40.8,61.6,Moderate,moderate
MSME00083,Bera PLC,Manufacturing,5,5.1,1,2.0,97.1,0.967,527632.0,1.23,204988.0,0,91.2,0.183,96.8,97.7,84.5,91.2,39.8,90.8,Healthy,healthy
MSME00084,Sethi LLC,Manufacturing,14,9.6,0,0.0,96.6,1.0,451020.0,1.22,158553.0,0,100.0,0.085,97.9,100.0,77.3,100.0,56.2,87.7,Healthy,healthy
MSME00085,Kulkarni-Kadakia,IT/Services,6,7.5,0,0.3,97.2,0.901,477741.0,1.49,114078.0,0,93.9,0.294,98.1,93.0,67.9,93.9,43.7,84.8,Healthy,healthy
MSME00086,Patla Ltd,IT/Services,6,4.3,0,0.6,96.5,0.91,456207.0,1.33,145131.0,3,93.7,0.118,97.5,93.7,60.0,93.7,39.4,77.9,Healthy,healthy
MSME00087,Gupta Group,Retail Trade,11,11.8,0,11.2,80.5,0.811,251464.0,0.98,108090.0,2,71.1,0.357,80.2,81.9,45.7,71.1,54.7,72.3,Healthy,moderate
MSME00088,Prabhu Ltd,IT/Services,7,0.9,1,17.4,76.5,0.691,161721.0,1.14,64563.0,1,69.8,0.426,73.4,64.6,39.3,69.8,19.9,61.0,Moderate,moderate
MSME00089,"Oak, Grover and Chowdhury",Food & Beverage,4,6.9,1,32.0,32.8,0.615,71315.0,0.92,25890.0,4,73.3,0.487,36.7,50.2,7.1,73.3,36.1,32.3,High-Risk,high_risk
MSME00090,Srinivas-Gera,Textiles,19,4.6,0,8.2,83.5,0.71,356004.0,0.88,69637.0,1,82.1,0.286,84.2,79.7,35.7,82.1,35.2,57.9,Moderate,moderate
MSME00091,"Singh, Borah and Sood",Agri-processing,7,1.2,1,3.8,98.2,0.964,377943.0,0.81,254869.0,0,95.5,0.171,96.2,97.4,76.2,95.5,28.5,87.5,Healthy,healthy
MSME00092,Wable-Din,Retail Trade,1,6.5,0,6.1,71.9,0.638,152587.0,1.2,94617.0,2,84.6,0.242,78.7,59.9,45.5,84.6,42.3,61.5,Moderate,moderate
MSME00093,"Shetty, Kala and Swaminathan",IT/Services,9,15.0,0,27.6,44.5,0.339,92101.0,0.66,1000.0,2,21.8,0.566,46.8,33.0,3.5,21.8,58.0,28.9,High-Risk,high_risk
MSME00094,Vohra-Chaudhari,Retail Trade,26,4.8,0,7.5,79.5,0.88,499893.0,1.12,64504.0,3,76.8,0.36,82.3,91.6,29.0,76.8,33.6,67.6,Moderate,moderate
MSME00095,Nadkarni Ltd,Retail Trade,9,1.3,1,19.1,47.4,0.367,107701.0,0.9,12615.0,6,42.0,0.586,54.7,36.5,0.0,42.0,16.3,32.2,High-Risk,high_risk
MSME00096,Wali-Chada,Manufacturing,15,3.9,0,9.8,85.9,0.866,223594.0,1.02,78071.0,2,71.2,0.251,84.5,82.9,36.5,71.2,34.2,67.2,Moderate,moderate
MSME00097,"Dutt, Muni and Bava",Food & Beverage,4,1.5,1,10.7,76.9,0.612,281385.0,1.0,57325.0,0,65.2,0.285,78.4,71.0,39.2,65.2,25.9,61.6,Moderate,moderate
MSME00098,Magar-Balan,Auto Services,5,6.4,1,6.2,83.6,0.865,160831.0,1.0,65100.0,3,65.5,0.362,85.7,76.6,26.7,65.5,38.3,65.5,Moderate,moderate
MSME00099,Kalla PLC,Agri-processing,4,5.2,0,2.8,95.9,0.907,309101.0,1.26,202720.0,0,88.6,0.199,95.5,93.5,85.1,88.6,39.6,83.4,Healthy,healthy
MSME00100,Nigam and Sons,Food & Beverage,6,7.5,1,3.9,92.1,0.905,509390.0,1.24,191142.0,0,100.0,0.247,92.5,93.4,84.7,100.0,45.1,83.3,Healthy,healthy
MSME00101,Modi-Zachariah,Manufacturing,11,5.9,0,5.9,94.3,0.947,828570.0,1.57,121346.0,0,96.4,0.245,92.3,96.3,71.9,96.4,40.4,82.1,Healthy,healthy
MSME00102,"Chawla, Ray and Sabharwal",Retail Trade,5,9.0,1,11.3,77.6,0.81,189933.0,1.12,39410.0,1,74.8,0.306,78.4,75.7,30.5,74.8,47.8,62.8,Moderate,moderate
MSME00103,"Memon, Batra and Chakraborty",Construction Materials,4,13.0,0,0.0,97.7,1.0,530967.0,1.11,218998.0,0,90.1,0.086,98.6,100.0,82.1,90.1,66.4,91.7,Healthy,healthy
MSME00104,Bawa PLC,Agri-processing,1,14.3,0,11.0,80.8,0.726,286841.0,1.11,32870.0,3,80.5,0.303,80.6,79.5,18.1,80.5,63.8,66.2,Moderate,moderate
MSME00105,Brar Ltd,Retail Trade,27,13.8,0,30.0,49.6,0.607,106804.0,1.34,17365.0,6,23.0,0.745,48.2,53.1,2.6,23.0,49.0,32.9,High-Risk,high_risk
MSME00106,"Verma, Gara and Basak",Textiles,6,11.6,0,0.0,98.4,0.883,408036.0,1.37,200403.0,0,91.2,0.196,99.1,91.8,87.4,91.2,58.9,86.1,Healthy,healthy
MSME00107,"Kapadia, Gara and Mutti",Textiles,2,8.5,1,7.9,78.9,0.729,231313.0,1.12,53045.0,2,67.8,0.259,81.7,74.2,30.2,67.8,47.7,63.4,Moderate,moderate
MSME00108,Zacharia LLC,IT/Services,5,7.8,1,25.3,60.5,0.501,93233.0,0.79,37091.0,4,41.7,0.515,58.0,44.4,8.2,41.7,38.0,40.6,High-Risk,high_risk
MSME00109,"Pandey, Buch and Badami",Manufacturing,12,8.3,0,5.1,94.3,0.967,725088.0,1.21,159748.0,0,92.0,0.147,92.9,97.7,77.5,92.0,50.5,83.3,Healthy,healthy
MSME00110,Batta-Ramaswamy,IT/Services,2,9.4,0,0.0,90.4,1.0,508442.0,1.12,212078.0,0,98.1,0.168,94.2,100.0,82.4,98.1,53.2,90.8,Healthy,healthy
MSME00111,Chakrabarti Group,Auto Services,25,7.7,0,2.7,95.9,0.839,454860.0,1.36,246527.0,0,98.1,0.196,95.6,88.7,87.2,98.1,47.2,84.6,Healthy,healthy
MSME00112,Goyal Group,Auto Services,19,10.5,1,4.5,96.4,0.922,500752.0,0.94,168788.0,0,88.7,0.17,94.6,94.5,75.0,88.7,56.4,82.6,Healthy,healthy
MSME00113,Ghose and Sons,IT/Services,6,0.7,1,14.8,45.3,0.477,55588.0,0.94,9015.0,8,36.7,0.539,56.5,38.9,0.0,36.7,15.9,33.1,High-Risk,high_risk
MSME00114,Chaudhary-Dhar,Construction Materials,17,7.2,0,32.3,61.7,0.455,190507.0,0.89,36156.0,6,54.1,0.447,53.7,50.9,0.0,54.1,38.2,42.3,High-Risk,high_risk
MSME00115,"Chadha, Ranganathan and Date",Construction Materials,10,5.5,0,7.0,73.9,0.619,399083.0,1.11,82367.0,2,88.1,0.268,79.2,73.3,39.7,88.1,38.5,69.3,Moderate,moderate
MSME00116,Gade Inc,Retail Trade,1,3.6,0,22.1,61.0,0.371,160964.0,0.93,30367.0,6,35.7,0.477,60.7,42.1,0.0,35.7,26.5,30.7,High-Risk,high_risk
MSME00117,"Savant, Sarkar and Shere",Textiles,10,1.4,1,26.9,57.3,0.522,83607.0,0.95,26368.0,4,62.0,0.526,55.0,44.9,7.8,62.0,18.4,39.4,High-Risk,high_risk
MSME00118,Bhavsar-Sampath,IT/Services,14,5.2,0,1.3,98.2,0.92,497423.0,1.32,87866.0,0,98.6,0.139,98.0,94.4,55.7,98.6,41.4,82.1,Healthy,healthy
MSME00119,Tank PLC,Auto Services,8,8.8,0,23.4,51.3,0.457,83156.0,0.81,11664.0,1,51.6,0.608,54.0,40.3,15.2,51.6,38.2,36.6,High-Risk,high_risk
MSME00120,Arya-Rau,Agri-processing,4,8.7,0,10.0,84.3,0.732,222151.0,1.01,116902.0,2,80.6,0.333,83.4,73.4,49.1,80.6,46.1,67.6,Moderate,moderate
MSME00121,"Ramachandran, Prashad and Sura",Auto Services,10,7.3,0,31.1,51.8,0.564,81902.0,0.95,18070.0,6,50.7,0.556,48.7,47.7,0.0,50.7,35.2,35.5,High-Risk,high_risk
MSME00122,Jani-Barad,Retail Trade,3,9.2,1,18.8,70.2,0.594,108685.0,0.93,33970.0,7,23.2,0.615,68.6,52.5,0.0,23.2,39.2,38.1,High-Risk,high_risk
MSME00123,Choudhury LLC,Agri-processing,11,9.1,0,2.4,98.2,0.949,288319.0,1.26,333752.0,1,98.9,0.155,97.2,95.2,80.1,98.9,52.7,86.4,Healthy,healthy
MSME00124,Badami Group,Retail Trade,3,14.6,0,1.0,95.4,0.888,338013.0,1.22,87083.0,0,87.2,0.157,96.6,92.1,53.5,87.2,69.1,78.7,Healthy,healthy
MSME00125,Dada Inc,Agri-processing,13,0.8,1,1.1,99.3,0.819,299533.0,1.28,197204.0,0,97.4,0.255,98.8,87.3,85.6,97.4,24.7,84.8,Healthy,healthy
MSME00126,Andra PLC,Manufacturing,2,2.6,1,3.3,82.7,0.652,217781.0,0.82,58186.0,1,65.5,0.134,87.2,67.4,30.9,65.5,33.8,61.2,Moderate,moderate
MSME00127,Varughese LLC,Food & Beverage,2,2.3,1,26.7,67.2,0.523,5000.0,1.15,26963.0,4,77.3,0.464,61.1,37.1,11.9,77.3,23.0,46.5,Moderate,high_risk
MSME00128,"Deshpande, Balakrishnan and Bava",Agri-processing,5,3.0,0,19.6,48.5,0.802,23337.0,0.95,1000.0,3,61.0,0.441,55.0,58.5,4.3,61.0,25.8,39.0,High-Risk,high_risk
MSME00129,Nayak Group,Auto Services,12,8.9,0,1.6,99.7,0.866,404279.0,1.36,211177.0,0,100.0,0.187,98.7,90.6,87.2,100.0,51.1,84.2,Healthy,healthy
MSME00130,Mand-Lata,Textiles,3,13.1,0,5.5,86.1,0.775,207238.0,0.91,48564.0,2,72.9,0.245,87.7,75.0,24.3,72.9,61.9,61.9,Moderate,moderate
MSME00131,"Desai, Khalsa and Dasgupta",Manufacturing,9,11.7,0,14.5,86.2,0.769,389860.0,1.06,64800.0,3,79.9,0.331,81.3,83.8,27.9,79.9,55.2,64.5,Moderate,moderate
MSME00132,Comar and Sons,Food & Beverage,11,7.8,1,2.4,96.2,0.869,629946.0,1.22,86812.0,0,92.8,0.152,96.0,90.8,53.3,92.8,48.9,79.8,Healthy,healthy
MSME00133,"Tandon, Nadkarni and Viswanathan",Retail Trade,12,1.3,1,5.1,100.0,0.952,491793.0,1.04,192121.0,1,94.9,0.236,96.3,96.6,75.7,94.9,26.8,81.6,Healthy,healthy
MSME00134,"Desai, Bhargava and Raval",Food & Beverage,18,5.5,1,2.3,96.3,0.915,432566.0,1.28,274687.0,0,97.9,0.197,96.1,94.1,85.6,97.9,40.6,89.3,Healthy,healthy
MSME00135,"Natarajan, Hans and Behl",Manufacturing,5,10.3,0,27.2,43.9,0.248,51789.0,0.98,12858.0,7,35.7,0.49,46.7,22.5,0.0,35.7,46.2,25.4,High-Risk,high_risk
MSME00136,"Khatri, Chander and Sheth",Agri-processing,2,7.0,0,2.6,95.4,0.802,630899.0,1.37,208000.0,1,100.0,0.133,95.4,86.2,82.3,100.0,47.0,90.9,Healthy,healthy
MSME00137,"Nigam, Shanker and Choudhury",Manufacturing,4,4.8,1,12.8,77.1,0.644,233279.0,1.06,100557.0,1,77.3,0.238,77.1,68.4,49.7,77.3,37.3,64.0,Moderate,moderate
MSME00138,Parmer-Mahajan,Auto Services,1,6.8,1,8.7,78.7,0.639,195042.0,1.14,95565.0,5,85.0,0.357,81.0,64.3,29.6,85.0,39.7,61.9,Moderate,moderate
MSME00139,"Kara, Nazareth and Trivedi",Auto Services,3,3.8,0,1.5,98.1,0.959,598302.0,1.3,206090.0,0,92.7,0.2,97.8,97.2,86.0,92.7,35.4,92.4,Healthy,healthy
MSME00140,Mammen PLC,Auto Services,1,1.3,1,15.1,47.9,0.707,112828.0,0.65,23832.0,7,24.8,0.368,57.8,60.7,0.0,24.8,22.9,27.2,High-Risk,high_risk
MSME00141,Vaidya-Shankar,IT/Services,1,8.9,0,24.1,44.9,0.588,58335.0,0.88,40040.0,5,26.5,0.464,49.5,47.0,6.0,26.5,42.8,31.6,High-Risk,high_risk
MSME00142,"Gour, Kanda and Mohan",Construction Materials,10,1.6,1,2.3,98.1,0.777,623861.0,1.2,205529.0,0,98.8,0.157,97.2,84.4,84.0,98.8,30.1,83.4,Healthy,healthy
MSME00143,Mane-Murty,Agri-processing,7,4.5,1,15.6,80.8,0.58,180557.0,0.99,125535.0,0,76.3,0.25,77.3,58.6,61.6,76.3,36.0,61.1,Moderate,moderate
MSME00144,"Chakraborty, Brahmbhatt and Parmer",Manufacturing,7,6.3,0,3.4,100.0,0.921,693957.0,1.17,162084.0,1,95.1,0.168,97.6,94.5,72.5,95.1,43.8,88.3,Healthy,healthy
MSME00145,Chaudhari and Sons,Textiles,6,4.1,0,5.2,97.5,0.883,500690.0,1.21,255057.0,0,94.9,0.127,94.8,91.8,84.2,94.9,38.5,89.4,Healthy,healthy
MSME00146,Dayal LLC,Retail Trade,3,12.2,0,4.6,100.0,0.872,461015.0,1.2,256942.0,0,98.4,0.115,96.7,91.0,84.0,98.4,63.1,90.7,Healthy,healthy
MSME00147,"Sane, Kakar and Pradhan",Construction Materials,12,2.4,1,9.0,67.5,0.878,278870.0,1.15,37775.0,1,85.3,0.283,74.0,89.4,30.7,85.3,28.7,61.3,Moderate,moderate
MSME00148,Padmanabhan-Lal,Manufacturing,4,13.9,0,7.0,66.5,0.825,226541.0,1.0,67323.0,3,74.7,0.396,74.9,80.4,27.5,74.7,59.8,59.8,Moderate,moderate
MSME00149,Sarkar Ltd,Construction Materials,4,3.3,1,2.8,92.5,0.881,345001.0,1.09,157743.0,0,93.1,0.108,93.5,91.7,74.4,93.1,36.7,85.1,Healthy,healthy
MSME00150,Dhingra PLC,Construction Materials,10,7.6,0,0.4,92.9,0.802,264386.0,1.27,259718.0,0,95.3,0.171,95.4,82.6,85.3,95.3,47.7,84.4,Healthy,healthy
MSME00151,"Anne, Bal and Kamdar",IT/Services,2,3.0,0,8.1,34.2,0.591,53827.0,0.96,2830.0,2,31.6,0.584,54.7,46.8,10.2,31.6,21.5,35.9,High-Risk,high_risk
MSME00152,"Basu, Chaudhari and Arya",Textiles,13,2.8,1,3.0,93.7,0.98,270482.0,1.38,233577.0,1,100.0,0.294,94.0,95.6,82.7,100.0,29.6,84.2,Healthy,healthy
MSME00153,"Chakrabarti, Goswami and Kata",Textiles,24,7.8,0,0.1,95.8,0.877,351256.0,1.19,193048.0,0,90.6,0.17,97.4,91.4,83.8,90.6,48.3,81.6,Healthy,healthy
MSME00154,Pant Group,Food & Beverage,10,13.1,1,6.1,83.4,0.756,326514.0,0.91,120017.0,2,87.2,0.393,85.6,82.9,48.2,87.2,57.5,70.7,Healthy,moderate
MSME00155,Yogi-Oommen,Auto Services,10,10.1,0,21.6,59.6,0.329,66980.0,0.81,10114.0,4,53.1,0.559,60.2,29.7,0.0,53.1,43.5,33.9,High-Risk,high_risk
MSME00156,Gandhi PLC,Retail Trade,2,3.0,1,5.8,96.7,0.905,693329.0,1.54,133615.0,0,94.0,0.097,93.8,93.3,75.4,94.0,36.1,86.5,Healthy,healthy
MSME00157,Narula Ltd,Agri-processing,12,9.3,0,11.8,80.2,0.808,81512.0,1.11,62960.0,2,76.2,0.275,79.6,64.7,33.2,76.2,49.7,60.6,Moderate,moderate
MSME00158,Trivedi-Yadav,Textiles,14,5.5,1,12.0,54.3,0.558,74217.0,0.72,28577.0,1,58.8,0.44,63.9,46.5,18.9,58.8,33.3,48.5,Moderate,high_risk
MSME00159,Sheth Inc,Food & Beverage,16,10.2,0,2.5,94.4,0.819,280158.0,1.24,176069.0,0,95.3,0.082,94.9,85.4,83.5,95.3,58.1,84.9,Healthy,healthy
MSME00160,"Gala, Chhabra and Som",Auto Services,3,10.4,0,2.5,80.0,0.645,239496.0,0.93,103025.0,4,83.5,0.283,86.2,69.1,32.9,83.5,52.7,59.6,Moderate,moderate
MSME00161,"Kuruvilla, Suresh and Bhardwaj",Auto Services,3,8.5,0,3.4,93.1,0.836,588212.0,1.14,241101.0,1,95.9,0.199,93.4,88.6,77.7,95.9,49.5,83.7,Healthy,healthy
MSME00162,Goyal-Koshy,Manufacturing,22,5.0,0,8.9,87.5,0.766,345964.0,0.89,29025.0,2,73.8,0.29,86.1,83.6,17.5,73.8,36.3,61.0,Moderate,moderate
MSME00163,Mutti-Ravel,Retail Trade,4,9.6,0,12.5,70.9,0.807,293631.0,0.8,50374.0,1,83.3,0.309,73.5,85.9,27.7,83.3,49.5,68.3,Moderate,moderate
MSME00164,Sen-Mand,Retail Trade,2,15.0,0,9.1,71.1,0.585,58550.0,0.89,48729.0,1,90.6,0.352,76.1,46.8,29.0,90.6,64.4,58.4,Moderate,moderate
MSME00165,Palla PLC,Retail Trade,4,2.1,1,0.5,94.8,0.944,522404.0,1.11,186511.0,0,92.3,0.142,96.5,96.1,82.2,92.3,32.1,85.0,Healthy,healthy
MSME00166,Kumar-Rattan,Agri-processing,14,1.6,1,17.5,60.6,0.497,6150.0,0.73,17112.0,5,46.9,0.823,63.8,35.4,0.0,46.9,10.1,31.6,High-Risk,high_risk
MSME00167,Muni-Deshmukh,IT/Services,1,10.3,0,0.0,100.0,0.805,428672.0,1.46,203922.0,0,92.0,0.222,100.0,86.4,89.2,92.0,54.2,87.1,Healthy,healthy
MSME00168,"Pant, Grewal and Saxena",Textiles,4,6.9,0,3.7,94.3,0.891,576110.0,1.28,102442.0,0,91.9,0.196,94.0,92.4,59.8,91.9,44.8,83.4,Healthy,healthy
MSME00169,Dani and Sons,Retail Trade,3,14.1,0,2.0,95.1,0.898,534352.0,1.19,162132.0,0,89.3,0.16,95.6,92.9,77.9,89.3,67.5,86.7,Healthy,healthy
MSME00170,Parsa-Gulati,IT/Services,7,8.1,1,6.5,74.4,0.739,110531.0,1.02,54485.0,1,70.6,0.343,80.0,62.8,33.7,70.6,44.0,51.6,Moderate,moderate
MSME00171,Prashad and Sons,Food & Beverage,5,7.4,1,11.3,78.3,0.686,238022.0,1.05,50573.0,0,68.6,0.108,78.8,71.8,37.9,68.6,49.0,66.4,Moderate,moderate
MSME00172,Chadha PLC,Manufacturing,4,2.3,1,1.6,96.2,0.836,342448.0,1.06,238669.0,0,85.6,0.124,96.6,88.5,81.1,85.6,33.2,88.0,Healthy,healthy
MSME00173,Dhawan-Sanghvi,Construction Materials,20,0.8,1,5.0,78.3,0.759,104289.0,1.05,74144.0,0,70.8,0.245,83.4,63.6,45.6,70.8,25.0,61.9,Moderate,moderate
MSME00174,Bhavsar and Sons,Construction Materials,3,14.9,1,0.0,96.1,0.903,374732.0,1.04,199378.0,0,93.8,0.15,97.7,93.2,80.9,93.8,70.2,92.3,Healthy,healthy
MSME00175,Sani LLC,Construction Materials,12,8.1,1,5.3,79.8,0.783,397163.0,1.0,104162.0,0,90.8,0.423,84.1,84.8,54.6,90.8,41.6,75.6,Healthy,moderate
MSME00176,"Barman, Bahri and Johal",Auto Services,4,7.5,0,0.0,99.4,0.796,272957.0,1.29,334194.0,0,88.6,0.214,99.7,83.0,85.8,88.6,46.1,82.6,Healthy,healthy
MSME00177,"Pall, Purohit and Divan",Agri-processing,5,10.6,0,2.3,74.7,0.842,225484.0,0.88,64869.0,2,66.5,0.246,83.2,81.5,29.2,66.5,54.4,65.6,Moderate,moderate
MSME00178,Lad Inc,Manufacturing,6,11.2,1,1.5,97.9,0.907,433031.0,1.06,193967.0,0,91.0,0.209,97.6,93.5,81.1,91.0,57.3,79.9,Healthy,healthy
MSME00179,Khanna Inc,IT/Services,1,2.3,1,28.8,34.9,0.578,143843.0,0.92,1000.0,3,60.6,0.489,40.2,54.9,3.8,60.6,22.2,39.8,High-Risk,high_risk
MSME00180,Agrawal PLC,Retail Trade,24,9.4,1,4.7,91.5,0.906,342149.0,1.02,260215.0,0,98.7,0.295,91.6,93.4,80.3,98.7,49.3,81.6,Healthy,healthy
MSME00181,"Prabhakar, Balakrishnan and Bhatt",Manufacturing,6,11.2,1,2.1,97.0,0.845,391278.0,1.23,156432.0,0,88.5,0.281,96.7,89.1,76.7,88.5,55.2,84.8,Healthy,healthy
MSME00182,Naik-Varty,Textiles,9,11.8,0,2.4,93.0,0.883,629214.0,1.38,97628.0,0,95.4,0.146,94.1,91.8,60.2,95.4,61.0,76.6,Healthy,healthy
MSME00183,"Dugar, Nayak and Jani",IT/Services,13,0.6,1,10.6,60.2,0.485,108240.0,0.92,10464.0,4,63.8,0.569,68.5,44.8,1.8,63.8,14.7,40.1,High-Risk,high_risk
MSME00184,"Singh, Hari and Bhardwaj",IT/Services,5,12.2,0,18.4,59.8,0.428,105403.0,0.93,23337.0,6,35.6,0.669,62.7,40.5,0.0,35.6,46.5,33.9,High-Risk,high_risk
MSME00185,Prasad-Goyal,IT/Services,6,10.4,1,1.7,98.8,0.858,335974.0,1.28,255922.0,0,99.9,0.22,98.1,90.0,85.5,99.9,54.6,87.6,Healthy,healthy
MSME00186,"Nath, Dhillon and Pandya",Retail Trade,14,2.9,1,8.7,79.1,0.818,274279.0,0.95,144556.0,4,77.1,0.358,81.2,84.7,47.1,77.1,28.0,70.4,Healthy,moderate
MSME00187,"Pant, Rege and Devan",Auto Services,3,4.9,0,18.6,50.0,0.41,65788.0,0.93,29560.0,7,69.8,0.573,56.6,35.3,0.0,69.8,27.5,31.2,High-Risk,high_risk
MSME00188,Bhatnagar-Yohannan,Auto Services,12,7.9,1,9.9,74.6,0.596,377128.0,1.22,58542.0,0,79.0,0.406,77.7,71.7,43.9,79.0,41.5,60.7,Moderate,moderate
MSME00189,"Gour, Raju and Gill",Manufacturing,1,14.0,0,5.6,84.6,0.682,281269.0,0.95,149444.0,1,80.6,0.551,86.7,75.9,63.9,80.6,55.5,76.7,Healthy,moderate
MSME00190,Shankar-Nagi,Auto Services,4,1.5,1,2.6,96.5,0.84,422775.0,0.92,190709.0,0,99.8,0.22,96.0,88.8,78.5,99.8,27.9,83.3,Healthy,healthy
MSME00191,Sampath-Randhawa,Manufacturing,4,11.2,0,2.4,96.5,0.942,618167.0,1.26,150019.0,0,91.7,0.23,96.2,96.0,75.1,91.7,56.7,81.1,Healthy,healthy
MSME00192,"Sura, Buch and Bhatnagar",Manufacturing,9,14.9,0,24.3,46.4,0.309,59143.0,0.77,30359.0,1,32.0,0.455,50.3,27.6,20.5,32.0,61.0,36.2,High-Risk,high_risk
MSME00193,Ramesh Group,Construction Materials,1,5.8,0,24.1,68.9,0.425,133257.0,1.02,3610.0,5,46.6,0.395,64.0,43.1,0.0,46.6,35.5,35.4,High-Risk,high_risk
MSME00194,Bala and Sons,Food & Beverage,9,0.7,1,15.3,78.4,0.669,139820.0,0.95,26117.0,1,78.9,0.251,76.0,60.8,22.7,78.9,24.6,52.6,Moderate,moderate
MSME00195,Mahal-Anne,Auto Services,3,10.0,0,0.4,97.0,0.979,383759.0,1.16,146779.0,1,97.6,0.233,97.9,98.5,67.1,97.6,53.0,85.9,Healthy,healthy
MSME00196,"Verma, Atwal and Swaminathan",Manufacturing,21,14.7,0,0.7,99.5,0.829,523134.0,1.43,208854.0,0,89.0,0.125,99.2,88.1,88.5,89.0,70.4,85.1,Healthy,healthy
MSME00197,Ratta Inc,Construction Materials,16,10.5,0,7.3,68.9,0.726,239309.0,1.14,73219.0,3,74.0,0.209,76.1,74.7,32.1,74.0,55.2,55.5,Moderate,moderate
MSME00198,"Uppal, Bakshi and Subramanian",Manufacturing,4,5.5,0,19.1,50.5,0.313,114567.0,0.74,15655.0,2,32.1,0.545,56.6,33.3,10.0,32.1,30.2,34.2,High-Risk,high_risk
MSME00199,Chaudhuri-Sinha,Auto Services,5,8.9,0,19.3,36.5,0.429,73974.0,0.91,25287.0,4,48.0,0.529,48.0,37.4,6.5,48.0,40.8,39.3,High-Risk,high_risk
MSME00200,Nagar-More,Textiles,20,4.2,0,28.0,43.7,0.463,124352.0,0.89,16779.0,7,65.3,0.524,46.1,44.8,0.0,65.3,26.9,38.8,High-Risk,high_risk
MSME00201,Narayan-Manda,Auto Services,4,5.4,0,7.5,77.8,0.707,164458.0,0.93,142022.0,2,72.3,0.3,81.2,66.0,55.9,72.3,37.2,64.1,Moderate,moderate
MSME00202,Chaudhuri-Shroff,Retail Trade,30,3.6,0,0.2,88.2,0.904,592428.0,1.1,230876.0,0,92.9,0.163,92.8,93.3,82.0,92.9,35.9,87.4,Healthy,healthy
MSME00203,"Pall, Bhakta and Sandal",Textiles,9,12.9,0,5.8,95.8,0.885,614151.0,1.31,169469.0,0,88.7,0.179,93.3,91.9,82.7,88.7,63.3,81.9,Healthy,healthy
MSME00204,Issac-Shroff,Agri-processing,13,12.9,0,26.3,56.3,0.446,21048.0,0.93,7989.0,4,57.5,0.325,54.8,33.4,1.2,57.5,59.0,38.1,High-Risk,high_risk
MSME00205,Subramaniam-Gaba,Food & Beverage,12,4.3,0,14.3,78.8,0.73,204128.0,1.04,111127.0,0,79.4,0.251,77.0,71.5,57.9,79.4,35.4,68.7,Moderate,moderate
MSME00206,Chacko LLC,Manufacturing,8,13.9,0,0.0,97.1,0.967,676207.0,1.21,330099.0,0,95.0,0.076,98.3,97.7,84.3,95.0,69.4,92.9,Healthy,healthy
MSME00207,Bhatti-Mand,Agri-processing,4,6.1,0,2.9,97.8,0.879,494314.0,1.02,131936.0,0,94.6,0.187,96.6,91.5,64.4,94.6,42.7,84.2,Healthy,healthy
MSME00208,Dora-Dar,IT/Services,4,8.5,0,5.5,77.8,0.721,262537.0,0.89,87777.0,1,71.1,0.371,82.7,76.8,42.0,71.1,44.4,65.5,Moderate,moderate
MSME00209,Atwal-Chaudhari,Textiles,1,14.7,0,1.1,100.0,0.786,266921.0,1.31,285037.0,1,93.1,0.138,99.2,81.7,81.1,93.1,70.0,89.5,Healthy,healthy
MSME00210,Khalsa-Chand,Auto Services,8,5.3,0,1.4,93.6,0.913,401006.0,1.29,240966.0,0,97.4,0.109,95.1,93.9,85.8,97.4,42.6,84.1,Healthy,healthy
MSME00211,"Varma, Misra and Deo",Construction Materials,1,3.0,1,5.2,76.8,0.735,105781.0,0.92,49166.0,1,77.9,0.338,82.3,62.0,29.8,77.9,28.9,58.8,Moderate,moderate
MSME00212,D’Alia-Mitter,Auto Services,19,1.7,1,10.8,79.2,0.638,238573.0,1.23,83459.0,3,67.4,0.345,79.7,68.5,37.3,67.4,24.7,56.0,Moderate,moderate
MSME00213,Anne Group,Construction Materials,3,6.3,1,4.8,80.3,0.621,171471.0,1.09,74159.0,2,84.4,0.305,84.7,60.6,36.5,84.4,39.8,63.3,Moderate,moderate
MSME00214,Dewan and Sons,Manufacturing,9,7.0,0,3.7,96.2,0.968,391896.0,1.09,265230.0,1,98.9,0.128,95.1,97.8,76.7,98.9,47.1,88.7,Healthy,healthy
MSME00215,"Savant, Gade and Bawa",IT/Services,4,6.3,1,5.0,67.7,0.772,101284.0,1.17,81822.0,3,72.6,0.526,77.1,64.2,35.6,72.6,33.1,57.3,Moderate,moderate
MSME00216,Khurana-Ramakrishnan,Textiles,4,1.3,1,1.5,90.3,0.873,294029.0,1.16,171761.0,0,100.0,0.23,93.1,90.5,80.4,100.0,27.0,88.8,Healthy,healthy
MSME00217,Gade-Srinivas,Retail Trade,3,4.2,0,2.6,94.9,1.0,457916.0,1.27,62254.0,1,96.2,0.072,95.1,100.0,41.2,96.2,40.4,76.2,Healthy,healthy
MSME00218,Dugar-Natt,Agri-processing,20,6.1,0,6.9,79.5,0.715,321500.0,1.06,47592.0,2,76.8,0.421,82.7,80.1,27.1,76.8,35.7,57.0,Moderate,moderate
MSME00219,Butala-Gera,Manufacturing,7,9.9,0,9.2,70.1,0.704,159597.0,0.81,54948.0,0,62.0,0.294,75.4,65.3,34.6,62.0,50.9,62.2,Moderate,moderate
MSME00220,Kade-Parmer,Auto Services,2,10.9,1,21.2,40.9,0.323,181719.0,0.83,29238.0,9,21.9,0.505,49.3,40.8,0.0,21.9,47.5,25.6,High-Risk,high_risk
MSME00221,Jayaraman-Tak,Auto Services,10,10.8,0,7.4,85.1,0.855,185316.0,0.98,64538.0,0,89.6,0.301,85.7,78.4,41.2,89.6,53.4,65.7,Moderate,moderate
MSME00222,"Dixit, Date and Prabhakar",Retail Trade,3,0.6,1,9.2,81.4,0.869,176641.0,1.09,15884.0,1,75.0,0.414,82.2,78.5,22.1,75.0,19.4,54.7,Moderate,moderate
MSME00223,Karpe Inc,Food & Beverage,9,4.8,1,0.3,97.2,0.919,501780.0,1.24,169340.0,0,91.6,0.235,98.1,94.3,81.3,91.6,37.4,83.2,Healthy,healthy
MSME00224,Parmar-Kunda,Auto Services,10,4.3,1,2.3,100.0,0.93,441372.0,1.41,192640.0,0,98.2,0.19,98.3,95.1,88.2,98.2,37.2,93.8,Healthy,healthy
MSME00225,Sen and Sons,Construction Materials,10,2.4,1,3.1,91.3,0.861,506536.0,1.42,311147.0,0,97.5,0.205,92.6,90.3,88.3,97.5,31.1,87.7,Healthy,healthy
MSME00226,"Sinha, Aurora and Kothari",Manufacturing,5,10.5,1,1.7,94.4,0.818,288040.0,0.95,173923.0,0,88.7,0.074,95.4,86.1,76.9,88.7,59.3,84.7,Healthy,healthy
MSME00227,Buch Group,Textiles,6,0.5,1,19.2,62.4,0.45,84900.0,0.9,17936.0,5,50.7,0.603,63.6,40.0,0.0,50.7,13.4,30.3,High-Risk,high_risk
MSME00228,"Tailor, Pillay and Sharma",Auto Services,6,2.3,1,0.0,93.6,0.875,245157.0,1.1,222206.0,0,95.2,0.177,96.2,85.7,82.1,95.2,31.6,80.0,Healthy,healthy
MSME00229,Jha-Kale,Textiles,3,1.8,1,13.3,57.0,0.558,21250.0,0.76,11723.0,8,50.4,0.439,64.6,41.2,0.0,50.4,22.2,29.0,High-Risk,high_risk
MSME00230,Chahal-Som,Retail Trade,20,8.7,1,0.7,76.1,0.795,237271.0,1.28,100753.0,1,74.6,0.193,85.1,79.4,54.3,74.6,50.3,68.1,Moderate,moderate
MSME00231,Koshy-Memon,Agri-processing,4,1.3,1,37.5,32.6,0.431,5000.0,0.77,7625.0,5,71.9,0.55,32.6,30.7,0.0,71.9,17.4,30.8,High-Risk,high_risk
MSME00232,Nazareth-Seshadri,Auto Services,3,9.8,1,2.0,74.7,0.633,232180.0,1.17,89380.0,0,75.6,0.404,83.4,67.5,53.2,75.6,47.3,64.2,Moderate,moderate
MSME00233,"Sanghvi, Chana and Batta",Construction Materials,6,2.4,1,12.1,85.8,0.8,84120.0,1.02,25934.0,1,84.4,0.287,82.8,64.4,24.0,84.4,28.6,58.2,Moderate,moderate
MSME00234,Bains and Sons,Agri-processing,9,11.2,1,3.4,85.3,0.746,205190.0,1.14,85340.0,2,78.9,0.406,88.7,72.7,41.3,78.9,51.4,65.0,Moderate,moderate
MSME00235,Choudhry-Patla,Construction Materials,8,11.6,0,0.0,97.3,0.972,501485.0,1.23,248377.0,0,96.7,0.172,98.4,98.1,84.7,96.7,59.6,92.7,Healthy,healthy
MSME00236,"Kaul, Wadhwa and Narayanan",Food & Beverage,5,5.7,0,14.0,83.7,0.648,118049.0,1.09,44670.0,0,83.0,0.341,80.1,57.2,36.7,83.0,36.9,59.3,Moderate,moderate
MSME00237,"Hayer, Dutt and Patla",Construction Materials,13,13.1,0,7.6,96.1,0.856,147028.0,1.07,254121.0,0,93.1,0.183,92.2,74.6,81.4,93.1,63.8,82.8,Healthy,healthy
MSME00238,Prakash-Manne,IT/Services,20,5.5,0,2.4,95.0,0.824,500253.0,1.18,150868.0,0,98.6,0.195,95.3,87.7,73.8,98.6,40.7,86.8,Healthy,healthy
MSME00239,"Rao, Kannan and Singhal",Retail Trade,8,4.6,0,8.8,80.9,0.777,174995.0,1.17,103949.0,2,66.2,0.408,82.3,71.9,48.0,66.2,31.6,65.5,Moderate,moderate
MSME00240,Sharaf Ltd,Construction Materials,16,3.2,1,2.6,99.9,0.978,531633.0,1.38,210844.0,0,96.6,0.202,98.0,98.4,87.5,96.6,33.5,91.5,Healthy,healthy
MSME00241,"Balakrishnan, Iyer and Raman",Retail Trade,1,1.0,1,27.2,58.9,0.546,20871.0,0.85,10399.0,3,58.0,0.458,55.7,40.3,5.4,58.0,19.3,37.3,High-Risk,high_risk
MSME00242,Soni-Nagar,Construction Materials,5,9.1,0,17.9,33.4,0.507,82763.0,0.7,5477.0,5,52.4,0.461,47.1,43.8,0.0,52.4,43.5,34.8,High-Risk,high_risk
MSME00243,"Chatterjee, Dash and Garde",Textiles,9,8.1,0,28.7,33.6,0.768,218705.0,0.82,6882.0,5,28.9,0.474,39.5,75.6,0.0,28.9,40.1,36.3,High-Risk,high_risk
MSME00244,Bhakta Group,Textiles,2,12.6,0,3.0,93.4,0.945,354362.0,1.28,161799.0,1,89.8,0.277,93.9,96.1,74.6,89.8,59.5,80.1,Healthy,healthy
MSME00245,"Kulkarni, Vora and Dhillon",Retail Trade,4,7.0,0,1.0,100.0,0.878,541835.0,1.05,114590.0,0,89.3,0.233,99.2,91.4,59.2,89.3,44.0,77.6,Healthy,healthy
MSME00246,Pall Ltd,Construction Materials,6,10.0,0,14.8,54.2,0.575,56468.0,0.98,3250.0,7,39.1,0.514,61.8,45.9,0.0,39.1,44.6,39.7,High-Risk,high_risk
MSME00247,Ghose-Bahl,Retail Trade,4,1.8,1,3.2,67.1,0.869,231672.0,1.1,42631.0,2,73.7,0.165,78.0,84.0,26.2,73.7,30.4,61.6,Moderate,moderate
MSME00248,Batra Group,Agri-processing,3,5.7,0,20.4,45.9,0.497,85501.0,1.05,16699.0,8,42.8,0.609,52.8,43.4,0.0,42.8,28.8,35.4,High-Risk,high_risk
MSME00249,Pall LLC,Textiles,3,13.3,0,26.9,43.3,0.333,149324.0,0.87,24228.0,5,42.6,0.621,46.6,38.2,0.5,42.6,51.3,32.7,High-Risk,high_risk
MSME00250,Shenoy-Varughese,Agri-processing,7,3.9,0,19.5,64.0,0.552,65239.0,0.76,41379.0,5,89.5,0.479,64.3,45.2,4.0,89.5,27.3,49.8,Moderate,high_risk
MSME00251,Choudhary PLC,Food & Beverage,4,9.5,1,0.6,93.6,0.892,639564.0,1.36,178645.0,0,93.6,0.227,95.7,92.4,86.8,93.6,51.7,84.0,Healthy,healthy
MSME00252,Deo-Sen,Construction Materials,5,2.9,1,3.4,95.5,0.861,699803.0,1.12,182134.0,1,96.6,0.098,94.8,90.3,77.4,96.6,35.7,85.2,Healthy,healthy
MSME00253,Yogi PLC,Food & Beverage,2,7.5,0,22.2,42.5,0.472,67507.0,0.88,1000.0,5,44.9,0.628,49.6,39.8,0.0,44.9,33.7,33.4,High-Risk,high_risk
MSME00254,Deo-Suri,Food & Beverage,3,0.6,1,3.9,97.6,0.889,420271.0,1.33,256354.0,0,88.0,0.228,95.7,92.2,86.5,88.0,25.0,88.2,Healthy,healthy
MSME00255,Golla PLC,Retail Trade,3,12.7,1,0.9,96.1,0.914,363178.0,1.09,257278.0,0,91.8,0.21,97.0,94.0,81.8,91.8,61.8,89.6,Healthy,healthy
MSME00256,"Varkey, Sathe and Vaidya",Auto Services,6,14.3,1,9.5,70.9,0.87,308026.0,1.05,61795.0,3,58.7,0.489,75.7,90.9,26.7,58.7,58.2,60.6,Moderate,moderate
MSME00257,Butala-Dixit,Manufacturing,6,11.6,1,29.9,46.6,0.616,90743.0,0.92,2284.0,4,57.2,0.571,46.4,52.2,0.0,57.2,47.7,40.0,High-Risk,high_risk
MSME00258,Mani-Mann,Retail Trade,3,8.4,0,8.3,73.0,0.767,186680.0,1.1,50174.0,0,63.0,0.422,77.8,72.3,38.7,63.0,42.5,58.9,Moderate,moderate
MSME00259,"Vasa, Dhar and Mani",Construction Materials,11,5.1,0,7.1,85.4,0.676,211124.0,1.0,16503.0,0,84.2,0.308,86.1,68.4,25.5,84.2,36.1,59.0,Moderate,moderate
MSME00260,"Vora, Bajwa and Comar",Auto Services,7,7.9,0,0.0,98.3,0.899,630368.0,1.09,1000.0,1,87.2,0.131,99.0,92.9,17.0,87.2,49.8,78.6,Healthy,healthy
MSME00261,"Ganesh, Nair and Dugar",Food & Beverage,5,9.3,0,10.5,78.3,0.693,241142.0,0.98,84883.0,1,80.9,0.35,79.4,72.6,42.9,80.9,47.4,64.2,Moderate,moderate
MSME00262,"Manda, Kulkarni and Dyal",Food & Beverage,5,14.5,0,15.1,43.9,0.67,72122.0,0.95,6836.0,1,37.9,0.689,55.5,54.1,16.3,37.9,52.8,38.3,High-Risk,high_risk
MSME00263,Gala-Ramachandran,Manufacturing,8,7.2,0,0.1,97.7,0.883,639693.0,1.16,128519.0,0,87.7,0.186,98.6,91.8,66.0,87.7,46.0,86.6,Healthy,healthy
MSME00264,Kakar-Rout,Food & Beverage,9,8.4,1,13.0,85.7,0.69,233079.0,1.06,114694.0,1,68.3,0.204,82.0,71.6,54.4,68.3,49.1,67.9,Moderate,moderate
MSME00265,Chowdhury-Patel,Manufacturing,18,9.5,0,16.7,55.4,0.493,144221.0,0.91,17726.0,3,46.9,0.505,61.2,49.0,9.1,46.9,43.3,38.2,High-Risk,high_risk
MSME00266,Nayar-Pandey,Construction Materials,9,3.2,1,12.5,83.7,0.73,207263.0,0.99,45217.0,1,74.4,0.185,81.2,71.9,29.9,74.4,34.0,60.9,Moderate,moderate
MSME00267,"Rana, Loke and Rajagopal",Auto Services,6,4.9,0,5.7,69.6,0.572,290703.0,1.06,123853.0,1,63.8,0.272,77.7,69.1,57.4,63.8,36.5,63.6,Moderate,moderate
MSME00268,Thaker LLC,Agri-processing,4,9.8,0,9.7,80.3,0.683,163634.0,1.0,84999.0,0,68.8,0.449,81.2,64.1,48.3,68.8,45.9,64.0,Moderate,moderate
MSME00269,"Bath, Gokhale and Magar",Food & Beverage,10,13.9,0,4.1,94.0,0.942,499672.0,1.09,228009.0,1,94.6,0.093,93.5,96.0,76.8,94.6,68.9,86.8,Healthy,healthy
MSME00270,Ratta Group,Auto Services,6,10.8,1,0.4,95.2,0.846,495516.0,1.45,68338.0,1,92.3,0.123,96.8,89.2,46.8,92.3,58.7,79.2,Healthy,healthy
MSME00271,Ramanathan Inc,Food & Beverage,13,6.2,0,16.7,45.2,0.48,173316.0,0.67,14318.0,1,49.8,0.446,55.1,51.0,13.2,49.8,35.2,39.8,High-Risk,high_risk
MSME00272,Rastogi Group,Food & Beverage,10,6.3,0,34.3,63.2,0.425,112170.0,0.85,32760.0,4,81.1,0.694,53.3,41.0,7.9,81.1,28.1,36.7,High-Risk,high_risk
MSME00273,Purohit LLC,Textiles,11,12.8,0,22.3,66.1,0.461,54524.0,0.68,15916.0,2,63.9,0.447,63.6,37.7,8.9,63.9,55.0,45.7,Moderate,high_risk
MSME00274,Dhaliwal-Bajwa,IT/Services,2,5.0,0,16.2,23.7,0.414,150436.0,0.54,6577.0,6,52.3,0.532,42.6,44.0,0.0,52.3,29.0,34.1,High-Risk,high_risk
MSME00275,"Badal, Krish and Panchal",Auto Services,19,10.4,0,6.4,76.7,0.592,36481.0,0.9,103693.0,2,74.5,0.34,81.4,45.1,42.6,74.5,51.0,56.9,Moderate,moderate
MSME00276,Mall-Ramesh,IT/Services,1,2.9,1,8.3,69.8,0.642,145273.0,1.21,108798.0,2,87.8,0.379,75.9,59.4,50.5,87.8,27.3,62.4,Moderate,moderate
MSME00277,Sundaram-Bobal,Agri-processing,5,11.8,0,26.7,51.3,0.452,111281.0,0.92,13220.0,7,51.1,0.639,51.6,42.7,0.0,51.1,46.2,37.1,High-Risk,high_risk
MSME00278,Tiwari Inc,IT/Services,2,1.1,1,11.9,81.2,0.777,435493.0,1.31,49399.0,2,68.3,0.331,80.2,84.4,32.7,68.3,23.4,66.4,Moderate,moderate
MSME00279,Gokhale-Toor,IT/Services,4,6.9,0,8.2,85.0,0.711,292890.0,1.22,76960.0,3,74.5,0.292,85.0,79.0,35.0,74.5,41.9,68.3,Moderate,moderate
MSME00280,Karpe-Chand,Construction Materials,3,12.9,0,19.3,38.6,0.569,74756.0,0.85,37291.0,3,30.3,0.524,49.2,47.3,14.5,30.3,53.0,39.4,High-Risk,high_risk
MSME00281,Goel-Shetty,IT/Services,1,4.2,0,23.5,45.1,0.346,161107.0,1.0,30036.0,3,22.4,0.483,50.1,40.4,15.1,22.4,28.1,30.9,High-Risk,high_risk
MSME00282,"Venkatesh, Samra and Sawhney",Manufacturing,7,5.1,0,2.9,92.4,0.87,434600.0,1.06,130187.0,0,90.9,0.183,93.3,90.9,64.6,90.9,39.8,82.9,Healthy,healthy
MSME00283,"Chaudry, Uppal and Zacharia",IT/Services,9,8.4,0,3.3,100.0,0.998,489276.0,1.37,263780.0,0,95.6,0.176,97.6,99.8,87.4,95.6,49.9,89.6,Healthy,healthy
MSME00284,Kohli-Shenoy,Textiles,4,6.7,0,0.0,98.5,0.817,384577.0,1.21,175822.0,0,91.4,0.211,99.1,87.2,82.8,91.4,43.8,85.2,Healthy,healthy
MSME00285,Kadakia LLC,Food & Beverage,3,10.0,1,2.2,80.8,0.769,200214.0,1.09,61686.0,0,85.8,0.377,86.9,73.9,42.4,85.8,48.7,69.1,Moderate,moderate
MSME00286,Chadha-Kumar,Manufacturing,1,3.6,0,1.2,99.2,0.911,629780.0,1.37,109400.0,1,89.1,0.201,98.7,93.8,58.9,89.1,34.8,79.6,Healthy,healthy
MSME00287,"Koshy, Khosla and Raval",Retail Trade,1,10.2,1,12.4,83.0,0.706,40465.0,0.93,43735.0,0,78.5,0.18,80.9,53.5,33.1,78.5,55.2,59.9,Moderate,moderate
MSME00288,"Dhar, Ben and Sarma",Auto Services,12,8.9,1,14.5,72.0,0.555,318187.0,1.24,10148.0,0,76.7,0.284,72.8,68.9,28.1,76.7,48.2,58.2,Moderate,moderate
MSME00289,Prabhu-Bhatti,Textiles,8,7.8,0,0.0,96.3,0.976,311504.0,1.1,129577.0,0,96.2,0.135,97.8,98.3,65.2,96.2,49.4,83.6,Healthy,healthy
MSME00290,Mitter-Madan,Food & Beverage,28,2.2,1,10.1,77.1,0.8,439352.0,0.84,106893.0,2,75.9,0.234,79.0,86.0,42.5,75.9,29.6,65.7,Moderate,moderate
MSME00291,"Badal, Agarwal and Roy",Construction Materials,8,9.3,1,2.7,100.0,0.958,710898.0,1.05,159168.0,0,100.0,0.197,98.0,97.0,74.0,100.0,52.0,89.6,Healthy,healthy
MSME00292,"Som, Wali and Taneja",IT/Services,11,12.2,0,5.6,97.5,0.837,411458.0,1.3,304094.0,0,96.7,0.167,94.5,88.6,85.9,96.7,61.6,85.5,Healthy,healthy
MSME00293,Pandey-Nagar,Textiles,7,3.8,0,17.6,54.7,0.273,84099.0,0.72,25257.0,5,57.5,0.857,60.2,27.5,0.0,57.5,15.7,33.4,High-Risk,high_risk
MSME00294,"Dhaliwal, Sarin and Sem",Agri-processing,19,5.5,0,2.5,97.3,0.971,327209.0,1.41,147126.0,0,95.4,0.228,96.5,98.0,77.3,95.4,39.6,87.3,Healthy,healthy
MSME00295,Atwal-Pau,Agri-processing,1,13.2,0,2.0,94.9,0.756,557665.0,1.41,110333.0,0,96.3,0.208,95.5,82.9,64.9,96.3,63.4,76.7,Healthy,healthy
MSME00296,Nagi PLC,Agri-processing,3,11.2,0,13.5,74.9,0.768,64757.0,0.97,111780.0,1,91.1,0.365,75.2,60.2,51.6,91.1,52.7,68.0,Moderate,moderate
MSME00297,Bhardwaj-Kanda,Textiles,2,0.7,1,25.8,44.0,0.456,5000.0,0.99,20641.0,4,48.5,0.509,47.8,32.4,6.7,48.5,16.8,30.4,High-Risk,high_risk
MSME00298,"Kari, Vyas and Magar",Textiles,14,14.0,0,2.4,92.4,0.965,481545.0,1.28,179449.0,0,87.6,0.145,93.7,97.6,85.4,87.6,67.6,83.6,Healthy,healthy
MSME00299,Goyal-Jayaraman,Construction Materials,9,14.5,1,6.1,77.7,0.849,360394.0,1.32,119130.0,2,75.8,0.172,82.2,89.5,56.0,75.8,68.3,78.9,Healthy,moderate
MSME00300,Chadha-Tank,IT/Services,9,7.1,0,1.7,94.5,0.937,5000.0,1.42,125250.0,2,94.7,0.238,95.5,66.1,60.2,94.7,44.2,72.4,Healthy,healthy
MSME00301,Devan PLC,Retail Trade,12,10.5,1,1.3,95.0,0.91,318258.0,1.03,262181.0,0,96.3,0.206,96.1,93.7,80.7,96.3,55.3,83.8,Healthy,healthy
MSME00302,Raman-Oak,IT/Services,8,0.7,1,8.6,86.7,0.691,174575.0,1.03,125602.0,3,70.8,0.363,85.8,65.8,47.5,70.8,21.2,64.5,Moderate,moderate
MSME00303,Karnik and Sons,Auto Services,2,12.9,0,10.9,76.9,0.617,76278.0,1.09,48484.0,1,87.7,0.373,78.3,50.8,32.9,87.7,57.5,59.7,Moderate,moderate
MSME00304,Chopra Group,IT/Services,19,6.5,0,6.2,79.0,0.728,233441.0,0.88,94095.0,2,75.5,0.255,82.9,74.3,39.0,75.5,41.8,62.0,Moderate,moderate
MSME00305,Hayre Group,Manufacturing,1,2.7,1,7.0,68.4,0.651,330532.0,0.9,41091.0,1,90.1,0.309,76.0,75.6,26.8,90.1,28.8,61.2,Moderate,moderate
MSME00306,Randhawa-Garde,IT/Services,3,14.0,1,14.2,48.0,0.111,123899.0,0.82,1000.0,2,36.4,0.337,58.6,20.2,6.8,36.4,61.9,31.0,High-Risk,high_risk
MSME00307,Shanker-Bhatti,Textiles,3,11.6,0,3.7,72.9,0.68,329298.0,0.9,115697.0,3,77.4,0.34,81.1,77.6,41.6,77.4,54.6,68.0,Moderate,moderate
MSME00308,Mangat-Kapoor,Textiles,5,1.1,1,5.4,92.7,0.959,659923.0,1.16,163349.0,0,86.1,0.167,91.7,97.1,77.6,86.1,28.3,82.3,Healthy,healthy
MSME00309,Bhardwaj Group,IT/Services,18,9.1,0,27.2,48.4,0.534,47037.0,0.9,15589.0,4,34.8,0.375,49.5,42.1,3.2,34.8,46.1,27.5,High-Risk,high_risk
MSME00310,Anne LLC,IT/Services,7,9.8,1,4.8,92.4,0.815,429480.0,1.16,188697.0,0,85.2,0.26,92.0,87.1,83.1,85.2,51.6,85.6,Healthy,healthy
MSME00311,Sur-Sur,IT/Services,9,10.2,0,5.5,85.9,0.695,38525.0,0.99,105301.0,3,66.6,0.139,87.6,52.5,39.9,66.6,56.4,63.3,Moderate,moderate
MSME00312,"Wable, Pandya and Bali",Retail Trade,10,3.2,0,0.6,99.7,0.937,111808.0,1.15,133124.0,0,90.6,0.149,99.3,76.8,67.4,90.6,35.1,81.3,Healthy,healthy
MSME00313,Palan PLC,Retail Trade,6,1.6,1,1.5,97.0,0.848,614581.0,1.31,226392.0,0,94.7,0.164,97.1,89.3,86.3,94.7,29.9,87.7,Healthy,healthy
MSME00314,Prasad and Sons,Auto Services,1,12.6,1,35.6,28.9,0.615,117447.0,1.1,3822.0,4,47.0,0.376,31.7,54.8,3.2,47.0,56.5,35.4,High-Risk,high_risk
MSME00315,"Lad, Patel and Mohan",Food & Beverage,13,4.5,0,21.1,61.9,0.226,146710.0,0.8,17674.0,5,50.1,0.54,61.9,30.5,0.0,50.1,27.3,32.4,High-Risk,high_risk
MSME00316,Ahuja Inc,Construction Materials,6,1.6,1,3.6,78.1,0.872,312075.0,1.25,81734.0,2,92.5,0.301,84.3,91.0,42.2,92.5,25.8,66.3,Moderate,moderate
MSME00317,Dutt Inc,Retail Trade,12,7.5,0,6.7,77.6,0.632,114799.0,1.1,99710.0,2,70.3,0.242,81.8,55.7,45.3,70.3,45.2,67.1,Moderate,moderate
MSME00318,Kumar-Amble,Manufacturing,5,6.5,0,1.7,98.3,0.905,242337.0,1.28,155137.0,0,98.2,0.185,97.8,87.6,77.3,98.2,44.0,83.2,Healthy,healthy
MSME00319,"Mangal, Randhawa and Sachar",Agri-processing,1,7.4,1,2.6,96.6,0.978,839628.0,1.35,250728.0,0,91.7,0.185,96.1,98.5,87.0,91.7,46.7,93.2,Healthy,healthy
MSME00320,"Yohannan, Gopal and Raghavan",Agri-processing,17,6.9,0,1.3,96.7,0.947,366068.0,0.83,261551.0,0,100.0,0.208,97.1,96.3,76.5,100.0,44.5,92.2,Healthy,healthy
MSME00321,"Bhatt, Kapoor and Oak",Construction Materials,2,9.4,0,10.5,74.7,0.759,195776.0,0.99,101860.0,2,75.8,0.345,77.3,72.7,43.7,75.8,47.8,57.8,Moderate,moderate
MSME00322,"Wagle, Sibal and Dhar",Auto Services,2,6.4,0,6.1,82.4,0.733,287090.0,1.05,1000.0,2,64.4,0.322,85.0,80.0,11.4,64.4,39.6,58.3,Moderate,moderate
MSME00323,"Panchal, Choudhury and Barman",Retail Trade,16,7.2,1,12.1,86.1,0.7,264250.0,0.71,57012.0,5,78.1,0.36,82.9,75.5,8.1,78.1,40.8,58.8,Moderate,moderate
MSME00324,Dugal-Chanda,Auto Services,6,4.9,0,1.7,95.9,0.865,438753.0,0.95,212930.0,0,97.9,0.195,96.3,90.5,78.9,97.9,38.9,82.7,Healthy,healthy
MSME00325,Butala PLC,Agri-processing,22,0.8,1,34.9,60.3,0.812,7319.0,0.77,6684.0,10,42.7,0.699,51.0,57.5,0.0,42.7,11.4,38.2,High-Risk,high_risk
MSME00326,Kala-Sehgal,Auto Services,3,6.1,0,3.5,71.4,0.728,250007.0,1.04,58522.0,2,79.6,0.433,80.3,76.0,30.4,79.6,35.3,60.2,Moderate,moderate
MSME00327,"Chawla, Setty and Bir",Food & Beverage,7,8.1,0,9.3,81.7,0.743,211048.0,0.96,72355.0,3,77.2,0.313,82.3,73.1,28.4,77.2,44.9,63.6,Moderate,moderate
MSME00328,"Varghese, Barad and Dass",IT/Services,14,13.4,1,12.9,73.9,0.568,243178.0,0.98,64423.0,1,69.2,0.478,75.1,64.1,36.1,69.2,55.9,55.1,Moderate,moderate
MSME00329,Bhardwaj-Char,Auto Services,34,12.3,0,4.3,82.3,0.733,140872.0,0.89,76895.0,0,75.2,0.227,86.3,65.4,43.4,75.2,60.1,64.7,Moderate,moderate
MSME00330,Wadhwa Group,Retail Trade,13,4.4,0,5.7,95.2,0.89,516486.0,1.25,144374.0,0,96.0,0.148,93.0,92.3,73.1,96.0,38.8,83.8,Healthy,healthy
MSME00331,"Mittal, Pandey and Babu",Agri-processing,5,10.0,0,3.2,93.5,0.908,431447.0,1.1,182171.0,0,86.4,0.189,93.8,93.5,82.1,86.4,54.3,80.6,Healthy,healthy
MSME00332,"Issac, Garg and Guha",Retail Trade,3,8.1,0,15.5,53.8,0.33,71738.0,0.86,21223.0,4,75.9,0.436,61.1,30.3,4.2,75.9,41.2,34.1,High-Risk,high_risk
MSME00333,"Bhatnagar, Tara and Murty",Food & Beverage,8,2.4,1,3.9,91.6,0.894,272122.0,1.65,188291.0,0,85.6,0.177,92.2,89.8,93.0,85.6,31.9,78.9,Healthy,healthy
MSME00334,Ratta Ltd,Retail Trade,3,7.5,0,0.2,94.3,0.915,379469.0,1.34,121285.0,0,90.4,0.057,96.5,94.0,67.3,90.4,50.8,80.7,Healthy,healthy
MSME00335,"Bajwa, Barad and Virk",Food & Beverage,5,13.4,0,0.8,94.4,0.977,408551.0,1.26,253379.0,1,92.9,0.255,96.1,98.4,80.2,92.9,62.5,90.6,Healthy,healthy
MSME00336,"Prashad, Shukla and Rege",Retail Trade,9,9.9,1,0.0,100.0,0.94,224929.0,1.03,280336.0,0,93.4,0.096,100.0,88.3,80.6,93.4,56.8,89.1,Healthy,healthy
MSME00337,Pingle Group,IT/Services,5,8.6,0,24.7,55.4,0.351,136204.0,0.66,5088.0,2,44.7,0.552,55.5,38.2,4.9,44.7,39.2,34.1,High-Risk,high_risk
MSME00338,Edwin Group,Auto Services,7,10.3,0,9.4,80.8,0.71,228436.0,0.85,38795.0,2,80.2,0.232,81.7,72.6,20.0,80.2,53.9,64.7,Moderate,moderate
MSME00339,Sehgal-Bala,Retail Trade,7,12.0,1,4.5,83.0,0.733,309219.0,0.98,50896.0,3,79.8,0.161,86.6,81.3,21.6,79.8,61.2,67.9,Moderate,moderate
MSME00340,Om LLC,Textiles,10,7.8,0,0.3,100.0,0.981,718751.0,1.56,222463.0,0,94.0,0.103,99.7,98.7,91.3,94.0,50.3,93.0,Healthy,healthy
MSME00341,"Kashyap, Deep and Lad",Construction Materials,11,12.5,0,11.7,75.7,0.685,349629.0,0.86,62586.0,2,75.2,0.542,77.0,78.0,28.1,75.2,51.2,62.5,Moderate,moderate
MSME00342,"Soman, Kade and Pai",Auto Services,14,3.2,0,14.5,78.8,0.788,330147.0,1.09,52233.0,3,80.5,0.148,76.8,85.2,24.2,80.5,35.2,63.5,Moderate,moderate
MSME00343,Gill-Kant,Agri-processing,3,3.7,0,6.6,95.4,0.854,657946.0,1.39,250968.0,0,84.4,0.169,92.5,89.8,87.8,84.4,36.0,85.6,Healthy,healthy
MSME00344,"Apte, Loyal and Shroff",Retail Trade,4,3.3,0,11.2,79.8,0.64,266691.0,1.15,75144.0,1,78.7,0.226,79.9,71.5,43.1,78.7,33.1,60.4,Moderate,moderate
MSME00345,"Badami, Dugar and Comar",Food & Beverage,3,13.4,0,0.9,95.9,0.872,471881.0,1.34,119469.0,0,90.6,0.244,96.9,91.0,66.5,90.6,62.9,80.4,Healthy,healthy
MSME00346,Garg PLC,Retail Trade,17,13.6,0,19.0,76.3,0.695,230492.0,1.18,24804.0,0,74.7,0.287,72.2,71.7,31.8,74.7,62.2,59.2,Moderate,moderate
MSME00347,"Shankar, Oak and Rao",Agri-processing,1,11.5,0,8.8,71.7,0.804,283051.0,1.21,78706.0,1,77.6,0.274,76.7,84.6,45.4,77.6,56.3,69.5,Moderate,moderate
MSME00348,Sane-Roy,Construction Materials,5,11.8,0,0.0,93.4,0.983,603005.0,1.2,231264.0,0,98.0,0.188,96.1,98.8,83.9,98.0,59.8,95.7,Healthy,healthy
MSME00349,Rattan Group,Manufacturing,1,14.0,1,2.4,100.0,1.0,449187.0,1.51,133694.0,0,91.9,0.207,98.3,100.0,74.7,91.9,65.8,93.6,Healthy,healthy
MSME00350,"Dhingra, Prashad and Shah",Textiles,5,14.1,0,11.1,88.2,0.658,104948.0,0.94,29903.0,0,85.7,0.324,84.9,56.6,28.8,85.7,62.6,60.3,Moderate,moderate
MSME00351,Setty-Jani,Textiles,5,5.2,0,8.9,81.6,0.59,148604.0,1.1,54980.0,1,76.3,0.333,82.5,56.1,35.4,76.3,35.6,55.7,Moderate,moderate
MSME00352,Kamdar Inc,Manufacturing,10,8.1,1,21.0,54.3,0.394,55607.0,0.88,4399.0,4,53.2,0.446,57.5,33.1,0.0,53.2,40.9,37.9,High-Risk,high_risk
MSME00353,Khurana-Sachdev,Retail Trade,5,13.4,0,4.8,89.3,0.778,229270.0,1.11,61157.0,0,75.3,0.375,90.1,77.4,42.5,75.3,59.0,70.1,Healthy,moderate
MSME00354,Boase Group,Auto Services,14,6.0,1,5.0,96.1,1.0,299423.0,1.38,109710.0,0,89.0,0.234,94.1,99.9,64.1,89.0,41.0,80.3,Healthy,healthy
MSME00355,"Dara, Patel and Wable",Food & Beverage,11,4.7,0,1.8,93.0,0.838,610833.0,1.2,301655.0,0,94.0,0.213,94.5,88.6,84.1,94.0,37.7,85.2,Healthy,healthy
MSME00356,Subramanian-Setty,Retail Trade,4,1.0,1,6.5,73.7,0.692,248446.0,0.98,56813.0,0,80.1,0.307,79.5,73.3,38.6,80.1,23.8,59.5,Moderate,moderate
MSME00357,"Rana, Maharaj and Zacharia",Agri-processing,14,10.0,1,0.0,97.4,0.908,717668.0,1.3,248131.0,1,94.7,0.078,98.4,93.6,81.0,94.7,57.6,84.7,Healthy,healthy
MSME00358,Arya LLC,Agri-processing,4,13.2,1,3.7,91.4,0.645,136220.0,1.23,75847.0,1,83.4,0.425,92.2,58.8,44.9,83.4,56.8,66.7,Moderate,moderate
MSME00359,Khosla Inc,Agri-processing,9,13.7,1,19.1,39.2,0.569,87296.0,1.04,20498.0,5,32.0,0.324,49.8,48.6,2.6,32.0,61.4,40.5,High-Risk,high_risk
MSME00360,Srinivas Ltd,Textiles,2,12.7,1,3.5,91.8,0.869,115414.0,1.24,58016.0,0,76.0,0.493,92.5,72.4,44.1,76.0,53.3,63.4,Moderate,moderate
MSME00361,"Nayak, Ramesh and Narayan",Textiles,5,6.1,0,7.7,100.0,0.859,367504.0,1.37,192448.0,0,92.3,0.106,94.5,90.1,87.4,92.3,45.1,81.0,Healthy,healthy
MSME00362,Dhar-Gole,Food & Beverage,1,12.1,1,10.6,75.3,0.823,313946.0,1.05,100593.0,0,56.1,0.26,77.5,87.6,54.5,56.1,58.5,70.2,Healthy,moderate
MSME00363,Patla-Pandey,Food & Beverage,3,14.6,1,10.2,71.1,0.629,146968.0,1.08,46924.0,0,77.0,0.247,75.4,58.8,37.3,77.0,66.4,64.6,Moderate,moderate
MSME00364,Deo and Sons,Textiles,2,7.9,0,5.6,75.7,0.544,345079.0,0.89,39897.0,3,72.3,0.272,81.3,68.1,16.1,72.3,45.5,57.2,Moderate,moderate
MSME00365,Om PLC,Food & Beverage,11,4.3,0,15.8,58.4,0.498,75323.0,0.83,5229.0,1,21.5,0.606,63.7,42.4,13.4,21.5,24.7,39.2,High-Risk,high_risk
MSME00366,Suresh-Chanda,Food & Beverage,2,11.8,0,3.4,100.0,0.886,517720.0,1.4,134767.0,0,90.4,0.163,97.6,92.0,72.9,90.4,60.5,83.5,Healthy,healthy
MSME00367,"Srinivas, Natt and Bahri",Agri-processing,3,11.2,0,13.8,49.9,0.376,98628.0,0.75,19933.0,6,41.8,0.445,60.0,36.2,0.0,41.8,50.3,37.3,High-Risk,high_risk
MSME00368,"Mukhopadhyay, Sathe and Mittal",Construction Materials,8,3.8,0,25.7,46.8,0.554,154602.0,0.87,33818.0,3,27.6,0.633,49.6,54.3,13.6,27.6,22.4,34.4,High-Risk,high_risk
MSME00369,"Mangal, Basak and Kaul",Manufacturing,3,14.2,0,2.1,96.8,0.873,356712.0,1.37,289893.0,0,93.0,0.197,96.6,91.1,87.5,93.0,66.7,87.5,Healthy,healthy
MSME00370,Singh Group,Construction Materials,13,5.4,1,3.2,100.0,0.838,246937.0,1.36,55373.0,0,93.1,0.093,97.7,83.3,45.7,93.1,43.4,80.7,Healthy,healthy
MSME00371,Aurora Inc,Manufacturing,5,4.6,0,2.3,96.7,1.0,635404.0,1.16,209676.0,0,95.2,0.057,96.4,100.0,83.2,95.2,42.1,91.0,Healthy,healthy
MSME00372,Doshi PLC,IT/Services,5,14.7,0,4.2,95.2,0.82,638565.0,1.3,103986.0,0,95.8,0.222,94.1,87.4,60.7,95.8,67.4,83.9,Healthy,healthy
MSME00373,Munshi-Kunda,IT/Services,8,7.5,0,1.2,93.4,0.967,501917.0,1.43,177653.0,0,93.5,0.216,95.2,97.7,87.8,93.5,46.0,87.3,Healthy,healthy
MSME00374,Puri-Chander,Textiles,11,14.6,0,6.2,75.4,0.735,259554.0,1.04,15887.0,0,77.7,0.397,80.8,77.4,26.1,77.7,61.9,68.0,Moderate,moderate
MSME00375,Kaul Inc,IT/Services,20,4.9,0,2.9,92.1,0.859,293405.0,1.34,179753.0,1,100.0,0.217,93.2,89.5,81.7,100.0,38.2,90.4,Healthy,healthy
MSME00376,"Gaba, Narayan and Karnik",Food & Beverage,5,6.0,0,0.0,96.4,0.88,248200.0,1.21,210320.0,0,96.1,0.228,97.8,86.4,84.2,96.1,41.2,81.5,Healthy,healthy
MSME00377,Samra Inc,IT/Services,4,3.7,0,27.8,52.1,0.511,54491.0,0.69,22927.0,2,36.5,0.607,51.3,41.2,11.4,36.5,22.9,38.2,High-Risk,high_risk
MSME00378,Narain-Majumdar,Agri-processing,3,6.4,0,2.2,100.0,0.832,365383.0,1.19,170850.0,0,92.6,0.207,98.4,88.2,80.8,92.6,43.0,83.1,Healthy,healthy
MSME00379,Ben PLC,Auto Services,8,2.0,1,26.0,55.1,0.5,61940.0,0.91,8746.0,5,29.7,0.584,54.4,41.2,0.0,29.7,18.5,24.3,High-Risk,high_risk
MSME00380,Das LLC,Auto Services,3,10.7,0,2.4,92.9,0.923,599590.0,1.43,176013.0,0,92.6,0.125,94.0,94.6,87.2,92.6,58.4,90.7,Healthy,healthy
MSME00381,Sehgal PLC,Auto Services,6,12.1,0,1.1,94.0,0.854,415710.0,1.22,115263.0,0,91.4,0.227,95.7,89.8,62.8,91.4,59.5,81.6,Healthy,healthy
MSME00382,"Iyengar, Kant and Mohanty",Construction Materials,2,10.6,0,14.7,81.5,0.923,226152.0,1.25,14276.0,0,63.7,0.291,78.3,87.2,29.8,63.7,53.1,66.1,Moderate,moderate
MSME00383,Chaudhuri-Dewan,Manufacturing,5,10.2,0,10.1,65.6,0.582,207383.0,1.06,107610.0,3,75.6,0.319,72.1,61.5,42.1,75.6,51.0,59.2,Moderate,moderate
MSME00384,"Shankar, Manda and Viswanathan",IT/Services,2,3.4,1,27.6,43.0,0.264,5000.0,1.03,1000.0,5,71.5,0.432,45.9,19.0,0.0,71.5,27.2,31.6,High-Risk,high_risk
MSME00385,"Jhaveri, Pillai and Walia",IT/Services,2,10.7,0,11.7,76.3,0.62,236558.0,0.93,23266.0,0,69.1,0.405,77.4,67.0,26.3,69.1,50.0,53.2,Moderate,moderate
MSME00386,Bhakta-Mallick,Manufacturing,7,7.3,0,32.3,59.3,0.551,83243.0,0.77,30510.0,3,54.9,0.412,52.3,46.9,10.6,54.9,39.5,36.8,High-Risk,high_risk
MSME00387,Chanda Inc,Auto Services,17,14.5,0,3.8,93.9,0.895,742166.0,1.21,228662.0,0,100.0,0.128,93.6,92.7,84.3,100.0,69.7,86.7,Healthy,healthy
MSME00388,Misra LLC,Agri-processing,1,3.0,0,5.5,94.7,0.939,517088.0,1.25,238142.0,0,87.2,0.141,92.8,95.7,85.0,87.2,34.8,85.6,Healthy,healthy
MSME00389,"Khurana, Sant and Dhaliwal",Food & Beverage,3,8.9,0,26.4,60.4,0.406,12963.0,0.69,20096.0,4,50.6,0.551,57.3,29.7,0.6,50.6,40.2,33.2,High-Risk,high_risk
MSME00390,Kala LLC,Textiles,2,11.7,0,20.9,46.1,0.533,6593.0,0.92,13279.0,3,36.6,0.596,52.6,38.0,7.8,36.6,47.2,30.9,High-Risk,high_risk
MSME00391,Upadhyay and Sons,Agri-processing,6,3.3,0,8.1,61.0,0.625,90271.0,0.82,18753.0,5,38.2,0.615,70.8,52.8,0.0,38.2,21.5,37.9,High-Risk,high_risk
MSME00392,Issac LLC,Retail Trade,4,2.6,1,16.3,70.4,0.843,209981.0,1.09,94995.0,2,70.0,0.17,70.5,80.0,43.4,70.0,32.7,62.8,Moderate,moderate
MSME00393,Sani-Raju,IT/Services,8,8.1,0,3.0,95.0,0.835,300295.0,1.25,74914.0,0,90.9,0.199,94.9,88.4,49.9,90.9,48.3,75.2,Healthy,healthy
MSME00394,Kulkarni-Muni,Retail Trade,3,2.5,1,17.6,59.2,0.474,85806.0,0.87,11809.0,4,34.1,0.643,62.8,41.8,1.4,34.1,18.2,34.0,High-Risk,high_risk
MSME00395,Gopal Group,Auto Services,14,2.7,1,1.7,94.5,0.745,330254.0,1.05,177576.0,0,89.0,0.142,95.5,82.1,80.2,89.0,33.8,82.1,Healthy,healthy
MSME00396,Sem-Sagar,Manufacturing,6,10.4,0,18.9,66.3,0.514,5000.0,0.92,30581.0,8,46.8,0.581,66.2,36.5,0.0,46.8,43.8,35.0,High-Risk,high_risk
MSME00397,Brar Group,Auto Services,1,4.2,0,28.9,56.7,0.47,136533.0,0.95,12561.0,5,44.7,0.473,53.2,46.6,0.0,44.7,28.4,31.8,High-Risk,high_risk
MSME00398,Pandit LLC,Manufacturing,7,5.5,1,7.0,83.4,0.659,196191.0,1.09,11753.0,4,55.9,0.32,85.0,65.7,5.8,55.9,36.9,51.2,Moderate,moderate
MSME00399,Palla Group,Construction Materials,2,7.7,0,8.4,52.9,0.489,200155.0,0.82,17716.0,3,35.5,0.656,65.7,54.2,7.3,35.5,33.4,40.9,High-Risk,high_risk
MSME00400,Dasgupta PLC,IT/Services,6,0.8,1,11.3,36.8,0.566,63890.0,0.96,31418.0,1,66.0,0.355,53.9,46.0,24.6,66.0,21.7,41.1,High-Risk,high_risk
MSME00401,Basak-Shankar,Food & Beverage,10,13.4,0,2.2,92.3,0.79,765999.0,1.53,63269.0,1,93.9,0.267,93.8,85.3,46.6,93.9,62.2,73.5,Healthy,healthy
MSME00402,Butala-Randhawa,Textiles,1,5.9,0,18.3,37.8,0.501,5000.0,0.63,17972.0,4,39.8,0.549,49.4,35.6,0.0,39.8,31.2,27.0,High-Risk,high_risk
MSME00403,Saraf-Dua,Manufacturing,30,6.3,0,9.0,76.5,0.795,150514.0,1.26,29642.0,2,83.4,0.272,79.4,70.7,25.0,83.4,40.7,59.9,Moderate,moderate
MSME00404,Borde-Kannan,Agri-processing,2,5.2,1,22.3,34.7,0.483,169677.0,0.87,14488.0,9,64.4,0.453,44.8,50.8,0.0,64.4,32.0,35.2,High-Risk,high_risk
MSME00405,Balasubramanian LLC,Textiles,1,9.5,0,3.3,92.6,0.831,412780.0,1.26,263880.0,1,82.9,0.128,93.2,88.2,80.1,82.9,54.6,82.7,Healthy,healthy
MSME00406,"Ravi, Shere and Pathak",Construction Materials,2,6.6,0,22.2,45.3,0.337,85806.0,0.88,7932.0,2,37.2,0.415,51.2,32.2,10.3,37.2,37.4,32.6,High-Risk,high_risk
MSME00407,"Dora, Rama and Kadakia",Construction Materials,1,12.2,1,3.1,91.5,0.916,197612.0,1.17,179314.0,0,90.0,0.244,92.7,83.9,83.1,90.0,59.3,83.4,Healthy,healthy
MSME00408,Prabhakar Inc,IT/Services,4,2.6,1,1.1,98.4,0.948,735753.0,1.18,1000.0,0,95.0,0.148,98.2,96.3,23.8,95.0,33.3,73.5,Healthy,healthy
MSME00409,Sampath Inc,Textiles,3,0.8,1,0.0,52.8,0.536,54832.0,0.53,16839.0,4,29.8,0.559,71.7,43.0,0.0,29.8,15.6,37.8,High-Risk,high_risk
MSME00410,Dugar-Samra,Construction Materials,19,5.5,0,3.4,100.0,0.96,169909.0,1.15,165483.0,1,98.0,0.113,97.6,84.2,73.2,98.0,43.1,79.7,Healthy,healthy
MSME00411,Sur Inc,Retail Trade,1,1.4,1,3.3,99.4,0.833,296274.0,1.34,218425.0,0,96.1,0.091,97.2,88.0,86.8,96.1,31.5,85.0,Healthy,healthy
MSME00412,Walia LLC,Manufacturing,5,6.9,1,21.5,60.3,0.352,82423.0,1.14,31969.0,4,37.2,0.755,60.7,32.9,13.4,37.2,28.0,40.9,High-Risk,high_risk
MSME00413,Borah Inc,Construction Materials,12,10.9,1,12.6,54.0,0.529,63689.0,0.86,28178.0,1,46.4,0.469,63.3,43.4,21.7,46.4,48.6,40.2,High-Risk,high_risk
MSME00414,"Dugar, Gill and Nadig",IT/Services,4,14.7,0,12.1,67.3,0.777,198965.0,1.13,93308.0,3,77.3,0.323,71.7,74.3,38.8,77.3,64.4,66.9,Moderate,moderate
MSME00415,Lala Group,IT/Services,11,0.8,1,8.0,79.4,0.726,249728.0,0.99,79528.0,4,71.7,0.399,81.9,75.8,26.2,71.7,20.4,58.2,Moderate,moderate
MSME00416,"Dani, Jain and Prashad",Construction Materials,2,10.2,0,6.2,79.5,0.701,297748.0,1.0,12206.0,3,77.8,0.356,83.2,78.8,9.1,77.8,49.9,54.6,Moderate,moderate
MSME00417,Bath-Narayan,Auto Services,9,11.5,0,0.0,96.9,0.968,354474.0,1.33,111403.0,0,94.6,0.25,98.2,97.8,63.7,94.6,57.0,83.9,Healthy,healthy
MSME00418,Srinivasan-Desai,Construction Materials,1,9.1,1,1.7,93.6,0.784,541768.0,1.38,260521.0,0,96.9,0.243,94.9,84.9,87.6,96.9,50.0,88.8,Healthy,healthy
MSME00419,"Sethi, Bajwa and Badami",Agri-processing,23,10.7,0,9.5,89.8,0.889,164629.0,1.12,126231.0,1,83.0,0.159,87.0,78.7,59.5,83.0,57.3,77.0,Healthy,moderate
MSME00420,Samra-Narayan,Construction Materials,2,5.4,0,21.5,79.2,0.281,115983.0,0.75,15314.0,2,49.5,0.514,72.1,31.2,10.0,49.5,30.8,40.7,High-Risk,high_risk
MSME00421,"Chahal, Tripathi and Sachar",Construction Materials,4,2.0,1,22.2,62.8,0.42,143165.0,0.71,8186.0,2,68.0,0.325,61.7,43.7,6.9,68.0,26.2,43.7,High-Risk,high_risk
MSME00422,"Sood, Natarajan and Brar",Retail Trade,16,5.1,0,19.6,35.5,0.47,65816.0,0.94,19096.0,3,58.9,0.337,47.2,39.5,10.1,58.9,35.2,34.4,High-Risk,high_risk
MSME00423,"Rajan, Acharya and Anne",Construction Materials,3,14.2,0,3.7,98.7,0.925,386856.0,1.3,170373.0,0,92.3,0.213,96.5,94.8,82.7,92.3,66.2,86.0,Healthy,healthy
MSME00424,Bath LLC,Food & Beverage,6,11.2,0,12.1,83.6,0.672,120866.0,0.81,59122.0,2,77.2,0.315,81.4,59.1,25.8,77.2,54.1,60.2,Moderate,moderate
MSME00425,Pandit and Sons,Agri-processing,1,2.0,1,4.0,96.8,0.892,296606.0,1.48,186758.0,0,91.9,0.125,95.2,92.1,89.7,91.9,32.2,85.4,Healthy,healthy
MSME00426,"Kata, Nigam and Borde",Textiles,29,5.2,0,16.0,78.9,0.723,212630.0,1.17,92423.0,2,77.4,0.446,75.9,71.9,44.2,77.4,32.2,65.1,Moderate,moderate
MSME00427,Krish-Setty,Textiles,7,10.3,1,2.5,86.0,0.751,350550.0,1.04,86377.0,2,73.6,0.355,89.8,82.6,39.5,73.6,50.3,65.8,Moderate,moderate
MSME00428,Dass PLC,Agri-processing,2,8.4,0,8.1,40.8,0.479,20760.0,0.85,37672.0,8,64.2,0.438,58.7,35.6,0.0,64.2,42.1,34.4,High-Risk,high_risk
MSME00429,Brahmbhatt-Narang,Construction Materials,4,9.5,0,1.9,100.0,0.969,390683.0,1.19,151926.0,1,100.0,0.174,98.6,97.8,69.4,100.0,53.3,90.6,Healthy,healthy
MSME00430,"Nori, Hegde and Oza",Construction Materials,11,6.9,0,5.6,98.3,0.898,450322.0,1.13,241161.0,0,96.6,0.173,94.9,92.8,82.6,96.6,45.5,84.6,Healthy,healthy
MSME00431,"Dara, Char and Minhas",Agri-processing,1,4.1,0,3.8,97.6,1.0,218054.0,1.13,168331.0,0,99.2,0.043,95.9,91.8,78.7,99.2,41.0,88.9,Healthy,healthy
MSME00432,Balakrishnan-More,Food & Beverage,5,14.0,0,35.7,44.3,0.644,183346.0,0.84,32997.0,6,32.2,0.531,40.8,63.4,0.0,32.2,56.1,36.3,High-Risk,high_risk
MSME00433,Badami and Sons,Textiles,10,12.2,0,10.5,72.7,0.651,188012.0,1.23,39980.0,4,70.8,0.375,76.0,64.4,17.9,70.8,55.4,52.5,Moderate,moderate
MSME00434,"Sekhon, Pandit and Dhar",Construction Materials,2,5.4,1,5.1,94.7,0.902,427360.0,1.13,185263.0,0,94.7,0.204,93.2,93.2,82.7,94.7,40.1,87.6,Healthy,healthy
MSME00435,Reddy LLC,IT/Services,3,12.0,0,6.7,100.0,0.834,740287.0,1.15,175864.0,0,94.1,0.146,95.2,88.4,81.7,94.1,61.6,89.0,Healthy,healthy
MSME00436,"Dixit, Agrawal and Borde",Food & Beverage,19,4.2,0,9.1,75.3,0.639,146005.0,0.9,42987.0,1,86.4,0.28,78.6,59.3,27.2,86.4,34.2,61.2,Moderate,moderate
MSME00437,Saha-Sankaran,Food & Beverage,1,7.7,0,0.5,93.6,0.896,275201.0,1.02,184011.0,0,97.6,0.25,95.8,90.2,80.5,97.6,45.6,83.3,Healthy,healthy
MSME00438,Sawhney Inc,Textiles,23,12.7,0,18.4,57.7,0.528,131583.0,0.91,14248.0,3,36.1,0.512,61.4,50.1,7.9,36.1,52.7,41.5,High-Risk,high_risk
MSME00439,Virk and Sons,Agri-processing,3,8.4,0,11.4,81.3,0.763,276575.0,0.88,131478.0,1,68.0,0.317,80.5,81.0,56.5,68.0,45.7,73.9,Healthy,moderate
MSME00440,Bala-Golla,Textiles,3,4.8,1,5.3,98.0,0.797,544527.0,0.91,163445.0,0,87.2,0.219,95.0,85.8,72.8,87.2,37.8,77.5,Healthy,healthy
MSME00441,Kapadia Inc,IT/Services,13,2.4,1,0.4,88.8,0.937,506542.0,1.2,164273.0,0,93.5,0.193,93.0,95.6,78.7,93.5,31.4,82.4,Healthy,healthy
MSME00442,"Malhotra, Krishnamurthy and Iyer",Textiles,4,1.5,1,24.4,36.9,0.556,173246.0,1.27,19094.0,9,59.8,0.422,44.6,56.2,0.0,59.8,21.8,39.4,High-Risk,high_risk
MSME00443,Suri PLC,Retail Trade,9,2.9,1,0.0,95.6,0.83,675039.0,1.13,182147.0,0,93.3,0.194,97.3,88.1,82.6,93.3,32.9,84.9,Healthy,healthy
MSME00444,Bera-Babu,IT/Services,5,4.2,0,1.3,97.1,0.95,643332.0,1.08,261931.0,2,93.8,0.068,97.4,96.5,71.7,93.8,40.6,85.1,Healthy,healthy
MSME00445,Babu and Sons,IT/Services,3,5.1,0,24.9,40.2,0.678,74808.0,0.75,31233.0,1,66.3,0.498,46.2,55.0,20.4,66.3,30.4,44.2,High-Risk,high_risk
MSME00446,Gokhale Ltd,Construction Materials,5,1.1,1,15.8,41.4,0.42,59194.0,1.17,1000.0,7,45.3,0.575,53.5,35.3,0.0,45.3,16.1,28.3,High-Risk,high_risk
MSME00447,Kala LLC,IT/Services,3,2.6,1,23.0,61.1,0.414,49832.0,0.73,1876.0,5,60.8,0.482,60.1,34.0,0.0,60.8,23.3,28.4,High-Risk,high_risk
MSME00448,"Palan, Sachdev and Bedi",Textiles,5,6.6,0,26.7,64.6,0.554,89399.0,0.78,11652.0,3,31.9,0.623,59.5,47.7,4.6,31.9,31.1,35.7,High-Risk,high_risk
MSME00449,Bail Ltd,Construction Materials,2,14.0,1,4.5,92.0,0.951,673884.0,1.26,88932.0,0,96.0,0.239,91.9,96.6,54.8,96.0,64.8,81.1,Healthy,healthy
MSME00450,Biswas LLC,Retail Trade,4,1.4,1,4.4,95.6,0.868,637543.0,1.11,136506.0,0,90.4,0.162,94.2,90.8,67.7,90.4,29.3,76.0,Healthy,healthy
MSME00451,Deo and Sons,IT/Services,11,3.8,0,31.5,44.1,0.537,87174.0,0.98,10048.0,3,58.5,0.476,43.8,46.3,8.0,58.5,27.1,34.7,High-Risk,high_risk
MSME00452,"Padmanabhan, Mahajan and Purohit",Agri-processing,2,2.0,1,12.3,80.4,0.734,143815.0,1.12,47335.0,2,74.2,0.396,79.4,65.7,28.2,74.2,24.1,51.8,Moderate,moderate
MSME00453,"Mutti, Bava and Upadhyay",IT/Services,2,4.5,0,13.1,79.1,0.78,271897.0,1.12,87217.0,0,66.6,0.22,78.0,81.8,51.5,66.6,36.9,66.6,Moderate,moderate
MSME00454,Mand-Raval,Construction Materials,7,3.4,1,34.0,47.1,0.4,90439.0,0.62,25767.0,5,49.4,0.635,43.8,37.0,0.0,49.4,21.1,26.8,High-Risk,high_risk
MSME00455,Ramaswamy PLC,Auto Services,9,9.9,0,7.3,92.7,0.886,840707.0,1.31,58439.0,0,92.9,0.062,90.4,92.0,45.7,92.9,57.8,73.7,Healthy,healthy
MSME00456,Madan PLC,Construction Materials,14,6.9,0,7.5,76.5,0.812,82956.0,1.09,76589.0,2,88.4,0.391,80.6,65.1,37.2,88.4,39.0,64.8,Moderate,moderate
MSME00457,Anand and Sons,Auto Services,9,13.0,0,2.0,94.9,0.872,302959.0,1.53,175811.0,0,89.3,0.165,95.5,91.0,89.2,89.3,64.0,89.2,Healthy,healthy
MSME00458,Goyal PLC,Retail Trade,12,10.9,0,12.0,75.0,0.763,198949.0,1.03,82291.0,3,70.2,0.403,76.3,73.3,33.0,70.2,50.6,57.0,Moderate,moderate
MSME00459,Borde-Ravel,Agri-processing,1,12.6,0,0.0,100.0,0.829,538551.0,1.28,205885.0,0,98.0,0.199,100.0,88.1,85.6,98.0,61.8,93.6,Healthy,healthy
MSME00460,Mittal and Sons,IT/Services,2,3.4,0,0.4,95.3,0.92,644872.0,1.35,137156.0,0,98.7,0.248,96.9,94.4,72.7,98.7,32.8,83.0,Healthy,healthy
MSME00461,Kalita-Lad,Construction Materials,1,6.4,1,2.2,94.1,0.894,491086.0,1.15,163385.0,0,94.3,0.184,94.9,92.6,77.4,94.3,43.7,84.3,Healthy,healthy
MSME00462,Samra Ltd,Agri-processing,9,6.5,0,6.5,81.6,0.751,147110.0,1.22,78801.0,4,70.7,0.376,84.3,67.3,30.7,70.7,38.2,62.4,Moderate,moderate
MSME00463,"Aggarwal, Mohan and Palan",Food & Beverage,19,4.5,0,11.7,80.5,0.736,219109.0,0.82,111621.0,1,81.7,0.243,79.9,73.4,48.7,81.7,36.2,68.6,Moderate,moderate
MSME00464,Khosla-Dhillon,Textiles,7,13.4,1,12.3,81.6,0.803,128302.0,1.02,41800.0,2,92.7,0.325,80.1,69.1,24.4,92.7,60.5,66.6,Moderate,moderate
MSME00465,Oza-Toor,IT/Services,7,7.5,0,19.5,41.0,0.588,5000.0,0.98,33951.0,2,37.4,0.627,50.6,41.7,20.8,37.4,33.7,39.1,High-Risk,high_risk
MSME00466,"Johal, Panchal and Divan",IT/Services,19,1.8,1,1.7,94.3,0.926,708461.0,1.5,64634.0,0,96.9,0.196,95.4,94.8,51.5,96.9,29.5,76.3,Healthy,healthy
MSME00467,"Prasad, Memon and Korpal",Construction Materials,9,3.4,0,3.3,98.3,0.814,506246.0,1.31,216886.0,0,84.0,0.143,96.6,87.0,86.2,84.0,35.9,83.1,Healthy,healthy
MSME00468,Prabhu Inc,Food & Beverage,9,0.5,1,27.1,49.3,0.506,43767.0,0.96,17066.0,2,22.8,0.49,50.0,39.8,14.8,22.8,16.8,32.1,High-Risk,high_risk
MSME00469,"Subramanian, Kulkarni and Raval",Auto Services,13,3.9,0,4.7,99.2,0.857,607009.0,1.3,182785.0,2,96.1,0.244,96.1,90.0,76.0,96.1,34.4,80.3,Healthy,healthy
MSME00470,Sami and Sons,Agri-processing,10,10.1,1,15.5,40.2,0.49,5000.0,0.94,1000.0,3,67.1,0.455,52.9,34.8,4.1,67.1,46.7,40.0,High-Risk,high_risk
MSME00471,Ratta-Basu,Textiles,14,11.9,0,4.7,93.7,0.828,505572.0,1.09,104345.0,0,96.6,0.204,92.8,88.0,56.6,96.6,59.6,72.8,Healthy,healthy
MSME00472,Barman LLC,IT/Services,3,9.7,0,9.1,60.9,0.253,116482.0,0.82,33856.0,7,39.5,0.398,70.0,29.3,0.0,39.5,47.1,32.5,High-Risk,high_risk
MSME00473,Bose-Subramanian,IT/Services,4,14.0,0,1.7,97.7,0.946,691011.0,1.17,179333.0,0,99.9,0.078,97.4,96.2,83.2,99.9,69.7,92.6,Healthy,healthy
MSME00474,Sunder-Modi,Manufacturing,6,0.9,1,16.5,56.7,0.637,143555.0,0.66,33470.0,5,52.7,0.372,62.1,59.0,0.0,52.7,21.5,42.2,High-Risk,high_risk
MSME00475,Dara and Sons,Agri-processing,16,0.9,1,12.2,79.7,0.748,280355.0,1.18,1000.0,0,66.5,0.277,79.1,80.4,23.9,66.5,24.4,63.5,Moderate,moderate
MSME00476,Rajagopal-Sachdeva,Construction Materials,8,3.8,1,32.5,63.2,0.483,167724.0,0.93,31847.0,4,68.3,0.802,54.5,50.6,9.1,68.3,17.3,40.4,High-Risk,high_risk
MSME00477,Sastry-Goda,IT/Services,25,0.7,1,0.8,96.5,0.918,332980.0,1.09,100439.0,0,87.7,0.152,97.3,94.3,55.3,87.7,27.5,74.4,Healthy,healthy
MSME00478,Balakrishnan-Pandey,Manufacturing,2,9.5,0,14.1,71.9,0.662,143814.0,0.81,73985.0,0,74.4,0.471,73.0,60.7,40.8,74.4,44.4,60.0,Moderate,moderate
MSME00479,Dhaliwal-Chowdhury,Agri-processing,3,0.7,1,15.0,71.5,0.458,78067.0,0.7,16040.0,5,55.1,0.521,72.1,39.9,0.0,55.1,16.5,36.9,High-Risk,high_risk
MSME00480,Saini-Biswas,Textiles,12,11.9,0,7.7,84.2,0.697,258792.0,1.04,68324.0,2,77.5,0.303,84.9,74.7,33.5,77.5,56.6,66.2,Moderate,moderate
MSME00481,"Tata, Mani and Sehgal",Construction Materials,15,6.5,0,9.2,77.3,0.622,27631.0,1.04,101923.0,0,73.9,0.196,79.8,46.3,54.7,73.9,43.6,63.9,Moderate,moderate
MSME00482,Prasad Group,Construction Materials,5,6.7,0,12.7,85.0,0.533,164618.0,1.23,30557.0,3,77.7,0.244,81.9,53.8,19.7,77.7,42.8,54.0,Moderate,moderate
MSME00483,Magar and Sons,Food & Beverage,8,14.8,0,12.3,72.2,0.613,260798.0,1.02,103885.0,4,84.5,0.321,74.5,69.0,35.1,84.5,64.8,65.8,Moderate,moderate
MSME00484,"Sharaf, Gola and Nanda",IT/Services,8,11.9,0,10.7,66.5,0.742,164370.0,1.27,81978.0,1,75.7,0.183,72.2,68.4,47.7,75.7,60.2,67.0,Moderate,moderate
MSME00485,"Mutti, Gade and Nadig",Food & Beverage,4,14.5,1,5.1,67.1,0.724,59823.0,1.2,43154.0,1,71.8,0.34,76.5,56.6,33.4,71.8,63.3,60.3,Moderate,moderate
MSME00486,"Chad, Savant and Tiwari",Textiles,5,14.1,1,22.3,78.4,0.618,143129.0,0.92,19998.0,3,40.8,0.325,70.9,57.6,10.0,40.8,62.5,43.5,High-Risk,high_risk
MSME00487,"Nagar, Purohit and Pandya",Auto Services,1,7.7,1,0.9,96.3,0.976,515911.0,1.49,162689.0,0,92.2,0.189,97.2,98.3,84.1,92.2,47.4,90.9,Healthy,healthy
MSME00488,"Banerjee, Kumer and Wadhwa",Construction Materials,8,7.5,0,1.3,98.7,0.953,308026.0,1.22,196873.0,1,95.1,0.272,98.2,96.7,79.5,95.1,44.4,82.7,Healthy,healthy
MSME00489,Sur Inc,Construction Materials,6,6.6,0,18.1,36.5,0.536,5000.0,0.97,1000.0,2,37.1,0.36,48.9,38.0,9.8,37.1,39.0,37.4,High-Risk,high_risk
MSME00490,Krishnamurthy Inc,Retail Trade,5,7.6,0,7.9,81.9,0.69,121134.0,0.74,16637.0,8,65.4,0.498,83.5,60.4,0.0,65.4,37.9,53.4,Moderate,high_risk
MSME00491,Jani Group,Textiles,1,14.6,0,8.0,76.7,0.86,328482.0,1.1,97500.0,1,71.5,0.255,80.3,90.2,49.5,71.5,66.1,67.7,Moderate,moderate
MSME00492,Sarin-Basak,Construction Materials,9,9.9,0,17.8,78.5,0.413,331315.0,0.99,45955.0,0,71.2,0.263,74.3,58.9,35.0,71.2,51.8,63.1,Moderate,moderate
MSME00493,"Rana, Ramesh and Borah",Construction Materials,17,8.7,0,1.6,94.8,0.914,246501.0,1.09,157953.0,0,87.0,0.194,95.7,88.7,74.4,87.0,50.3,87.8,Healthy,healthy
MSME00494,Narayan Group,Auto Services,5,12.7,0,1.5,96.7,0.914,348908.0,1.38,176305.0,0,94.0,0.088,97.0,94.0,86.5,94.0,65.5,83.9,Healthy,healthy
MSME00495,Mandal Ltd,Agri-processing,4,9.5,0,7.1,73.8,0.773,91704.0,1.13,59184.0,1,69.5,0.284,79.2,63.3,37.3,69.5,50.0,56.8,Moderate,moderate
MSME00496,"Nagi, Shan and Gole",Construction Materials,8,8.1,0,0.0,90.3,0.97,367982.0,1.64,232093.0,1,95.6,0.145,94.2,97.9,87.8,95.6,49.9,84.1,Healthy,healthy
MSME00497,Suri Group,Textiles,4,14.4,0,5.6,83.1,0.657,205614.0,0.95,76924.0,3,87.6,0.38,85.8,66.6,29.6,87.6,61.8,65.1,Moderate,moderate
MSME00498,Ghose Inc,Manufacturing,1,4.8,1,0.3,99.4,0.881,656173.0,1.37,3412.0,0,91.6,0.162,99.4,91.7,28.6,91.6,39.5,66.9,Moderate,healthy
MSME00499,"Dayal, Purohit and Sarraf",Retail Trade,10,5.3,0,30.8,53.8,0.506,94656.0,1.11,12645.0,4,62.6,0.472,50.1,44.9,6.5,62.6,31.7,38.2,High-Risk,high_risk
MSME00500,Ghosh LLC,Textiles,9,9.4,0,24.3,53.9,0.546,79493.0,0.79,26858.0,4,49.0,0.75,54.8,46.2,4.7,49.0,35.7,36.9,High-Risk,high_risk
MSME00501,"Solanki, Tailor and Shanker",Auto Services,5,8.1,0,2.7,72.6,0.658,108915.0,0.89,64649.0,1,91.2,0.266,81.6,56.9,34.3,91.2,46.3,60.2,Moderate,moderate
MSME00502,Raj-Khalsa,Construction Materials,11,14.9,0,14.6,93.2,0.678,200119.0,1.06,72902.0,0,79.7,0.423,85.4,67.5,45.5,79.7,62.0,63.2,Moderate,moderate
MSME00503,Bobal PLC,IT/Services,4,5.4,1,1.2,96.5,0.815,496723.0,1.23,203886.0,0,93.4,0.218,97.0,87.1,84.6,93.4,39.7,88.3,Healthy,healthy
MSME00504,"Dugar, Dutt and Garde",Construction Materials,2,2.5,1,12.7,36.0,0.574,86028.0,0.78,5218.0,7,87.8,0.693,52.5,48.8,0.0,87.8,16.7,37.7,High-Risk,high_risk
MSME00505,"Hari, Kant and Anand",Auto Services,11,12.8,0,9.7,80.0,0.669,265341.0,0.99,1000.0,1,83.1,0.23,81.0,73.4,15.2,83.1,61.5,53.7,Moderate,moderate
MSME00506,Parmar and Sons,Food & Beverage,1,14.1,0,2.5,99.5,0.938,424609.0,1.45,38109.0,0,89.4,0.307,97.9,95.6,41.8,89.4,63.1,84.9,Healthy,healthy
MSME00507,Brahmbhatt LLC,Retail Trade,1,4.3,1,13.7,28.4,0.584,38503.0,0.79,37015.0,4,33.9,0.503,47.2,44.8,8.1,33.9,27.8,28.9,High-Risk,high_risk
MSME00508,Chaudhari-Oak,Auto Services,4,4.0,0,23.7,50.3,0.691,76436.0,0.68,12374.0,3,74.5,0.7,53.1,56.0,2.7,74.5,21.0,47.4,Moderate,high_risk
MSME00509,Goyal and Sons,Agri-processing,9,5.1,0,16.3,39.4,0.492,114552.0,0.92,16269.0,3,44.4,0.58,52.0,45.9,8.9,44.4,27.9,36.7,High-Risk,high_risk
MSME00510,Korpal-Basu,Retail Trade,20,5.8,0,11.4,86.4,0.623,169066.0,1.04,116127.0,1,78.8,0.274,83.6,60.5,54.5,78.8,39.2,65.9,Moderate,moderate
MSME00511,"Sabharwal, Konda and Chaudhari",Auto Services,1,0.8,1,7.5,80.3,0.583,230027.0,0.94,105036.0,1,74.9,0.174,82.8,63.8,48.8,74.9,27.2,60.2,Moderate,moderate
MSME00512,Arora-Dalal,Textiles,12,9.0,0,19.0,75.3,0.872,196315.0,0.89,60831.0,0,81.2,0.373,71.5,80.6,38.0,81.2,45.8,66.8,Moderate,moderate
MSME00513,Char and Sons,Food & Beverage,6,10.2,0,24.7,49.7,0.483,141593.0,0.55,5099.0,5,62.8,0.713,52.0,48.0,0.0,62.8,39.2,40.5,High-Risk,high_risk
MSME00514,Comar-Rattan,Food & Beverage,3,9.1,0,10.5,47.3,0.518,110967.0,0.98,29286.0,4,50.8,0.557,60.8,47.4,9.3,50.8,40.6,46.8,Moderate,high_risk
MSME00515,Varma-Morar,Textiles,2,14.6,1,0.9,100.0,0.914,462392.0,1.17,262845.0,0,91.9,0.245,99.3,94.0,83.3,91.9,66.5,88.3,Healthy,healthy
MSME00516,"Dugal, Jha and Kamdar",Retail Trade,3,9.0,0,1.2,88.9,0.901,634569.0,1.33,206750.0,0,87.1,0.192,92.5,93.1,86.6,87.1,51.2,85.4,Healthy,healthy
MSME00517,Saini-Virk,Agri-processing,2,10.3,0,0.0,94.5,0.931,535990.0,1.08,174194.0,0,98.8,0.223,96.7,95.2,79.6,98.8,54.2,90.8,Healthy,healthy
MSME00518,Srinivasan Ltd,Food & Beverage,21,14.0,0,4.9,50.0,0.393,102067.0,1.23,14192.0,4,50.1,0.498,66.5,37.7,9.2,50.1,57.1,44.7,High-Risk,high_risk
MSME00519,"Buch, Lalla and Narula",Agri-processing,1,2.4,1,24.4,56.6,0.722,83685.0,1.07,7914.0,4,40.6,0.476,56.4,58.9,4.0,40.6,22.9,40.9,High-Risk,high_risk
MSME00520,Mandal-Dave,IT/Services,6,4.5,0,0.0,90.9,0.955,531911.0,1.18,282373.0,1,86.9,0.118,94.5,96.8,78.6,86.9,39.9,82.9,Healthy,healthy
MSME00521,Sabharwal-Bhalla,Food & Beverage,9,9.1,0,8.7,77.1,0.72,150078.0,0.91,91522.0,2,72.9,0.213,80.0,65.4,38.8,72.9,50.9,62.7,Moderate,moderate
MSME00522,Edwin-Iyengar,Retail Trade,18,12.9,0,0.5,90.6,1.0,569092.0,1.21,164452.0,0,93.0,0.126,94.1,100.0,78.9,93.0,64.9,90.4,Healthy,healthy
MSME00523,Sethi Ltd,Construction Materials,1,13.9,1,8.0,63.5,0.356,126819.0,0.73,1000.0,5,56.2,0.439,72.4,37.6,0.0,56.2,58.5,43.4,High-Risk,high_risk
MSME00524,Cheema-Thakur,Retail Trade,5,10.6,1,29.2,64.8,0.777,98201.0,0.69,14059.0,8,46.0,0.611,57.8,64.2,0.0,46.0,43.5,42.3,High-Risk,high_risk
MSME00525,Agrawal Group,Manufacturing,7,10.7,1,18.9,50.8,0.626,98740.0,0.77,1374.0,1,47.3,0.643,56.9,53.7,10.8,47.3,42.8,37.6,High-Risk,high_risk
MSME00526,Gade-Bobal,Textiles,20,10.8,0,11.7,69.6,0.584,253431.0,0.94,102673.0,1,61.5,0.397,73.3,66.2,48.1,61.5,50.5,63.7,Moderate,moderate
MSME00527,Munshi-Jain,Retail Trade,12,9.9,1,5.1,76.6,0.68,245403.0,0.87,79191.0,3,74.2,0.451,82.3,72.1,28.8,74.2,46.2,62.5,Moderate,moderate
MSME00528,Bir-Chowdhury,Auto Services,2,10.9,0,0.0,96.4,0.953,757687.0,1.15,174041.0,0,92.9,0.237,97.8,96.7,80.9,92.9,55.6,85.2,Healthy,healthy
MSME00529,Chakraborty Inc,Agri-processing,6,5.1,0,1.2,95.4,0.903,456987.0,1.39,247836.0,1,93.6,0.201,96.4,93.2,82.9,93.6,39.3,84.8,Healthy,healthy
MSME00530,"Dhingra, Grewal and Bal",Retail Trade,19,11.3,1,23.5,66.3,0.315,67833.0,1.02,31887.0,5,45.4,0.626,62.9,28.8,6.1,45.4,45.1,34.9,High-Risk,high_risk
MSME00531,Palla PLC,Agri-processing,15,2.2,1,17.4,41.7,0.522,115809.0,0.93,24019.0,4,37.4,0.566,52.5,48.1,6.7,37.4,19.6,32.2,High-Risk,high_risk
MSME00532,Kuruvilla-Mandal,IT/Services,9,8.2,1,27.1,51.3,0.304,94606.0,0.86,22322.0,4,50.4,0.608,51.3,30.7,4.7,50.4,36.4,33.7,High-Risk,high_risk
MSME00533,Dada-Chowdhury,Auto Services,1,3.9,0,31.3,54.4,0.545,120033.0,0.93,11577.0,6,45.3,0.689,50.1,50.1,0.0,45.3,21.0,35.3,High-Risk,high_risk
MSME00534,Kar PLC,Retail Trade,8,11.8,1,10.0,77.6,0.697,259169.0,0.96,59687.0,1,76.0,0.47,79.4,74.7,34.1,76.0,51.3,61.3,Moderate,moderate
MSME00535,"Choudhry, Bhavsar and Gokhale",Agri-processing,5,2.0,1,24.7,71.3,0.472,38479.0,0.69,2818.0,4,72.4,0.301,65.0,36.9,0.0,72.4,27.0,32.6,High-Risk,high_risk
MSME00536,Dara-Grover,IT/Services,1,13.2,1,19.6,39.1,0.443,77771.0,1.08,2480.0,7,27.2,0.649,49.3,38.8,0.0,27.2,50.1,30.4,High-Risk,high_risk
MSME00537,Lanka LLC,Auto Services,1,9.1,1,26.6,63.0,0.309,89435.0,1.0,27415.0,4,59.6,0.646,58.7,30.6,9.2,59.6,37.9,35.1,High-Risk,high_risk
MSME00538,Narayanan Group,Manufacturing,3,0.6,1,0.4,95.3,0.917,427072.0,1.32,285779.0,0,92.0,0.208,96.9,94.2,86.3,92.0,25.6,80.0,Healthy,healthy
MSME00539,Barad-Saran,Food & Beverage,4,12.6,0,11.5,67.5,0.637,297310.0,1.21,40505.0,5,66.6,0.36,72.2,74.3,12.7,66.6,57.0,57.7,Moderate,moderate
MSME00540,"Mohan, Sheth and Handa",Textiles,3,8.9,1,0.9,90.4,0.855,527157.0,0.98,218223.0,0,92.9,0.233,93.6,89.8,79.6,92.9,49.7,81.2,Healthy,healthy
MSME00541,"Rama, Kakar and Malhotra",IT/Services,4,12.1,0,20.7,42.1,0.518,141126.0,0.73,25069.0,3,52.7,0.5,50.4,50.4,7.9,52.7,51.3,39.9,High-Risk,high_risk
MSME00542,"Behl, Kaul and Sidhu",Textiles,5,5.9,1,6.7,87.6,0.779,162629.0,1.15,66113.0,2,69.6,0.271,87.7,70.8,35.0,69.6,39.6,67.3,Moderate,moderate
MSME00543,"Chhabra, Barman and Nayak",Manufacturing,4,11.0,0,3.7,91.1,0.921,443131.0,1.44,85807.0,0,93.9,0.191,92.0,94.5,57.3,93.9,57.3,78.0,Healthy,healthy
MSME00544,"Buch, Issac and Bassi",Manufacturing,8,5.2,0,8.4,71.1,0.704,308200.0,1.09,104443.0,0,76.6,0.535,76.6,79.3,56.5,76.6,29.5,64.7,Moderate,moderate
MSME00545,Samra PLC,Textiles,5,12.4,0,10.0,74.5,0.864,357731.0,0.93,42647.0,1,89.7,0.279,77.5,90.5,27.8,89.7,58.8,68.8,Moderate,moderate
MSME00546,"Lal, Sethi and Kumer",Auto Services,3,0.6,1,0.0,95.7,0.91,456858.0,1.45,171052.0,0,97.1,0.18,97.4,93.7,86.0,97.1,26.4,87.1,Healthy,healthy
MSME00547,"Thakkar, Varghese and Ram",Food & Beverage,8,4.8,0,3.7,100.0,0.86,701300.0,1.16,264620.0,1,94.7,0.091,97.3,90.2,78.2,94.7,41.7,90.6,Healthy,healthy
MSME00548,Balasubramanian-Jani,Agri-processing,3,5.0,0,7.5,81.1,0.737,157160.0,1.2,34323.0,0,78.2,0.257,83.2,67.3,35.4,78.2,37.3,63.3,Moderate,moderate
MSME00549,"Banerjee, Bawa and Desai",Manufacturing,4,2.7,1,9.6,85.8,0.683,94905.0,0.93,75665.0,1,75.6,0.259,84.5,57.3,38.9,75.6,30.3,60.5,Moderate,moderate
MSME00550,"Arya, Mane and Andra",Food & Beverage,11,11.5,0,20.9,55.0,0.645,64795.0,1.16,41905.0,2,53.1,0.639,58.0,51.6,27.1,53.1,45.3,48.3,Moderate,high_risk
MSME00551,Chand Ltd,Agri-processing,1,14.3,0,18.5,78.3,0.622,71088.0,1.0,36157.0,4,86.3,0.323,73.7,50.6,12.0,86.3,63.2,50.7,Moderate,moderate
MSME00552,Anand-Jhaveri,IT/Services,16,12.7,0,19.8,42.4,0.789,93724.0,0.98,24262.0,4,58.2,0.552,51.2,64.6,7.6,58.2,51.5,46.5,Moderate,high_risk
MSME00553,Rau Inc,Agri-processing,7,12.7,0,9.6,87.6,0.666,116699.0,0.81,66838.0,1,83.3,0.182,85.6,58.3,33.5,83.3,62.6,63.4,Moderate,moderate
MSME00554,Ramesh LLC,IT/Services,6,6.9,1,12.8,73.7,0.753,132393.0,1.08,87017.0,1,78.6,0.298,75.0,65.9,45.6,78.6,41.8,65.3,Moderate,moderate
MSME00555,Hans-Edwin,Construction Materials,16,5.4,0,41.1,73.5,0.471,94336.0,1.06,16922.0,4,42.5,0.532,54.5,42.4,6.7,42.5,30.2,37.2,High-Risk,high_risk
MSME00556,"Sundaram, Nagar and Rajan",Retail Trade,8,2.9,1,8.6,75.7,0.703,250057.0,1.03,68017.0,1,61.3,0.351,79.2,74.2,38.3,61.3,28.2,59.7,Moderate,moderate
MSME00557,Sibal-Dash,Textiles,18,9.0,1,2.9,98.4,0.936,522760.0,1.27,172147.0,0,93.7,0.166,97.0,95.6,82.7,93.7,52.0,94.1,Healthy,healthy
MSME00558,Roy-Nath,Manufacturing,8,5.7,0,2.5,98.7,0.813,311360.0,1.43,211974.0,0,97.9,0.086,97.4,86.9,88.6,97.9,44.5,88.9,Healthy,healthy
MSME00559,Dugar PLC,Auto Services,12,13.3,0,12.3,48.9,0.504,36708.0,0.75,15385.0,5,42.5,0.578,60.5,38.9,0.0,42.5,52.6,41.5,High-Risk,high_risk
MSME00560,Nayak-Sami,Auto Services,4,11.7,0,5.6,70.7,0.783,214113.0,1.05,36798.0,0,67.5,0.287,78.4,76.2,33.2,67.5,56.5,64.2,Moderate,moderate
MSME00561,Ravi PLC,Manufacturing,7,4.2,1,9.1,75.9,0.556,316946.0,1.15,31446.0,0,87.6,0.329,79.0,68.9,33.5,87.6,32.7,63.3,Moderate,moderate
MSME00562,"Nagi, Ravel and Kale",Textiles,3,8.8,0,0.0,94.9,0.866,505546.0,1.3,145020.0,0,93.0,0.084,96.9,90.6,74.3,93.0,53.9,90.2,Healthy,healthy
MSME00563,Som LLC,Manufacturing,4,12.6,0,5.1,95.3,0.8,571500.0,1.48,154343.0,0,91.5,0.168,93.5,86.0,81.1,91.5,62.8,85.2,Healthy,healthy
MSME00564,Chacko and Sons,Construction Materials,10,8.7,1,5.9,93.0,0.854,343498.0,1.27,116218.0,1,96.1,0.092,91.6,89.8,59.1,96.1,53.4,82.9,Healthy,healthy
MSME00565,Doctor-Solanki,Retail Trade,12,11.1,0,0.0,98.1,0.969,411865.0,1.43,232548.0,0,100.0,0.165,98.8,97.8,88.6,100.0,58.4,92.7,Healthy,healthy
MSME00566,Murty-Pathak,Auto Services,4,3.1,0,7.2,75.6,0.728,74673.0,0.88,80857.0,2,68.7,0.474,80.2,58.4,34.5,68.7,25.1,57.8,Moderate,moderate
MSME00567,Nagarajan-Khalsa,Auto Services,9,4.0,1,1.5,96.9,0.888,669835.0,1.34,202990.0,0,92.1,0.215,97.0,92.2,86.8,92.1,35.6,87.1,Healthy,healthy
MSME00568,Ray-Oak,Retail Trade,3,10.2,0,6.7,83.8,0.75,359111.0,1.06,38880.0,2,71.8,0.345,85.4,82.5,24.2,71.8,50.3,68.1,Moderate,moderate
MSME00569,Salvi-Uppal,Textiles,16,7.4,0,16.6,47.8,0.524,50528.0,0.85,15538.0,7,37.3,0.539,56.7,41.7,0.0,37.3,36.0,31.9,High-Risk,high_risk
MSME00570,"Brahmbhatt, Boase and Bumb",Auto Services,11,13.5,0,5.4,93.9,0.946,556340.0,0.85,130008.0,0,94.7,0.215,92.5,96.3,60.4,94.7,64.0,84.8,Healthy,healthy
MSME00571,Sengupta Inc,Auto Services,4,5.1,1,10.1,75.1,0.566,171247.0,1.08,102026.0,3,58.6,0.238,77.8,56.7,40.7,58.6,38.1,56.7,Moderate,moderate
MSME00572,"Badal, Hans and Chacko",Auto Services,18,7.5,1,19.1,46.9,0.419,134781.0,0.91,1000.0,3,61.2,0.612,54.4,42.8,3.4,61.2,34.1,39.1,High-Risk,high_risk
MSME00573,"Chaudry, Patil and Toor",Textiles,12,5.7,1,1.9,95.8,0.953,479556.0,1.28,265607.0,0,90.0,0.285,96.1,96.7,85.7,90.0,38.6,89.4,Healthy,healthy
MSME00574,Sule-De,Construction Materials,2,9.5,1,8.4,84.7,0.715,295826.0,0.97,56946.0,0,67.2,0.326,84.8,79.6,38.3,67.2,48.7,69.9,Moderate,moderate
MSME00575,"Chakrabarti, Sundaram and Sharaf",IT/Services,1,6.5,1,26.0,60.2,0.43,80846.0,0.74,19047.0,5,69.9,0.566,57.4,38.2,0.0,69.9,32.5,36.0,High-Risk,high_risk
MSME00576,"Gera, Som and Natt",Agri-processing,10,9.6,1,19.2,55.7,0.461,50371.0,1.02,20875.0,4,20.1,0.489,59.6,37.3,7.3,20.1,44.1,27.1,High-Risk,high_risk
MSME00577,Srinivas and Sons,Retail Trade,6,3.6,1,3.9,93.9,0.854,550292.0,1.33,111294.0,0,99.9,0.215,93.5,89.8,63.7,99.9,34.3,79.0,Healthy,healthy
MSME00578,"Gola, Sahni and Goel",Agri-processing,5,9.9,0,22.5,68.7,0.448,151135.0,0.88,5703.0,9,12.1,0.428,65.0,46.5,0.0,12.1,46.9,37.3,High-Risk,high_risk
MSME00579,"Gandhi, Nair and Nath",Agri-processing,5,6.9,0,9.3,75.4,0.56,283143.0,1.12,53595.0,0,74.2,0.261,78.5,67.5,40.2,74.2,42.9,64.5,Moderate,moderate
MSME00580,Yadav PLC,IT/Services,3,2.5,1,2.7,99.2,0.872,382133.0,1.31,214317.0,0,87.9,0.15,97.5,91.0,86.1,87.9,33.0,87.6,Healthy,healthy
MSME00581,Lal-Madan,Textiles,4,6.8,0,9.7,80.2,0.7,253702.0,1.2,47377.0,3,72.3,0.346,81.1,74.4,24.8,72.3,40.0,60.6,Moderate,moderate
MSME00582,Chawla and Sons,Textiles,1,14.8,0,40.2,44.7,0.367,37679.0,1.03,9506.0,6,80.3,0.504,37.8,29.5,0.0,80.3,59.3,33.7,High-Risk,high_risk
MSME00583,Swamy Group,Retail Trade,4,13.9,1,6.7,81.8,0.738,37700.0,1.12,83624.0,2,81.0,0.27,84.3,55.4,40.2,81.0,63.6,58.8,Moderate,moderate
MSME00584,Oza-Dass,IT/Services,16,8.5,0,3.8,95.1,0.975,620468.0,1.27,152913.0,0,92.8,0.152,94.3,98.3,76.3,92.8,50.9,86.6,Healthy,healthy
MSME00585,Krish Ltd,Manufacturing,13,12.4,0,13.4,80.9,0.672,151193.0,1.04,106083.0,3,80.9,0.394,78.9,62.2,41.2,80.9,55.4,65.4,Moderate,moderate
MSME00586,"Mand, Wali and Dave",Food & Beverage,3,10.4,1,6.1,94.4,0.887,674514.0,1.24,54192.0,0,93.3,0.095,92.2,92.1,42.8,93.3,58.4,77.7,Healthy,healthy
MSME00587,Varty-Jhaveri,Textiles,3,1.5,1,0.9,96.3,0.876,535683.0,1.6,130473.0,1,95.6,0.19,97.1,91.3,70.4,95.6,28.8,79.7,Healthy,healthy
MSME00588,Chawla Ltd,Food & Beverage,6,11.8,0,2.2,97.3,0.978,541041.0,0.97,258290.0,1,94.5,0.163,96.8,98.5,74.5,94.5,60.5,88.4,Healthy,healthy
MSME00589,"Dash, Randhawa and Samra",Textiles,3,12.0,0,1.8,92.3,0.915,463251.0,1.27,213351.0,0,94.6,0.215,94.1,94.1,85.3,94.6,59.5,85.9,Healthy,healthy
MSME00590,Bal LLC,Textiles,1,11.6,1,0.7,90.4,0.809,447280.0,1.29,209084.0,0,92.8,0.138,93.7,86.6,85.9,92.8,60.6,87.1,Healthy,healthy
MSME00591,"Baria, Barad and Sastry",Agri-processing,3,4.7,0,0.0,93.6,0.792,468568.0,1.27,159087.0,0,98.0,0.179,96.1,85.4,78.3,98.0,38.7,83.2,Healthy,healthy
MSME00592,"Hari, Sahni and Morar",Manufacturing,9,9.0,1,8.7,81.8,0.772,260905.0,0.9,66356.0,0,77.8,0.32,82.8,80.2,40.2,77.8,47.4,63.1,Moderate,moderate
MSME00593,"Samra, Prabhu and Bhattacharyya",Construction Materials,13,13.0,1,1.2,93.5,0.92,488861.0,1.02,179733.0,0,96.5,0.254,95.3,94.4,80.4,96.5,61.4,87.9,Healthy,healthy
MSME00594,Bahl-Sachdeva,Agri-processing,18,9.7,1,1.6,92.8,0.92,381347.0,1.41,226413.0,0,92.0,0.098,94.5,94.4,88.1,92.0,56.2,84.8,Healthy,healthy
MSME00595,"Kata, Comar and Parekh",Retail Trade,12,11.3,1,33.8,55.5,0.282,68615.0,0.85,19015.0,5,49.1,0.706,49.0,26.6,0.0,49.1,42.7,25.1,High-Risk,high_risk
MSME00596,Edwin-Banik,Agri-processing,7,11.3,0,4.2,68.6,0.672,294041.0,1.09,75409.0,3,67.4,0.311,78.2,76.4,31.9,67.4,54.6,58.6,Moderate,moderate
MSME00597,Thakkar-Mohan,Food & Beverage,1,8.0,0,17.1,71.5,0.763,209368.0,0.97,28556.0,2,63.3,0.323,70.6,74.3,18.9,63.3,44.3,51.6,Moderate,moderate
MSME00598,Ramakrishnan-Bail,Auto Services,4,7.9,0,1.4,92.7,0.967,494279.0,1.31,131609.0,0,92.2,0.056,94.7,97.7,70.1,92.2,52.0,81.5,Healthy,healthy
MSME00599,Sandhu and Sons,Food & Beverage,9,6.8,0,4.3,92.0,0.83,407247.0,1.49,142584.0,1,91.6,0.068,92.1,88.1,72.3,91.6,48.4,84.8,Healthy,healthy
MSME00600,Jayaraman PLC,Food & Beverage,1,12.5,0,0.4,93.5,0.941,354121.0,1.23,221206.0,0,91.4,0.149,95.8,95.9,84.5,91.4,63.0,85.8,Healthy,healthy
MSME00601,"Sharma, Butala and Varghese",IT/Services,11,9.6,0,2.4,100.0,0.906,281746.0,1.09,254065.0,1,98.0,0.098,98.3,91.6,76.7,98.0,55.9,86.3,Healthy,healthy
MSME00602,Jha-Kunda,IT/Services,4,2.8,1,3.6,100.0,0.905,272778.0,0.88,177695.0,0,95.0,0.125,97.4,90.6,76.8,95.0,34.7,89.0,Healthy,healthy
MSME00603,Sachdev-Panchal,Construction Materials,3,5.3,0,0.0,91.1,0.808,474998.0,1.04,199208.0,0,97.0,0.107,94.6,86.6,80.9,97.0,42.7,87.0,Healthy,healthy
MSME00604,Master PLC,Manufacturing,7,9.8,0,0.3,92.6,0.898,595573.0,1.06,218193.0,0,100.0,0.223,95.4,92.8,81.2,100.0,52.7,88.6,Healthy,healthy
MSME00605,Barad-Chada,IT/Services,3,10.3,0,4.8,98.1,0.917,531581.0,1.21,202218.0,0,90.6,0.081,95.4,94.2,84.1,90.6,58.5,87.7,Healthy,healthy
MSME00606,"Pai, Sathe and Ahluwalia",Agri-processing,1,8.4,0,13.2,79.0,0.741,173605.0,1.12,45042.0,5,69.6,0.259,77.9,69.2,12.4,69.6,47.4,54.7,Moderate,moderate
MSME00607,Sachdev-Nanda,Retail Trade,5,12.1,0,0.0,100.0,0.837,307633.0,1.21,216926.0,0,84.7,0.165,100.0,88.6,84.1,84.7,61.3,86.1,Healthy,healthy
MSME00608,"Pal, Chad and Talwar",IT/Services,3,9.9,1,0.1,100.0,0.946,355130.0,1.1,138433.0,1,88.9,0.176,99.9,96.2,63.2,88.9,54.4,88.8,Healthy,healthy
MSME00609,"Saini, Srinivasan and Kapadia",Food & Beverage,1,2.9,1,10.9,80.0,0.694,309481.0,0.93,81426.0,1,75.4,0.274,80.2,78.6,40.7,75.4,30.5,65.0,Moderate,moderate
MSME00610,Ganesan-Dhar,Auto Services,9,3.1,1,10.0,67.2,0.689,289586.0,0.95,70536.0,1,73.2,0.451,73.1,77.2,37.4,73.2,25.8,63.5,Moderate,moderate
MSME00611,Chand-Sen,Agri-processing,11,13.0,1,2.1,91.5,0.895,628038.0,1.56,238944.0,0,92.7,0.143,93.4,92.6,91.3,92.7,64.7,91.1,Healthy,healthy
MSME00612,Muni-Sani,Agri-processing,3,11.3,0,28.5,53.1,0.304,95847.0,0.95,24288.0,7,33.9,0.546,51.3,30.8,0.0,33.9,47.5,27.0,High-Risk,high_risk
MSME00613,Atwal Inc,Food & Beverage,10,7.4,1,6.6,69.3,0.856,316120.0,0.88,43993.0,2,73.9,0.252,76.9,89.9,22.3,73.9,44.6,63.0,Moderate,moderate
MSME00614,"Pillai, Dani and Chaudry",Textiles,3,13.7,0,2.2,96.8,0.974,297876.0,1.15,245721.0,0,88.1,0.169,96.5,98.0,82.9,88.1,66.0,84.1,Healthy,healthy
MSME00615,"Dhawan, Dhar and Chander",Manufacturing,6,5.8,0,18.4,42.9,0.484,88059.0,0.84,23436.0,8,55.4,0.276,52.5,42.7,0.0,55.4,39.1,40.4,High-Risk,high_risk
MSME00616,Chowdhury Group,Textiles,11,5.7,0,12.6,56.1,0.41,5000.0,0.66,14263.0,6,69.1,0.574,64.6,29.2,0.0,69.1,29.9,30.5,High-Risk,high_risk
MSME00617,Kapur-Mallick,IT/Services,3,2.9,1,1.6,100.0,0.937,337135.0,1.13,92568.0,0,92.3,0.103,98.9,95.6,53.6,92.3,35.6,84.4,Healthy,healthy
MSME00618,Murthy-Ramakrishnan,Manufacturing,5,12.5,1,1.6,89.9,0.805,558304.0,1.0,224929.0,0,95.9,0.044,92.8,86.3,80.1,95.9,66.2,86.3,Healthy,healthy
MSME00619,Sood Inc,Retail Trade,2,12.9,0,15.1,47.5,0.534,150428.0,0.88,9787.0,6,54.2,0.517,57.6,52.4,0.0,54.2,53.2,42.7,High-Risk,high_risk
MSME00620,"Ghosh, Tripathi and Dayal",Construction Materials,6,1.7,1,2.8,78.6,0.799,199038.0,0.8,80258.0,0,79.0,0.417,85.1,75.8,42.8,79.0,22.6,60.6,Moderate,moderate
MSME00621,"Dhawan, Barman and Bhatti",IT/Services,5,14.6,0,5.0,94.0,0.977,468312.0,1.15,173101.0,0,100.0,0.245,92.8,98.4,80.7,100.0,66.4,90.3,Healthy,healthy
MSME00622,"Bal, Bhardwaj and Nigam",Manufacturing,11,11.4,0,0.7,100.0,0.823,287522.0,1.29,307008.0,0,93.8,0.19,99.5,86.4,85.7,93.8,58.5,87.8,Healthy,healthy
MSME00623,Cherian-Bhavsar,Textiles,2,5.3,0,2.7,95.1,0.933,405758.0,1.31,261968.0,0,97.1,0.089,95.1,95.3,86.2,97.1,43.2,85.8,Healthy,healthy
MSME00624,Aggarwal-Tak,Retail Trade,1,7.7,0,6.7,78.9,0.807,221713.0,1.01,27902.0,2,82.2,0.101,82.5,78.7,19.4,82.2,50.1,66.1,Moderate,moderate
MSME00625,Mann-Bandi,Retail Trade,9,12.0,0,8.2,75.7,0.829,85833.0,1.06,47871.0,4,80.3,0.459,79.5,66.6,17.1,80.3,52.2,59.3,Moderate,moderate
MSME00626,"Chatterjee, Dutta and Shere",IT/Services,2,9.4,1,5.4,94.1,0.871,527349.0,1.49,148810.0,0,94.1,0.1,92.6,91.0,79.5,94.1,55.2,84.4,Healthy,healthy
MSME00627,More-Saran,Retail Trade,7,4.8,0,13.6,76.9,0.703,163147.0,1.17,48784.0,2,74.9,0.343,76.3,65.5,29.8,74.9,34.1,63.4,Moderate,moderate
MSME00628,Mangat and Sons,Food & Beverage,15,5.8,1,10.1,70.3,0.827,289029.0,1.17,82015.0,2,83.3,0.339,74.9,86.8,40.7,83.3,37.2,67.2,Moderate,moderate
MSME00629,"Srivastava, Banerjee and Prabhakar",Manufacturing,8,6.8,1,0.0,98.6,0.787,415487.0,1.08,128711.0,0,99.5,0.139,99.1,85.1,64.4,99.5,46.2,88.0,Healthy,healthy
MSME00630,Gera PLC,Food & Beverage,1,14.3,0,5.8,93.1,0.914,258924.0,1.25,203170.0,1,94.4,0.154,91.7,89.9,80.0,94.4,68.3,84.7,Healthy,healthy
MSME00631,Yohannan-Talwar,Agri-processing,11,2.7,1,12.0,73.6,0.703,152325.0,0.84,71523.0,3,82.4,0.232,75.6,64.4,25.6,82.4,31.1,54.6,Moderate,moderate
MSME00632,Batta Group,Manufacturing,1,7.5,0,23.6,51.3,0.381,166176.0,0.77,4473.0,4,45.7,0.501,53.8,43.3,0.0,45.7,37.5,30.6,High-Risk,high_risk
MSME00633,"Banerjee, Sawhney and Choudhry",Manufacturing,5,11.6,0,13.8,79.4,0.71,185841.0,1.04,43759.0,2,85.5,0.408,77.7,68.3,25.5,85.5,52.6,62.6,Moderate,moderate
MSME00634,"Bhatt, Dhar and Nigam",Construction Materials,8,0.8,1,10.0,70.5,0.644,278122.0,0.93,86146.0,2,68.6,0.202,75.1,72.9,37.3,68.6,26.3,59.5,Moderate,moderate
MSME00635,Joshi Ltd,Retail Trade,6,10.3,0,0.9,98.7,0.851,430715.0,1.24,123137.0,0,97.2,0.114,98.6,89.6,65.8,97.2,57.5,80.7,Healthy,healthy
MSME00636,Mannan Ltd,Agri-processing,13,1.9,1,7.7,77.2,0.622,182927.0,1.27,87372.0,2,71.4,0.363,80.8,61.8,44.5,71.4,24.8,62.6,Moderate,moderate
MSME00637,"Shanker, Tiwari and Bhatnagar",Food & Beverage,11,14.4,1,12.7,66.7,0.678,202298.0,0.83,28693.0,2,64.9,0.188,70.9,67.7,16.1,64.9,67.6,56.6,Moderate,moderate
MSME00638,"Bala, Ram and Tiwari",Retail Trade,3,7.9,0,2.0,99.9,0.913,556371.0,1.22,192211.0,1,92.3,0.157,98.5,93.9,79.4,92.3,49.0,80.9,Healthy,healthy
MSME00639,Bail-Arya,Food & Beverage,4,11.5,0,1.1,95.1,0.81,337393.0,1.02,206404.0,0,95.3,0.234,96.3,86.7,80.3,95.3,57.5,87.2,Healthy,healthy
MSME00640,Saran Inc,Food & Beverage,3,14.0,1,4.1,98.8,0.829,637606.0,1.29,107599.0,0,92.3,0.264,96.3,88.1,61.8,92.3,64.1,78.0,Healthy,healthy
MSME00641,Kothari LLC,IT/Services,2,12.6,1,1.8,94.6,0.869,374974.0,1.1,129972.0,0,94.7,0.113,95.5,90.8,65.4,94.7,64.4,83.5,Healthy,healthy
MSME00642,Bose Inc,Manufacturing,8,3.0,0,0.0,99.5,1.0,508994.0,1.42,165249.0,0,94.7,0.149,99.7,100.0,83.4,94.7,34.5,89.4,Healthy,healthy
MSME00643,Cheema-Din,IT/Services,1,0.8,1,5.2,97.2,0.939,437768.0,1.32,245376.0,0,96.7,0.193,94.6,95.8,86.4,96.7,26.6,89.6,Healthy,healthy
MSME00644,Kulkarni-Badami,Manufacturing,4,8.0,1,4.5,96.4,0.992,650100.0,1.37,184481.0,1,92.4,0.086,94.6,99.5,82.3,92.4,51.4,89.6,Healthy,healthy
MSME00645,Mittal-Prakash,IT/Services,2,6.8,1,5.3,94.7,0.831,593720.0,1.33,192757.0,0,97.1,0.088,93.0,88.2,86.6,97.1,47.8,88.5,Healthy,healthy
MSME00646,"Dani, Sehgal and Dewan",Agri-processing,2,3.1,0,31.0,52.3,0.665,58676.0,0.78,27787.0,3,64.5,0.409,49.0,52.4,10.0,64.5,27.0,34.8,High-Risk,high_risk
MSME00647,"Khatri, Dewan and Kothari",Food & Beverage,21,3.4,0,6.5,89.7,0.631,285447.0,1.1,110243.0,1,82.9,0.3,89.1,72.7,53.8,82.9,31.2,73.3,Healthy,moderate
MSME00648,Das Group,Manufacturing,11,7.4,0,5.9,91.3,0.792,233709.0,1.06,78690.0,1,79.0,0.262,90.5,78.8,42.4,79.0,44.3,64.3,Moderate,moderate
MSME00649,"Prakash, Chana and Arora",Food & Beverage,8,11.1,0,27.6,64.1,0.222,90790.0,0.88,36226.0,6,52.3,0.765,58.6,24.6,0.0,52.3,40.4,34.5,High-Risk,high_risk
MSME00650,"Cherian, Munshi and Bhatt",Retail Trade,6,2.3,1,9.5,73.2,0.714,270530.0,0.99,92930.0,2,78.1,0.252,77.0,77.0,40.9,78.1,29.4,59.8,Moderate,moderate
MSME00651,Sundaram and Sons,IT/Services,6,6.6,1,2.0,95.5,0.754,599319.0,1.14,269950.0,0,91.2,0.213,95.8,82.8,82.7,91.2,43.4,87.4,Healthy,healthy
MSME00652,Shenoy LLC,Manufacturing,15,11.9,0,10.1,85.2,0.697,336988.0,0.96,97927.0,2,89.5,0.225,83.8,78.8,41.9,89.5,58.9,69.9,Moderate,moderate
MSME00653,"Bassi, Balakrishnan and Sachar",Auto Services,7,13.2,0,0.0,81.3,0.673,240694.0,1.18,63179.0,1,72.5,0.375,88.8,71.2,39.6,72.5,58.4,66.6,Moderate,moderate
MSME00654,Sastry Ltd,IT/Services,4,10.8,0,6.0,86.6,0.649,280548.0,0.91,112129.0,1,77.0,0.374,87.6,73.5,50.5,77.0,51.2,69.6,Moderate,moderate
MSME00655,Sandhu-Soni,Auto Services,4,2.3,1,7.0,79.0,0.754,157359.0,1.09,38792.0,2,73.2,0.296,82.4,68.5,24.8,73.2,28.0,60.7,Moderate,moderate
MSME00656,Tailor-Bawa,Auto Services,4,13.2,1,3.7,95.3,0.92,571609.0,1.51,247110.0,0,94.7,0.206,94.5,94.4,90.3,94.7,63.4,84.1,Healthy,healthy
MSME00657,Viswanathan LLC,Manufacturing,9,2.6,1,2.6,100.0,0.983,436154.0,1.19,273547.0,0,96.2,0.248,98.1,98.8,83.7,96.2,30.4,87.4,Healthy,healthy
MSME00658,Banik and Sons,Retail Trade,5,12.8,1,0.0,100.0,1.0,345941.0,1.41,210330.0,0,93.9,0.212,100.0,100.0,88.2,93.9,62.0,90.2,Healthy,healthy
MSME00659,Khare-Sharma,Manufacturing,2,2.8,1,2.1,79.9,0.666,73169.0,1.2,74929.0,1,70.8,0.361,86.4,53.9,43.9,70.8,27.6,60.4,Moderate,moderate
MSME00660,Gokhale-Oza,Auto Services,2,8.6,0,11.9,73.0,0.689,371036.0,1.04,64548.0,0,67.5,0.318,75.2,78.2,42.3,67.5,46.2,62.1,Moderate,moderate
MSME00661,"Vig, Balasubramanian and Devan",Food & Beverage,8,11.9,0,4.2,94.4,0.908,416332.0,1.4,157053.0,2,94.2,0.265,93.6,93.5,70.4,94.2,57.8,86.2,Healthy,healthy
MSME00662,"Kohli, Sachdev and Ramachandran",Food & Beverage,18,7.4,0,29.5,72.1,0.576,159761.0,0.97,21665.0,3,81.1,0.797,62.0,56.3,11.5,81.1,28.3,51.6,Moderate,high_risk
MSME00663,"Bhargava, Dugar and Kuruvilla",Textiles,19,5.1,0,10.7,74.4,0.678,474373.0,1.21,63917.0,7,74.1,0.276,76.9,77.4,10.6,74.1,37.0,56.5,Moderate,moderate
MSME00664,"Natt, Mall and Mander",Food & Beverage,8,12.7,0,1.7,94.3,0.931,493513.0,1.26,235832.0,0,91.4,0.201,95.4,95.2,85.1,91.4,62.1,85.6,Healthy,healthy
MSME00665,Sastry PLC,Food & Beverage,16,6.1,0,2.0,100.0,0.803,328495.0,1.38,224043.0,0,94.0,0.164,98.6,86.2,87.7,94.0,43.4,88.5,Healthy,healthy
MSME00666,Bahri Group,Retail Trade,4,11.9,0,0.8,95.8,0.849,328701.0,1.36,148932.0,0,96.0,0.116,96.9,89.4,76.8,96.0,62.2,83.0,Healthy,healthy
MSME00667,Virk Group,Food & Beverage,3,6.7,1,0.7,92.7,0.884,622239.0,1.34,294825.0,1,96.1,0.141,95.1,91.9,81.9,96.1,45.9,80.0,Healthy,healthy
MSME00668,"Bhandari, Kibe and Roy",Auto Services,3,4.5,1,3.4,93.9,0.864,177501.0,1.37,152647.0,0,95.8,0.179,93.9,78.2,78.3,95.8,38.1,79.8,Healthy,healthy
MSME00669,"Misra, Magar and Sarraf",Retail Trade,5,13.0,0,0.0,98.0,0.76,406201.0,1.32,132002.0,0,90.5,0.196,98.8,83.2,70.4,90.5,63.1,81.1,Healthy,healthy
MSME00670,"Sachdev, Rau and Kakar",Retail Trade,2,10.8,1,0.2,98.6,0.965,324327.0,1.12,258949.0,1,96.6,0.184,99.0,97.5,77.5,96.6,56.9,90.1,Healthy,healthy
MSME00671,"Khurana, Dyal and Mand",IT/Services,6,0.6,1,2.6,96.3,0.873,582243.0,1.21,143659.0,0,86.9,0.203,95.9,91.1,72.1,86.9,25.7,79.6,Healthy,healthy
MSME00672,Banerjee-Oak,Manufacturing,2,4.2,1,17.7,73.7,0.46,81682.0,0.84,36634.0,2,23.8,0.546,71.4,40.4,19.0,23.8,26.2,37.3,High-Risk,high_risk
MSME00673,Mann Ltd,IT/Services,7,10.2,0,4.7,93.6,0.943,443070.0,1.28,193130.0,1,93.0,0.161,92.8,96.0,80.5,93.0,55.8,82.9,Healthy,healthy
MSME00674,Tiwari-Sawhney,Construction Materials,10,13.2,0,7.4,68.0,0.656,125471.0,0.92,80282.0,2,79.7,0.26,75.4,58.4,35.1,79.7,61.8,67.1,Moderate,moderate
MSME00675,"Vasa, Loyal and Acharya",IT/Services,10,8.1,1,19.8,72.6,0.642,124384.0,1.02,133081.0,2,75.7,0.276,69.3,57.4,54.7,75.7,46.0,61.2,Moderate,moderate
MSME00676,Lad-Mander,Textiles,14,4.7,0,28.0,70.3,0.539,36583.0,0.89,27030.0,5,39.2,0.501,62.0,41.4,1.8,39.2,29.1,36.7,High-Risk,high_risk
MSME00677,Saha-Kapur,IT/Services,1,2.1,1,2.7,100.0,0.909,282735.0,1.02,162359.0,0,91.0,0.119,98.0,91.9,74.5,91.0,32.7,88.5,Healthy,healthy
MSME00678,Yohannan LLC,Auto Services,8,13.5,1,4.4,96.2,0.913,533344.0,1.1,155790.0,1,100.0,0.156,94.6,93.9,69.0,100.0,65.8,85.1,Healthy,healthy
MSME00679,Ratta-Thaman,Auto Services,15,14.4,0,28.3,55.8,0.439,59208.0,0.89,22231.0,4,38.6,0.279,53.1,36.7,5.2,38.6,64.8,36.3,High-Risk,high_risk
MSME00680,Vasa-Contractor,Textiles,11,14.0,0,29.4,37.6,0.492,162572.0,0.89,19975.0,3,51.4,0.522,41.4,50.7,9.5,51.4,56.3,38.2,High-Risk,high_risk
MSME00681,Lad-Suresh,Agri-processing,21,12.7,1,25.9,60.7,0.702,70493.0,0.83,15613.0,5,47.1,0.395,57.7,56.2,0.0,47.1,56.3,42.4,High-Risk,high_risk
MSME00682,Halder PLC,Retail Trade,5,7.8,0,3.5,98.5,0.855,324059.0,1.15,145684.0,0,97.3,0.201,96.6,89.9,71.5,97.3,47.4,79.7,Healthy,healthy
MSME00683,Barad LLC,Auto Services,2,9.3,0,2.1,93.5,0.899,362871.0,1.1,287567.0,1,87.8,0.178,94.6,92.9,77.0,87.8,52.5,83.6,Healthy,healthy
MSME00684,"Nath, Oak and Keer",Manufacturing,8,3.3,0,4.9,70.9,0.845,300009.0,1.26,86199.0,2,71.6,0.321,79.1,89.1,43.9,71.6,30.3,68.4,Moderate,moderate
MSME00685,Sahota-Nadig,Textiles,12,3.1,0,22.9,53.8,0.285,118512.0,0.79,11022.0,5,63.7,0.651,55.7,31.8,0.0,63.7,19.8,30.6,High-Risk,high_risk
MSME00686,Raja-Solanki,Auto Services,10,6.6,0,9.2,84.6,0.798,257203.0,1.06,89720.0,2,77.5,0.4,84.1,81.6,41.0,77.5,37.8,65.0,Moderate,moderate
MSME00687,"Bhandari, Sami and Sangha",IT/Services,2,7.5,0,11.0,77.6,0.658,195855.0,1.02,66009.0,1,66.6,0.202,78.7,65.6,37.4,66.6,46.4,59.4,Moderate,moderate
MSME00688,Kuruvilla-Subramaniam,Auto Services,1,10.7,0,0.0,94.8,0.89,548333.0,1.52,259500.0,0,90.1,0.237,96.9,92.3,90.4,90.1,55.0,79.6,Healthy,healthy
MSME00689,Sha Inc,IT/Services,3,7.2,0,23.1,54.3,0.439,130185.0,0.78,23872.0,8,62.5,0.444,56.0,43.7,0.0,62.5,38.3,37.1,High-Risk,high_risk
MSME00690,Grewal-Patla,Agri-processing,13,13.2,0,3.1,93.7,0.909,388758.0,1.21,225489.0,0,92.5,0.084,94.0,93.6,84.3,92.5,67.1,93.9,Healthy,healthy
MSME00691,Bava Inc,Food & Beverage,6,10.8,1,0.0,99.7,0.993,487042.0,1.02,149149.0,0,92.4,0.115,99.8,99.5,70.1,92.4,58.9,84.8,Healthy,healthy
MSME00692,Rau-Yadav,Food & Beverage,5,1.7,1,12.8,75.2,0.668,391168.0,1.04,68977.0,2,77.3,0.299,75.9,76.7,33.7,77.3,26.1,60.8,Moderate,moderate
MSME00693,"Menon, More and Aurora",Retail Trade,2,9.1,0,13.7,85.4,0.664,119761.0,1.08,26438.0,2,73.6,0.31,81.4,58.4,20.4,73.6,48.0,53.2,Moderate,moderate
MSME00694,Brar-Kala,Auto Services,4,1.9,1,5.1,95.8,0.97,513654.0,1.32,165357.0,1,96.0,0.173,93.8,97.9,76.4,96.0,30.5,82.1,Healthy,healthy
MSME00695,Prashad and Sons,Construction Materials,7,3.8,1,3.8,94.7,0.962,381212.0,1.24,260688.0,1,91.7,0.183,94.0,97.4,79.9,91.7,35.9,91.0,Healthy,healthy
MSME00696,Char-Dhillon,Construction Materials,17,13.5,0,8.8,84.6,0.819,388312.0,0.99,48445.0,1,81.3,0.377,84.4,87.3,31.0,81.3,59.2,71.1,Healthy,moderate
MSME00697,"Patla, Contractor and Raghavan",Manufacturing,22,1.1,1,2.7,93.0,0.888,182612.0,0.97,238936.0,0,94.0,0.222,93.9,80.5,79.4,94.0,26.6,81.1,Healthy,healthy
MSME00698,"Raja, Vala and Sen",Construction Materials,4,6.9,0,3.5,74.1,0.751,224774.0,1.03,76597.0,2,75.3,0.256,81.9,75.0,36.1,75.3,43.0,62.4,Moderate,moderate
MSME00699,"Kothari, Iyer and Dar",Food & Beverage,15,13.4,0,3.7,95.4,0.988,448597.0,1.17,239926.0,0,98.7,0.151,94.6,99.2,83.3,98.7,65.7,95.6,Healthy,healthy
MSME00700,Ram-Shukla,Auto Services,2,4.4,0,7.7,77.1,0.651,301611.0,1.1,67904.0,7,68.6,0.357,80.7,75.5,9.6,68.6,32.5,57.8,Moderate,moderate
MSME00701,Borah-Wagle,Textiles,1,8.5,1,8.9,84.2,0.584,310306.0,0.94,89468.0,1,79.6,0.288,84.1,70.9,43.7,79.6,46.9,67.1,Moderate,moderate
MSME00702,"Sani, Ganesan and Prashad",Textiles,6,11.9,0,1.0,99.7,0.927,715379.0,0.95,207767.0,0,99.0,0.258,99.1,94.9,79.0,99.0,58.0,93.0,Healthy,healthy
MSME00703,Shere-Sur,Retail Trade,12,4.7,0,6.1,92.6,0.928,247101.0,1.24,52653.0,0,93.6,0.242,91.2,89.7,42.3,93.6,36.8,69.1,Moderate,healthy
MSME00704,Sama PLC,Retail Trade,16,10.0,0,0.2,93.7,0.792,485681.0,1.21,113423.0,1,87.3,0.209,96.1,85.5,57.0,87.3,53.7,78.3,Healthy,healthy
MSME00705,Luthra Ltd,Agri-processing,26,13.0,0,2.1,100.0,0.81,387170.0,1.27,201814.0,1,98.1,0.216,98.5,86.7,80.4,98.1,62.5,90.8,Healthy,healthy
MSME00706,Tara-Purohit,Agri-processing,9,14.6,1,2.9,49.2,0.484,48640.0,0.83,12126.0,5,46.5,0.572,67.5,38.8,0.0,46.5,56.6,38.1,High-Risk,high_risk
MSME00707,"Kulkarni, Natt and Buch",Auto Services,8,11.4,0,2.3,95.7,0.89,539480.0,1.29,159251.0,0,95.5,0.23,95.8,92.3,78.9,95.5,57.3,85.8,Healthy,healthy
MSME00708,"Thakkar, Boase and Mody",Textiles,4,11.9,0,19.9,55.5,0.218,82158.0,0.6,3500.0,5,39.8,0.601,59.0,23.5,0.0,39.8,47.7,27.2,High-Risk,high_risk
MSME00709,Mital Group,Auto Services,10,13.8,0,1.6,90.7,0.874,589476.0,1.55,196937.0,0,95.0,0.117,93.3,91.1,91.0,95.0,67.9,85.0,Healthy,healthy
MSME00710,Kapur-Bansal,IT/Services,23,10.1,1,8.0,78.7,0.823,208791.0,0.91,65151.0,4,75.4,0.376,81.5,78.5,19.9,75.4,49.0,59.9,Moderate,moderate
MSME00711,"Venkataraman, Nadkarni and Bera",IT/Services,12,2.9,1,21.5,51.5,0.42,58123.0,0.89,8114.0,5,52.4,0.683,55.4,35.2,0.0,52.4,18.2,35.8,High-Risk,high_risk
MSME00712,Narula-Bakshi,Textiles,15,14.8,0,7.6,76.7,0.792,150842.0,1.1,85310.0,3,78.8,0.393,80.6,70.5,35.4,78.8,62.6,65.7,Moderate,moderate
MSME00713,Khurana LLC,Auto Services,21,14.7,1,7.8,81.9,0.858,295694.0,1.03,36536.0,1,64.5,0.407,83.5,89.6,27.8,64.5,61.9,67.8,Moderate,moderate
MSME00714,Karan-Bahri,Agri-processing,2,9.2,1,6.5,68.6,0.798,345559.0,1.24,75610.0,3,77.2,0.393,76.5,85.8,34.9,77.2,45.8,66.0,Moderate,moderate
MSME00715,Dass-Garg,Agri-processing,15,2.2,1,3.5,95.1,0.901,385207.0,0.83,133320.0,0,83.8,0.167,94.6,93.1,61.0,83.8,31.6,76.5,Healthy,healthy
MSME00716,"Mishra, Varghese and Shetty",Textiles,4,6.2,0,17.7,56.7,0.419,156358.0,0.86,30943.0,2,39.9,0.606,61.3,44.9,17.5,39.9,30.4,43.6,High-Risk,high_risk
MSME00717,Vala LLC,Food & Beverage,3,14.4,1,30.7,48.6,0.538,144434.0,0.71,6131.0,4,26.3,0.397,47.0,52.1,0.0,26.3,61.3,31.7,High-Risk,high_risk
MSME00718,"Reddy, Gupta and Majumdar",Textiles,18,4.4,1,17.3,50.8,0.257,109314.0,0.68,19220.0,5,28.8,0.46,58.0,28.9,0.0,28.8,29.4,31.0,High-Risk,high_risk
MSME00719,"Raman, Soni and Lanka",Manufacturing,31,8.6,1,2.2,97.5,0.873,322994.0,1.27,265195.0,0,93.4,0.134,96.9,91.1,85.3,93.4,51.8,91.2,Healthy,healthy
MSME00720,Bail PLC,Manufacturing,1,2.1,1,3.1,64.3,0.644,231032.0,1.07,27653.0,2,94.4,0.349,76.3,68.2,20.5,94.4,25.8,60.9,Moderate,moderate
MSME00721,"Palla, Ranganathan and Chakraborty",IT/Services,7,6.3,0,45.7,56.3,0.464,177150.0,0.88,1000.0,12,56.7,0.532,40.8,50.2,0.0,56.7,32.9,34.7,High-Risk,high_risk
MSME00722,"Sastry, Sampath and Khare",Food & Beverage,13,7.1,0,4.9,99.3,0.931,382710.0,1.12,144527.0,0,87.0,0.204,96.0,95.2,70.5,87.0,45.2,84.5,Healthy,healthy
MSME00723,Kala Group,Agri-processing,13,1.9,1,1.4,97.6,0.853,556124.0,1.45,179593.0,0,96.2,0.205,97.5,89.7,88.8,96.2,29.6,86.1,Healthy,healthy
MSME00724,Jayaraman-Chauhan,Agri-processing,1,9.6,0,13.5,61.2,0.696,337642.0,0.98,122874.0,2,65.8,0.266,67.0,78.7,50.6,65.8,50.8,60.3,Moderate,moderate
MSME00725,Bava-Muni,Agri-processing,3,10.4,0,4.8,73.9,0.666,233271.0,1.17,101601.0,2,65.6,0.367,80.9,69.9,47.3,65.6,50.2,67.6,Moderate,moderate
MSME00726,Mishra-Sule,Retail Trade,5,8.8,1,30.8,61.1,0.492,71597.0,0.7,15291.0,4,55.9,0.713,54.4,41.6,0.0,55.9,35.0,34.4,High-Risk,high_risk
MSME00727,"Luthra, Srivastava and Menon",Textiles,9,14.2,0,0.2,94.0,0.93,195273.0,1.24,132136.0,1,90.0,0.098,96.2,84.6,63.9,90.0,69.7,84.0,Healthy,healthy
MSME00728,Mangal-Venkatesh,Textiles,7,2.8,1,29.0,58.1,0.53,5000.0,0.89,1000.0,5,49.4,0.757,54.0,37.6,0.0,49.4,15.7,33.1,High-Risk,high_risk
MSME00729,"Oommen, Kurian and Prabhakar",Auto Services,7,4.1,0,0.5,93.6,1.0,606870.0,1.22,226742.0,1,89.8,0.249,95.8,100.0,79.3,89.8,34.8,83.4,Healthy,healthy
MSME00730,Khatri Ltd,Agri-processing,3,5.5,1,0.0,89.6,0.937,188184.0,1.31,149970.0,0,100.0,0.214,93.8,84.4,76.2,100.0,40.1,78.0,Healthy,healthy
MSME00731,Jain PLC,Textiles,17,6.3,0,0.0,97.0,0.968,451008.0,1.39,207744.0,0,95.2,0.203,98.2,97.8,87.8,95.2,42.8,86.9,Healthy,healthy
MSME00732,"Padmanabhan, Dass and Chokshi",Textiles,15,8.4,1,30.6,60.7,0.383,22439.0,0.81,36813.0,9,31.2,0.649,54.4,29.0,0.0,31.2,35.7,34.2,High-Risk,high_risk
MSME00733,"Oak, De and Kapur",Auto Services,6,6.9,0,2.4,79.9,0.743,229469.0,1.11,111446.0,2,78.5,0.406,86.2,74.9,49.4,78.5,38.5,69.1,Moderate,moderate
MSME00734,Goswami-Bhagat,Agri-processing,10,1.7,1,7.8,79.2,0.691,282882.0,1.03,134739.0,3,76.5,0.379,81.9,76.7,50.5,76.5,23.7,64.7,Moderate,moderate
MSME00735,Chad-Misra,Agri-processing,15,13.2,0,4.2,92.7,0.874,477936.0,1.56,156014.0,0,100.0,0.142,92.6,91.2,83.2,100.0,65.3,86.3,Healthy,healthy
MSME00736,"Kade, Bansal and Sane",Food & Beverage,6,11.3,1,12.8,59.4,0.441,82951.0,0.8,15172.0,3,56.3,0.39,66.4,39.2,6.0,56.3,52.2,39.8,High-Risk,high_risk
MSME00737,Sandhu-Mukhopadhyay,Agri-processing,6,3.0,0,4.1,96.6,0.947,442861.0,1.29,93987.0,0,100.0,0.1,95.0,96.3,57.1,100.0,36.0,75.8,Healthy,healthy
MSME00738,"Oak, Chana and Madan",IT/Services,15,6.3,0,6.6,51.1,0.709,118304.0,0.85,12527.0,1,64.2,0.571,66.0,61.5,16.1,64.2,31.8,53.9,Moderate,high_risk
MSME00739,Zacharia-Bajwa,IT/Services,1,1.5,1,0.0,69.4,0.745,204190.0,1.18,62856.0,0,67.4,0.277,81.7,72.6,44.5,67.4,26.2,59.6,Moderate,moderate
MSME00740,"Nagi, Andra and Chaudhary",Manufacturing,5,3.3,1,1.0,100.0,0.876,586031.0,1.19,195671.0,0,90.2,0.134,99.3,91.3,83.9,90.2,35.9,87.4,Healthy,healthy
MSME00741,Nayak-Babu,Textiles,12,13.9,1,4.8,82.4,0.666,201695.0,1.25,103626.0,2,59.5,0.204,86.0,66.8,49.6,59.5,65.6,67.5,Moderate,moderate
MSME00742,Memon-Bedi,Auto Services,6,8.2,0,0.0,95.8,0.921,253020.0,1.17,208729.0,0,90.7,0.233,97.5,89.8,83.3,90.7,47.6,86.1,Healthy,healthy
MSME00743,Puri LLC,Agri-processing,6,11.6,0,4.1,79.3,0.734,57623.0,0.94,49524.0,0,78.6,0.274,84.6,57.1,35.4,78.6,56.6,62.6,Moderate,moderate
MSME00744,"Jha, Mittal and Banerjee",Food & Beverage,1,4.1,0,9.8,69.5,0.749,421327.0,0.89,61465.0,1,80.1,0.378,74.7,82.4,33.3,80.1,31.0,62.9,Moderate,moderate
MSME00745,"Khalsa, Viswanathan and Tella",Food & Beverage,12,4.6,0,0.7,93.2,0.863,329786.0,1.32,242826.0,0,93.9,0.204,95.4,90.4,86.3,93.9,37.7,79.1,Healthy,healthy
MSME00746,"Lanka, Kota and Basu",Food & Beverage,16,13.8,0,21.2,42.5,0.621,5000.0,0.8,17500.0,5,38.8,0.645,50.3,44.0,0.0,38.8,52.1,32.6,High-Risk,high_risk
MSME00747,Grewal Group,Agri-processing,12,8.9,0,2.8,96.3,0.832,662320.0,1.27,222173.0,0,100.0,0.179,95.8,88.2,85.3,100.0,51.3,84.8,Healthy,healthy
MSME00748,Mannan PLC,IT/Services,4,3.9,1,14.2,73.7,0.699,9754.0,1.26,37886.0,5,88.4,0.34,74.0,49.9,12.8,88.4,31.5,52.5,Moderate,moderate
MSME00749,"Chauhan, Sachdeva and Wagle",Construction Materials,8,5.5,0,28.9,49.6,0.425,115554.0,0.79,20183.0,7,17.3,0.627,49.0,41.3,0.0,17.3,27.7,22.3,High-Risk,high_risk
MSME00750,"Majumdar, Varma and Sundaram",Agri-processing,3,10.6,1,12.0,73.3,0.831,258025.0,1.02,80426.0,2,74.9,0.355,75.3,84.0,37.2,74.9,51.1,70.5,Healthy,moderate
MSME00751,Dhillon-Taneja,IT/Services,11,11.6,1,0.0,93.3,0.825,263522.0,1.26,195423.0,0,94.9,0.151,96.0,84.1,85.2,94.9,60.3,87.8,Healthy,healthy
MSME00752,Mangat-Hans,IT/Services,3,9.2,0,8.9,42.8,0.462,140615.0,0.92,3990.0,3,55.4,0.642,59.3,46.4,4.7,55.4,38.4,38.4,High-Risk,high_risk
MSME00753,"Sharma, Ganguly and Dutt",Retail Trade,9,13.9,0,12.5,79.1,0.763,293334.0,1.04,59632.0,2,76.4,0.229,78.5,82.7,30.7,76.4,64.8,63.0,Moderate,moderate
MSME00754,"Som, Tella and Bora",Manufacturing,3,8.2,0,0.0,97.1,0.877,515110.0,1.24,184456.0,0,90.1,0.122,98.3,91.4,84.9,90.1,50.9,90.5,Healthy,healthy
MSME00755,Mahal-Ahuja,Retail Trade,3,8.6,1,1.4,93.7,0.893,373662.0,1.2,127175.0,0,90.4,0.284,95.2,92.5,66.3,90.4,47.3,82.5,Healthy,healthy
MSME00756,Sen LLC,Food & Beverage,3,1.5,1,18.7,59.1,0.508,87825.0,1.08,25948.0,3,46.9,0.56,62.0,44.4,15.3,46.9,17.7,46.8,Moderate,high_risk
MSME00757,Parikh-Chaudhari,Agri-processing,8,5.2,0,20.0,76.4,0.666,167682.0,1.05,69979.0,2,85.5,0.193,71.4,63.4,34.3,85.5,39.8,56.8,Moderate,moderate
MSME00758,Kulkarni Ltd,Textiles,7,7.9,1,10.3,88.1,0.615,263336.0,1.23,92765.0,3,85.4,0.233,85.4,69.4,40.5,85.4,46.7,62.1,Moderate,moderate
MSME00759,"Chauhan, Chana and Ahluwalia",Retail Trade,6,9.5,0,17.1,42.5,0.339,180788.0,0.81,22841.0,4,52.9,0.369,53.2,41.8,3.8,52.9,47.4,38.6,High-Risk,high_risk
MSME00760,Korpal Inc,Agri-processing,8,13.5,0,15.1,51.3,0.461,57413.0,1.2,8843.0,0,49.8,0.693,59.9,38.0,26.9,49.8,49.7,44.5,High-Risk,high_risk
MSME00761,Pant PLC,Construction Materials,4,14.8,0,0.0,95.4,0.872,390457.0,1.37,185435.0,1,97.2,0.261,97.2,91.0,82.4,97.2,66.6,95.2,Healthy,healthy
MSME00762,Ahuja-Parmar,Retail Trade,5,9.8,1,0.0,95.7,0.967,367273.0,1.02,188773.0,0,91.2,0.137,97.4,97.7,80.5,91.2,55.3,88.4,Healthy,healthy
MSME00763,"Johal, Purohit and Seshadri",Retail Trade,12,13.5,0,3.8,96.9,0.906,443740.0,1.11,179961.0,0,91.4,0.17,95.4,93.5,82.2,91.4,65.4,90.4,Healthy,healthy
MSME00764,Bajwa Group,Manufacturing,2,3.5,0,9.5,84.8,0.848,308020.0,1.2,59661.0,0,69.9,0.358,84.0,89.4,43.9,69.9,29.7,69.8,Moderate,moderate
MSME00765,Buch LLC,Manufacturing,16,1.7,1,1.7,96.1,0.864,342979.0,1.31,157893.0,1,100.0,0.222,96.5,90.5,73.8,100.0,28.4,88.7,Healthy,healthy
MSME00766,Nadig-Nigam,Auto Services,4,10.7,0,12.0,66.6,0.583,255033.0,1.1,61783.0,1,88.8,0.306,71.3,66.3,37.6,88.8,52.9,59.6,Moderate,moderate
MSME00767,"Basak, Natt and Sathe",Retail Trade,6,13.0,1,13.9,41.4,0.531,128197.0,0.82,23739.0,5,33.3,0.47,54.8,50.0,0.0,33.3,54.9,32.1,High-Risk,high_risk
MSME00768,"Kohli, Divan and Rai",Retail Trade,11,11.1,1,16.2,54.1,0.475,52164.0,0.65,10228.0,5,43.0,0.483,60.8,38.4,0.0,43.0,48.8,36.6,High-Risk,high_risk
MSME00769,Dave Inc,Food & Beverage,1,8.1,0,0.0,98.0,0.875,276562.0,1.3,178575.0,0,95.3,0.155,98.8,88.9,85.5,95.3,49.6,85.1,Healthy,healthy
MSME00770,Parekh Inc,Agri-processing,8,4.6,0,37.7,56.6,0.573,81136.0,1.21,9805.0,2,42.6,0.32,46.8,48.2,17.4,42.6,34.2,33.1,High-Risk,high_risk
MSME00771,"Kumer, Master and Raman",Food & Beverage,6,3.9,1,0.0,97.3,0.979,370260.0,1.25,118299.0,1,95.9,0.131,98.3,98.5,59.5,95.9,37.8,84.6,Healthy,healthy
MSME00772,Kaul-Tank,Construction Materials,6,6.2,1,16.8,59.6,0.563,74989.0,0.95,1000.0,5,49.6,0.579,63.7,46.9,0.0,49.6,31.2,40.0,High-Risk,high_risk
MSME00773,Randhawa Group,IT/Services,2,6.7,1,2.7,95.5,0.852,681784.0,1.42,239133.0,0,93.5,0.221,95.4,89.6,88.3,93.5,43.5,85.7,Healthy,healthy
MSME00774,"Tak, Menon and Buch",Retail Trade,9,8.5,1,0.0,93.7,0.885,496392.0,1.22,193828.0,0,96.7,0.124,96.2,92.0,84.4,96.7,51.8,90.3,Healthy,healthy
MSME00775,Shenoy-Bains,Retail Trade,17,11.9,0,16.1,57.4,0.438,5000.0,0.91,20179.0,6,54.2,0.497,62.8,31.2,0.0,54.2,50.8,38.0,High-Risk,high_risk
MSME00776,Sandhu-Oza,Food & Beverage,2,12.4,0,1.7,94.7,0.883,470541.0,1.17,129210.0,0,99.7,0.196,95.6,91.8,66.4,99.7,61.3,85.0,Healthy,healthy
MSME00777,Prabhu Group,Food & Beverage,3,9.9,0,0.7,96.7,0.883,502774.0,1.44,138971.0,0,96.2,0.18,97.5,91.8,75.1,96.2,54.3,89.4,Healthy,healthy
MSME00778,Sehgal-Bhakta,Auto Services,8,13.6,0,7.7,82.2,0.73,121944.0,0.88,73195.0,2,70.7,0.218,83.8,63.3,32.0,70.7,64.3,61.1,Moderate,moderate
MSME00779,"Anne, Ganesan and Bahri",Manufacturing,1,2.5,1,6.8,75.9,0.666,205933.0,1.13,111560.0,0,72.7,0.271,80.6,67.2,59.7,72.7,29.4,65.8,Moderate,moderate
MSME00780,Karpe LLC,Agri-processing,1,9.9,0,4.3,83.3,0.713,220288.0,0.99,41500.0,1,70.6,0.234,86.9,71.9,28.6,70.6,52.7,66.7,Moderate,moderate
MSME00781,Zachariah and Sons,IT/Services,4,9.1,0,5.0,83.3,0.791,128506.0,1.03,1004.0,0,79.7,0.318,86.4,68.2,20.9,79.7,47.8,60.8,Moderate,moderate
MSME00782,"Khosla, Sane and Chaudry",Agri-processing,3,14.0,1,6.6,74.1,0.659,199409.0,1.07,60511.0,1,84.3,0.362,79.7,66.1,36.6,84.3,61.1,66.2,Moderate,moderate
MSME00783,Peri and Sons,Agri-processing,15,4.7,0,0.0,95.9,0.896,275730.0,1.25,155973.0,1,91.6,0.267,97.5,90.3,71.9,91.6,36.1,84.0,Healthy,healthy
MSME00784,Natarajan-Dada,Textiles,1,2.6,1,1.1,97.0,0.8,563852.0,1.08,273551.0,1,93.8,0.118,97.4,86.0,76.7,93.8,34.3,79.1,Healthy,healthy
MSME00785,Rau-Sekhon,Retail Trade,4,3.7,0,5.3,93.7,0.952,579087.0,1.01,208328.0,0,88.1,0.175,92.4,96.7,80.1,88.1,35.8,82.8,Healthy,healthy
MSME00786,Sarkar LLC,Manufacturing,6,3.1,1,31.2,60.6,0.524,99564.0,0.97,1000.0,9,52.7,0.751,53.9,46.6,0.0,52.7,16.8,36.4,High-Risk,high_risk
MSME00787,Patla-Misra,Auto Services,7,3.3,1,16.0,74.2,0.804,248287.0,1.17,33951.0,1,83.0,0.371,73.0,81.1,29.8,83.0,28.8,59.8,Moderate,moderate
MSME00788,"Chadha, Mukherjee and Khosla",IT/Services,22,6.9,0,8.6,89.4,0.724,143286.0,1.15,66623.0,0,83.4,0.301,87.5,65.0,45.2,83.4,41.7,69.3,Moderate,moderate
MSME00789,"Toor, Dada and Dara",Textiles,10,6.1,0,11.1,70.9,0.737,298510.0,0.92,95958.0,4,67.6,0.408,74.5,81.5,30.4,67.6,36.1,58.9,Moderate,moderate
MSME00790,"Din, Mital and Din",Agri-processing,5,1.6,1,21.5,51.0,0.458,109491.0,0.86,11350.0,2,36.5,0.36,55.2,43.0,11.0,36.5,24.0,36.3,High-Risk,high_risk
MSME00791,Wagle-Chokshi,IT/Services,3,10.8,0,1.1,96.4,0.965,631265.0,1.09,75732.0,0,92.0,0.302,97.0,97.6,47.1,92.0,53.3,81.7,Healthy,healthy
MSME00792,"Vig, Shenoy and Rau",Auto Services,6,11.8,0,6.6,86.5,0.709,95216.0,0.99,64480.0,1,79.0,0.361,87.2,59.2,36.2,79.0,54.6,65.8,Moderate,moderate
MSME00793,"Mander, Rout and Kuruvilla",IT/Services,5,8.5,0,10.0,72.6,0.774,259602.0,0.93,40540.0,1,74.0,0.3,76.4,80.1,27.1,74.0,46.5,58.3,Moderate,moderate
MSME00794,Bandi-Oza,Food & Beverage,1,14.5,0,8.1,79.1,0.7,129769.0,1.21,129448.0,1,89.0,0.176,81.6,62.0,62.4,89.0,68.2,70.0,Healthy,moderate
MSME00795,"Kale, Hegde and Loyal",IT/Services,17,9.9,0,1.3,97.4,0.966,384638.0,1.03,190782.0,0,99.6,0.137,97.5,97.6,80.7,99.6,55.6,87.3,Healthy,healthy
MSME00796,Bath-Issac,Auto Services,1,2.8,1,39.5,34.6,0.432,106098.0,0.73,25042.0,3,44.0,0.572,32.3,40.9,7.9,44.0,21.2,30.8,High-Risk,high_risk
MSME00797,"Varty, Saraf and Basu",Textiles,7,2.7,1,24.2,62.0,0.264,65553.0,0.94,19899.0,3,32.7,0.735,59.7,25.0,10.5,32.7,16.0,25.3,High-Risk,high_risk
MSME00798,Brahmbhatt-Anand,Textiles,6,5.2,0,5.2,80.4,0.666,186808.0,1.16,75942.0,0,58.7,0.293,84.5,65.3,48.6,58.7,36.8,63.0,Moderate,moderate
MSME00799,Kapoor-Batra,Construction Materials,1,4.7,1,13.2,83.6,0.831,320889.0,1.13,69035.0,0,76.0,0.285,80.7,88.2,45.6,76.0,35.6,71.1,Healthy,moderate
MSME00800,"Sethi, Sachdeva and Khurana",Manufacturing,2,3.9,1,8.0,47.3,0.685,23172.0,0.91,39085.0,6,59.6,0.57,62.6,50.3,1.2,59.6,24.6,35.5,High-Risk,high_risk
MSME00801,"Raman, Rajagopalan and Cherian",Agri-processing,24,10.9,0,12.8,88.8,0.813,279078.0,1.16,77307.0,2,72.8,0.384,84.1,84.8,39.0,72.8,51.2,64.4,Moderate,moderate
MSME00802,Gandhi-Grover,Retail Trade,2,6.1,0,5.6,99.6,1.0,332673.0,1.18,109861.0,0,86.8,0.144,95.7,100.0,60.2,86.8,44.0,79.6,Healthy,healthy
MSME00803,"Chowdhury, Muni and Bhat",Auto Services,5,0.7,1,8.6,74.3,0.649,218088.0,1.06,61807.0,2,86.7,0.36,78.4,67.2,31.8,86.7,21.3,54.2,Moderate,moderate
MSME00804,Sama Group,Textiles,7,5.5,0,11.4,64.7,0.785,294489.0,1.15,79204.0,1,57.9,0.238,70.6,84.4,44.4,57.9,39.4,63.0,Moderate,moderate
MSME00805,"Pillay, Dani and Vig",Manufacturing,7,6.8,0,17.4,77.0,0.782,177063.0,1.02,86230.0,0,78.9,0.424,73.6,72.5,49.1,78.9,37.7,62.2,Moderate,moderate
MSME00806,Narula-Sabharwal,Food & Beverage,18,6.8,1,4.4,86.9,0.761,73457.0,0.84,68071.0,2,65.3,0.372,88.9,60.6,29.4,65.3,39.3,65.7,Moderate,moderate
MSME00807,Joshi-Madan,Food & Beverage,20,4.1,0,23.4,63.4,0.692,22721.0,0.84,23841.0,3,44.1,0.398,61.2,50.7,9.7,44.1,30.4,36.9,High-Risk,high_risk
MSME00808,Nayar-Ram,Construction Materials,5,7.7,0,25.1,63.3,0.321,133263.0,0.96,1000.0,6,67.8,0.572,60.0,35.8,0.0,67.8,35.9,43.2,High-Risk,high_risk
MSME00809,Ramanathan-Edwin,Retail Trade,14,11.9,0,9.5,91.5,0.63,283878.0,1.06,80314.0,0,76.5,0.283,88.1,72.5,47.9,76.5,57.2,68.7,Moderate,moderate
MSME00810,Sarma-Sheth,Manufacturing,9,14.1,0,0.3,99.3,0.882,327702.0,1.37,163082.0,1,94.4,0.129,99.4,91.8,76.8,94.4,68.4,90.2,Healthy,healthy
MSME00811,"Salvi, Sankar and Bajaj",Food & Beverage,7,12.3,0,30.1,44.4,0.458,54008.0,0.93,29154.0,5,50.8,0.72,45.0,37.5,3.2,50.8,45.3,31.4,High-Risk,high_risk
MSME00812,Mammen Inc,IT/Services,8,0.9,1,22.1,48.4,0.343,53293.0,0.81,1000.0,3,36.2,0.645,53.2,29.4,1.5,36.2,13.4,32.3,High-Risk,high_risk
MSME00813,Sachdev PLC,IT/Services,11,1.5,1,2.2,100.0,0.989,427456.0,1.03,312486.0,0,91.1,0.106,98.4,99.2,80.6,91.1,31.3,87.8,Healthy,healthy
MSME00814,Bhatia-Deep,Retail Trade,9,8.5,0,25.7,70.6,0.404,120094.0,1.05,7244.0,6,40.7,0.739,63.9,40.3,0.0,40.7,33.3,34.6,High-Risk,high_risk
MSME00815,Sodhi Ltd,IT/Services,14,5.2,0,22.7,57.2,0.509,67868.0,0.88,1250.0,2,48.8,0.407,58.0,42.4,8.0,48.8,33.4,37.2,High-Risk,high_risk
MSME00816,Mandal and Sons,Manufacturing,9,5.2,1,10.1,80.7,0.776,261418.0,1.05,50914.0,3,83.2,0.29,81.2,80.5,23.0,83.2,36.9,60.8,Moderate,moderate
MSME00817,"Madan, Johal and Borra",IT/Services,3,9.8,0,18.6,80.9,0.636,312220.0,0.97,48753.0,1,65.2,0.365,75.1,74.6,30.7,65.2,48.5,59.3,Moderate,moderate
MSME00818,Dave and Sons,Agri-processing,1,8.1,1,2.2,94.2,0.838,370450.0,1.2,172098.0,1,92.7,0.244,95.0,88.7,76.4,92.7,47.0,83.5,Healthy,healthy
MSME00819,Anand-Chacko,IT/Services,12,9.9,0,1.1,90.6,0.862,262195.0,1.46,156091.0,0,95.3,0.194,93.5,86.5,81.1,95.3,53.9,86.6,Healthy,healthy
MSME00820,Chana Inc,Textiles,8,7.7,0,0.1,94.9,0.896,409378.0,1.67,209482.0,0,91.6,0.202,96.9,92.8,93.4,91.6,47.1,90.2,Healthy,healthy
MSME00821,Sunder Ltd,Food & Beverage,12,9.5,0,20.7,66.5,0.602,160704.0,1.0,26303.0,9,45.1,0.459,65.0,58.2,0.0,45.1,44.7,45.8,Moderate,high_risk
MSME00822,Pingle-Srinivasan,Food & Beverage,6,7.6,0,4.1,93.9,0.93,362430.0,1.44,247408.0,0,91.6,0.192,93.4,95.1,88.8,91.6,47.0,88.5,Healthy,healthy
MSME00823,Bains LLC,IT/Services,2,11.0,0,2.1,100.0,0.938,325549.0,1.33,247798.0,0,93.7,0.219,98.5,95.6,86.7,93.7,56.4,88.1,Healthy,healthy
MSME00824,"Chander, Jhaveri and Pau",Agri-processing,1,5.1,0,4.7,97.9,0.947,538325.0,1.28,267641.0,0,97.8,0.198,95.3,96.3,85.5,97.8,39.3,87.9,Healthy,healthy
MSME00825,"Dora, Saini and Som",Auto Services,12,12.0,0,8.1,85.3,0.737,243743.0,0.97,29481.0,2,78.7,0.262,85.3,76.0,19.2,78.7,58.1,67.7,Moderate,moderate
MSME00826,"Contractor, Dara and Naik",Agri-processing,5,8.2,0,23.1,37.1,0.574,45706.0,1.02,20429.0,8,30.5,0.308,45.6,44.8,0.0,30.5,45.4,31.7,High-Risk,high_risk
MSME00827,"Samra, Kanda and Thakur",Textiles,3,9.2,1,4.3,96.5,1.0,473092.0,1.24,132950.0,0,87.8,0.215,94.8,100.0,69.0,87.8,51.1,83.0,Healthy,healthy
MSME00828,Zacharia Ltd,Manufacturing,5,8.3,0,3.0,97.6,0.937,437567.0,1.2,190009.0,0,96.4,0.194,96.4,95.6,84.0,96.4,49.1,92.0,Healthy,healthy
MSME00829,Ramesh-Edwin,Retail Trade,1,8.2,0,6.2,87.8,0.731,203297.0,1.09,73756.0,1,77.5,0.286,88.2,71.5,41.3,77.5,46.0,68.1,Moderate,moderate
MSME00830,"Srivastava, Parikh and Modi",Food & Beverage,5,11.0,1,15.8,83.5,0.764,285303.0,1.22,102269.0,2,81.6,0.3,78.7,82.0,48.5,81.6,54.0,70.0,Healthy,moderate
MSME00831,Narain-Kara,IT/Services,7,2.2,1,0.1,99.9,0.886,325005.0,1.39,164932.0,0,91.0,0.185,99.9,92.0,82.7,91.0,31.1,86.8,Healthy,healthy
MSME00832,Dora LLC,Construction Materials,1,8.1,0,8.4,72.9,0.66,145681.0,1.21,70539.0,3,75.4,0.355,77.6,60.8,32.8,75.4,43.7,56.0,Moderate,moderate
MSME00833,Karnik LLC,Auto Services,3,12.8,0,4.4,91.4,1.0,662689.0,1.41,201689.0,0,98.7,0.09,91.7,100.0,88.2,98.7,65.7,90.7,Healthy,healthy
MSME00834,Setty LLC,Food & Beverage,1,13.5,1,2.3,97.1,0.899,362784.0,0.96,145481.0,1,90.1,0.203,96.6,92.9,62.6,90.1,64.4,85.7,Healthy,healthy
MSME00835,Banik-Loyal,Manufacturing,12,10.5,0,6.5,75.0,0.641,178107.0,1.17,43848.0,1,65.6,0.28,80.3,62.7,33.0,65.6,53.1,65.5,Moderate,moderate
MSME00836,"Sastry, Mani and Bhatti",Auto Services,3,1.0,1,7.6,64.5,0.705,205943.0,1.02,51176.0,1,76.7,0.325,73.2,69.9,32.5,76.7,23.2,57.7,Moderate,moderate
MSME00837,Dutta-Bhargava,Textiles,9,9.5,1,37.4,51.7,0.32,193697.0,0.74,5523.0,5,48.2,0.432,44.1,41.8,0.0,48.2,45.6,31.6,High-Risk,high_risk
MSME00838,"Puri, Kade and Gara",Retail Trade,6,13.6,1,4.3,97.8,0.925,430078.0,1.18,227133.0,0,89.8,0.131,95.6,94.7,83.6,89.8,66.9,88.5,Healthy,healthy
MSME00839,"Bawa, Acharya and Mishra",Manufacturing,3,1.8,1,10.7,83.8,0.711,248420.0,1.09,27250.0,2,77.4,0.487,82.6,74.6,20.8,77.4,20.8,56.5,Moderate,moderate
MSME00840,Pingle Inc,Food & Beverage,12,12.1,0,7.6,74.1,0.742,171710.0,0.94,99807.0,1,81.8,0.285,79.0,69.1,47.1,81.8,57.8,68.6,Moderate,moderate
MSME00841,Srinivasan LLC,Manufacturing,13,12.6,0,2.9,97.7,1.0,502360.0,1.3,231401.0,0,96.3,0.145,96.5,100.0,86.0,96.3,63.4,93.4,Healthy,healthy
MSME00842,Pant-Subramaniam,Auto Services,2,13.8,0,9.9,71.5,0.721,174540.0,1.04,44437.0,2,80.6,0.231,75.8,67.9,25.7,80.6,64.5,61.7,Moderate,moderate
MSME00843,Sabharwal Inc,Food & Beverage,16,3.9,1,3.0,98.3,0.964,376361.0,0.97,202899.0,0,99.7,0.217,96.8,97.5,79.4,99.7,35.2,90.4,Healthy,healthy
MSME00844,"Ganesh, Narayan and Shukla",Textiles,15,8.2,0,24.1,46.0,0.381,122972.0,0.82,17039.0,5,54.5,0.578,50.2,39.0,0.0,54.5,37.2,36.5,High-Risk,high_risk
MSME00845,"Mane, Balasubramanian and Iyengar",Textiles,9,7.7,0,5.4,97.3,0.861,378319.0,1.3,149355.0,0,96.7,0.228,94.5,90.2,75.8,96.7,46.3,80.8,Healthy,healthy
MSME00846,"Uppal, Iyengar and Luthra",Textiles,2,11.7,1,3.5,81.8,0.863,270995.0,1.13,96102.0,4,84.6,0.39,86.5,87.5,34.6,84.6,53.4,68.3,Moderate,moderate
MSME00847,Vig-Varty,IT/Services,1,8.8,0,4.9,93.5,0.824,356591.0,1.29,149682.0,0,93.5,0.144,92.6,87.7,75.8,93.5,52.1,80.1,Healthy,healthy
MSME00848,"Bawa, Srivastava and Bahri",Construction Materials,8,14.6,0,17.9,35.7,0.413,167971.0,1.01,8727.0,6,57.0,0.447,48.5,45.7,0.0,57.0,60.4,36.3,High-Risk,high_risk
MSME00849,"Kaul, Gala and Pall",Manufacturing,1,6.4,1,8.1,79.8,0.734,109482.0,1.1,73668.0,2,66.7,0.309,82.0,62.3,36.6,66.7,39.9,56.3,Moderate,moderate
MSME00850,Dewan PLC,Construction Materials,5,10.6,0,2.7,85.4,0.723,175948.0,1.07,92000.0,1,85.9,0.345,89.3,68.2,47.1,85.9,51.4,66.5,Moderate,moderate
MSME00851,Wali-Vora,Agri-processing,6,12.9,0,2.9,100.0,0.8,476198.0,1.19,151339.0,0,90.5,0.223,97.9,86.0,74.2,90.5,62.0,84.1,Healthy,healthy
MSME00852,"Char, Tata and Borra",Retail Trade,8,5.4,0,4.1,82.9,0.783,347351.0,0.98,94999.0,0,73.1,0.355,86.8,84.8,51.2,73.1,35.5,64.8,Moderate,moderate
MSME00853,"Hayer, Deol and Bora",Textiles,14,5.9,1,2.6,92.7,0.871,389219.0,1.49,160969.0,0,91.9,0.03,93.7,91.0,83.4,91.9,46.8,82.4,Healthy,healthy
MSME00854,Acharya-Sharaf,Textiles,11,7.0,0,14.5,56.7,0.442,187740.0,1.02,20036.0,4,51.0,0.626,63.6,49.7,7.1,51.0,32.2,36.1,High-Risk,high_risk
MSME00855,Lal-Gala,Construction Materials,7,8.7,0,3.0,92.7,0.916,331003.0,1.32,197533.0,1,92.3,0.169,93.4,94.1,81.3,92.3,51.0,92.4,Healthy,healthy
MSME00856,Rout PLC,Food & Beverage,12,3.0,0,0.2,98.7,0.965,349635.0,1.37,298107.0,0,91.2,0.228,99.1,97.6,87.4,91.2,32.2,92.2,Healthy,healthy
MSME00857,Biswas-Prasad,Construction Materials,2,7.0,0,3.0,99.1,0.895,519117.0,1.42,174252.0,0,100.0,0.145,97.3,92.7,86.5,100.0,46.6,84.8,Healthy,healthy
MSME00858,"Barad, Kar and Kakar",Food & Beverage,11,7.5,0,6.7,82.9,0.645,149764.0,1.14,4130.0,3,75.1,0.382,84.9,60.1,9.1,75.1,41.1,51.5,Moderate,moderate
MSME00859,Palan-Aggarwal,IT/Services,6,7.6,1,6.7,72.2,0.708,261933.0,0.89,68694.0,2,78.3,0.302,78.5,75.7,30.6,78.3,43.7,65.2,Moderate,moderate
MSME00860,"Dhillon, Kanda and Mahajan",Agri-processing,3,3.8,1,0.0,96.2,0.95,568936.0,0.9,220699.0,0,94.8,0.17,97.7,96.5,78.0,94.8,36.3,85.7,Healthy,healthy
MSME00861,"Bhatt, Chadha and Virk",IT/Services,9,11.5,0,16.2,58.9,0.43,115643.0,0.96,42540.0,7,45.6,0.251,63.7,41.6,0.0,45.6,57.0,41.5,High-Risk,high_risk
MSME00862,Tripathi-Bhargava,Manufacturing,8,6.2,1,1.1,71.8,0.694,272442.0,0.89,68165.0,2,69.0,0.265,82.3,75.8,30.5,69.0,40.6,64.9,Moderate,moderate
MSME00863,Kar PLC,IT/Services,6,3.4,0,13.1,67.6,0.794,279625.0,1.22,70083.0,2,83.6,0.425,71.2,83.6,37.7,83.6,27.4,62.5,Moderate,moderate
MSME00864,Kumar-Chowdhury,Retail Trade,24,14.0,1,10.5,76.8,0.735,156166.0,1.06,130319.0,1,69.2,0.307,78.5,67.0,59.6,69.2,62.8,73.9,Healthy,moderate
MSME00865,"Sunder, Kale and Mitter",Manufacturing,9,6.9,1,7.8,71.9,0.704,227911.0,1.2,38227.0,1,75.4,0.325,77.5,72.1,31.7,75.4,40.9,57.8,Moderate,moderate
MSME00866,Ravel Inc,Retail Trade,11,14.0,0,8.4,80.9,0.842,229145.0,1.07,70544.0,3,76.2,0.411,82.5,81.8,29.9,76.2,59.7,63.2,Moderate,moderate
MSME00867,Gaba PLC,IT/Services,5,7.0,1,2.3,99.8,1.0,488017.0,1.07,188758.0,1,96.4,0.23,98.2,100.0,76.5,96.4,44.1,87.9,Healthy,healthy
MSME00868,"Suri, Maharaj and Sachdeva",Food & Beverage,4,11.9,1,2.0,100.0,0.851,409309.0,1.12,249440.0,0,97.1,0.279,98.5,89.6,82.3,97.1,57.3,92.1,Healthy,healthy
MSME00869,Vig LLC,Auto Services,1,12.9,0,31.1,55.2,0.47,71338.0,0.92,23796.0,5,43.2,0.751,50.7,40.1,1.4,43.2,46.2,34.3,High-Risk,high_risk
MSME00870,"Butala, Wable and Venkataraman",Food & Beverage,7,5.7,0,33.3,43.4,0.347,5000.0,0.94,19032.0,1,56.2,0.566,42.0,24.8,20.2,56.2,30.1,33.2,High-Risk,high_risk
MSME00871,Vaidya-Gokhale,Agri-processing,8,14.3,0,0.0,95.4,1.0,324749.0,1.27,55372.0,0,90.5,0.175,97.2,100.0,43.8,90.5,67.7,81.7,Healthy,healthy
MSME00872,Wali-Jhaveri,Construction Materials,1,2.0,1,2.4,94.8,0.838,332315.0,1.43,194687.0,0,92.8,0.187,95.1,88.6,88.6,92.8,30.4,85.0,Healthy,healthy
MSME00873,"Pant, Radhakrishnan and Parmer",Agri-processing,12,12.9,1,9.5,84.7,0.781,319582.0,1.21,75613.0,2,83.1,0.34,84.0,84.7,39.5,83.1,58.5,70.1,Healthy,moderate
MSME00874,Mitter PLC,Food & Beverage,1,11.7,0,9.9,72.2,0.756,290862.0,0.96,98020.0,2,76.2,0.269,76.2,82.0,41.9,76.2,57.0,67.9,Moderate,moderate
MSME00875,Cherian LLC,Auto Services,5,2.7,1,0.0,96.2,0.936,429195.0,1.11,154145.0,0,89.0,0.201,97.7,95.5,73.5,89.0,32.1,85.2,Healthy,healthy
MSME00876,Dash-Bains,Manufacturing,4,5.6,0,0.0,93.7,0.95,483989.0,1.11,145156.0,1,94.5,0.123,96.2,96.5,65.6,94.5,43.1,81.8,Healthy,healthy
MSME00877,Khalsa Group,Construction Materials,28,11.5,0,9.5,65.1,0.766,374723.0,1.11,105700.0,2,67.4,0.394,72.2,83.6,47.5,67.4,52.7,66.8,Moderate,moderate
MSME00878,"Patil, Mani and Ranganathan",Auto Services,6,6.5,1,13.8,72.5,0.646,244512.0,1.1,38932.0,2,70.8,0.247,73.6,69.7,25.0,70.8,42.1,60.6,Moderate,moderate
MSME00879,Merchant LLC,Auto Services,4,6.9,0,2.6,91.5,0.863,566074.0,0.98,234284.0,0,89.2,0.247,93.0,90.4,79.6,89.2,43.3,83.5,Healthy,healthy
MSME00880,Raja-Lall,Textiles,7,2.1,1,0.0,98.0,0.932,405673.0,0.9,137307.0,0,100.0,0.13,98.8,95.2,63.8,100.0,32.4,85.9,Healthy,healthy
MSME00881,"Walia, Srivastava and Sankaran",Construction Materials,3,9.7,1,6.3,95.6,0.835,485563.0,1.32,123785.0,0,93.7,0.198,92.8,88.5,67.7,93.7,53.1,87.7,Healthy,healthy
MSME00882,Raman Ltd,Retail Trade,3,12.4,1,6.1,89.0,0.748,164198.0,0.98,54586.0,2,54.6,0.239,89.0,68.8,27.8,54.6,60.0,64.8,Moderate,moderate
MSME00883,Mahal and Sons,Auto Services,5,6.2,0,5.2,100.0,0.918,584417.0,1.22,87578.0,0,93.7,0.185,96.3,94.3,53.7,93.7,43.0,75.8,Healthy,healthy
MSME00884,"Chawla, Mahajan and Biswas",Retail Trade,7,8.4,0,1.0,93.5,0.924,378934.0,1.27,66041.0,0,96.2,0.26,95.4,94.7,47.4,96.2,47.4,76.2,Healthy,healthy
MSME00885,"Luthra, Kothari and Dada",Auto Services,3,11.8,0,27.0,49.5,0.396,139958.0,0.88,8925.0,8,70.4,0.645,50.3,41.7,0.0,70.4,46.0,35.0,High-Risk,high_risk
MSME00886,"Pandya, Bahl and Buch",Retail Trade,1,8.9,0,3.4,96.6,0.889,412891.0,1.43,150564.0,0,94.4,0.214,95.5,92.2,78.7,94.4,50.3,82.2,Healthy,healthy
MSME00887,Subramanian-Narain,Construction Materials,17,9.9,1,4.5,77.8,0.685,324214.0,0.99,70850.0,0,84.0,0.379,83.4,78.0,43.5,84.0,48.3,71.7,Healthy,moderate
MSME00888,Pingle Ltd,Food & Beverage,12,5.9,0,0.0,100.0,0.852,201310.0,0.99,288111.0,0,94.8,0.26,100.0,79.8,79.7,94.8,39.9,82.5,Healthy,healthy
MSME00889,Dave-Ravi,Retail Trade,3,5.1,0,1.3,93.8,0.708,324118.0,1.22,161624.0,1,95.8,0.14,95.3,79.6,73.4,95.8,41.1,78.3,Healthy,healthy
MSME00890,Kulkarni and Sons,Construction Materials,1,3.2,0,1.6,100.0,0.928,341882.0,1.34,133333.0,0,98.7,0.172,98.8,94.9,71.2,98.7,34.4,86.6,Healthy,healthy
MSME00891,Sahni-Acharya,Food & Beverage,4,11.3,0,10.7,70.7,0.742,450361.0,1.05,66975.0,3,72.7,0.237,74.7,81.9,28.4,72.7,56.8,69.8,Moderate,moderate
MSME00892,Pal-Sachar,IT/Services,6,11.3,1,22.6,62.6,0.441,121976.0,0.84,9326.0,10,32.3,0.652,61.3,43.1,0.0,32.3,44.3,41.0,High-Risk,high_risk
MSME00893,Sankaran Inc,Auto Services,5,3.4,0,25.3,50.7,0.45,54060.0,0.87,28034.0,4,52.2,0.38,52.3,36.9,6.8,52.2,28.8,32.3,High-Risk,high_risk
MSME00894,Parmar-Kumar,Textiles,9,13.1,0,5.0,97.5,0.936,288477.0,1.36,196515.0,1,87.7,0.251,94.9,94.4,82.2,87.7,61.8,87.7,Healthy,healthy
MSME00895,"Pau, Tank and Modi",Manufacturing,4,7.7,0,8.0,71.3,0.7,281285.0,0.98,110922.0,6,59.6,0.309,77.0,77.1,26.6,59.6,43.8,58.3,Moderate,moderate
MSME00896,Dora and Sons,Agri-processing,1,2.5,1,1.8,94.7,0.848,491011.0,1.14,76019.0,0,90.5,0.181,95.5,89.4,48.0,90.5,32.1,75.1,Healthy,healthy
MSME00897,"Ganesan, Sagar and Manne",Manufacturing,3,12.2,0,2.5,96.8,0.909,335227.0,1.24,197626.0,0,95.8,0.118,96.3,93.6,84.8,95.8,63.1,90.4,Healthy,healthy
MSME00898,Ratti Ltd,Retail Trade,15,6.4,0,32.7,44.9,0.519,73701.0,0.66,5154.0,3,34.0,0.694,43.4,43.7,0.0,34.0,28.4,34.1,High-Risk,high_risk
MSME00899,"Barman, Chand and Khosla",Agri-processing,14,13.7,0,2.7,98.1,0.992,379277.0,1.42,263616.0,2,89.7,0.193,96.9,99.4,78.3,89.7,65.3,88.3,Healthy,healthy
MSME00900,Sehgal Ltd,IT/Services,3,13.3,0,0.4,91.7,0.824,629420.0,1.16,159665.0,0,91.4,0.205,94.7,87.7,76.4,91.4,63.8,84.1,Healthy,healthy
MSME00901,"Rattan, Ravel and Sastry",Construction Materials,11,11.1,0,6.5,94.5,0.835,418863.0,1.23,120670.0,0,89.5,0.153,92.0,88.4,64.9,89.5,58.7,79.2,Healthy,healthy
MSME00902,"Parsa, Nagi and Datta",Food & Beverage,14,11.9,1,5.5,98.1,0.962,214579.0,1.11,265784.0,0,95.0,0.192,94.8,88.8,82.2,95.0,59.9,86.5,Healthy,healthy
MSME00903,Ratta Group,Manufacturing,1,2.6,1,0.0,94.0,0.888,433819.0,1.05,165340.0,0,90.8,0.24,96.4,92.2,76.1,90.8,30.6,84.6,Healthy,healthy
MSME00904,"Dada, Tripathi and Chacko",Construction Materials,6,7.2,0,13.2,73.4,0.657,70325.0,0.99,63022.0,4,77.0,0.263,74.6,53.0,20.8,77.0,43.7,52.2,Moderate,moderate
MSME00905,"Purohit, Gour and Ratti",Auto Services,2,3.7,1,16.5,80.7,0.785,141743.0,0.97,70518.0,0,73.5,0.256,76.5,69.1,42.8,73.5,33.4,62.4,Moderate,moderate
MSME00906,Verma and Sons,Food & Beverage,15,13.9,0,16.7,30.0,0.537,134392.0,0.92,10317.0,4,48.9,0.81,46.0,51.0,1.8,48.9,47.4,36.3,High-Risk,high_risk
MSME00907,"Jani, Bhattacharyya and Ray",Construction Materials,20,7.0,0,20.4,42.7,0.413,154807.0,1.04,26640.0,4,57.6,0.453,50.9,44.4,9.6,57.6,37.4,37.8,High-Risk,high_risk
MSME00908,Sunder PLC,Manufacturing,8,10.3,0,0.0,96.0,0.781,269237.0,1.17,103933.0,0,91.4,0.296,97.6,81.6,58.1,91.4,52.0,80.0,Healthy,healthy
MSME00909,Majumdar and Sons,Food & Beverage,10,0.9,1,3.9,94.1,0.859,731142.0,1.18,58089.0,0,95.9,0.188,93.6,90.1,42.9,95.9,27.1,72.9,Healthy,healthy
MSME00910,Kulkarni Ltd,Retail Trade,3,9.6,0,1.4,93.9,0.831,263702.0,1.32,240228.0,0,96.0,0.188,95.4,84.6,86.3,96.0,53.2,87.2,Healthy,healthy
MSME00911,Devi-Mishra,Construction Materials,14,0.7,1,5.2,78.2,0.783,391912.0,0.96,97175.0,1,75.6,0.385,83.2,84.8,46.6,75.6,20.5,65.5,Moderate,moderate
MSME00912,Ratti and Sons,IT/Services,8,5.9,0,2.7,100.0,0.902,481707.0,1.43,87333.0,0,93.7,0.186,98.1,93.2,57.7,93.7,42.1,82.1,Healthy,healthy
MSME00913,"Roy, Ahuja and Mane",IT/Services,11,10.7,0,7.7,80.9,0.65,207243.0,0.94,107179.0,1,80.1,0.569,83.0,66.2,49.6,80.1,45.0,65.4,Moderate,moderate
MSME00914,"Virk, Srinivasan and Mitter",Retail Trade,3,7.1,0,4.4,76.5,0.662,259674.0,0.97,12651.0,0,65.4,0.306,82.7,72.3,23.7,65.4,42.1,64.5,Moderate,moderate
MSME00915,Purohit-Oza,IT/Services,10,1.7,1,9.4,79.2,0.709,253527.0,1.14,82767.0,2,79.3,0.301,80.8,75.0,40.5,79.3,26.1,64.7,Moderate,moderate
MSME00916,"Dora, Ram and Merchant",Agri-processing,4,6.8,0,9.6,83.2,0.591,260474.0,1.21,126636.0,4,64.3,0.307,83.0,67.4,46.4,64.3,41.2,66.0,Moderate,moderate
MSME00917,Sinha LLC,IT/Services,3,15.0,0,0.4,94.0,0.856,456629.0,1.5,119573.0,1,96.1,0.155,96.2,89.9,64.8,96.1,70.4,86.0,Healthy,healthy
MSME00918,"Bahl, Bahri and Mohanty",Construction Materials,9,8.4,0,20.6,43.9,0.256,197234.0,0.78,31620.0,4,41.0,0.309,51.5,37.7,6.2,41.0,45.9,34.3,High-Risk,high_risk
MSME00919,Pandya Inc,Food & Beverage,7,12.3,0,27.4,50.5,0.532,65728.0,0.71,4303.0,7,43.9,0.511,50.6,43.8,0.0,43.9,51.6,37.8,High-Risk,high_risk
MSME00920,Rajan-Sodhi,IT/Services,2,5.7,0,2.4,93.2,0.927,478400.0,1.34,252572.0,0,90.1,0.163,94.2,94.9,86.9,90.1,42.2,87.7,Healthy,healthy
MSME00921,"Bhat, Solanki and Madan",Agri-processing,9,13.4,0,24.6,61.5,0.43,89125.0,0.85,1000.0,7,21.9,0.532,59.2,39.0,0.0,21.9,54.2,28.7,High-Risk,high_risk
MSME00922,"Guha, Raj and Bassi",Food & Beverage,2,2.8,1,6.4,70.2,0.773,293986.0,0.94,33044.0,1,63.9,0.41,77.6,83.5,24.8,63.9,26.1,61.9,Moderate,moderate
MSME00923,Mohan Ltd,Construction Materials,9,9.0,0,28.4,63.7,0.366,41677.0,1.11,14834.0,4,47.7,0.477,57.8,29.8,7.1,47.7,42.7,31.3,High-Risk,high_risk
MSME00924,Bhattacharyya-Khanna,Retail Trade,6,3.6,0,25.3,54.3,0.608,41657.0,0.7,30517.0,10,48.7,0.352,54.3,46.7,0.0,48.7,30.2,36.9,High-Risk,high_risk
MSME00925,Palan LLC,Agri-processing,3,10.8,0,8.0,70.4,0.697,226615.0,0.92,60757.0,3,75.7,0.29,76.5,71.4,23.6,75.7,53.7,61.9,Moderate,moderate
MSME00926,Chandra-Garde,IT/Services,6,7.1,0,2.5,96.1,0.81,602525.0,1.34,213417.0,0,90.7,0.196,95.8,86.7,86.9,90.7,45.4,83.8,Healthy,healthy
MSME00927,Chawla-Dora,Auto Services,12,0.9,1,0.2,97.3,0.933,217878.0,1.3,158765.0,0,100.0,0.186,98.2,87.1,78.9,100.0,27.1,87.3,Healthy,healthy
MSME00928,Mital-Setty,Food & Beverage,1,14.5,0,4.4,81.3,0.791,239001.0,1.0,59509.0,2,75.2,0.31,85.6,79.3,29.8,75.2,64.2,65.8,Moderate,moderate
MSME00929,Brar-Tripathi,IT/Services,2,5.3,0,17.4,79.2,0.673,204786.0,1.23,73823.0,2,75.6,0.312,75.0,67.6,39.3,75.6,36.6,63.0,Moderate,moderate
MSME00930,"Rege, Nori and Pillay",Manufacturing,9,8.5,1,0.7,97.1,0.871,348294.0,1.15,216888.0,0,87.6,0.087,97.8,91.0,82.9,87.6,52.9,84.0,Healthy,healthy
MSME00931,Bhasin Ltd,Retail Trade,4,12.0,0,0.0,95.4,0.976,394989.0,1.3,176768.0,0,93.9,0.245,97.3,98.3,85.0,93.9,58.6,89.4,Healthy,healthy
MSME00932,Mahal-Bajwa,Agri-processing,22,11.2,0,10.9,54.0,0.365,118551.0,0.9,33405.0,5,48.7,0.602,64.6,37.4,4.1,48.7,45.5,38.7,High-Risk,high_risk
MSME00933,Mangat Inc,Construction Materials,1,4.2,0,8.1,21.0,0.521,110136.0,0.7,1000.0,2,37.8,0.686,46.8,47.5,4.3,37.8,22.0,29.4,High-Risk,high_risk
MSME00934,"Mand, Johal and Kala",Auto Services,7,1.1,1,13.1,81.4,0.71,396234.0,1.15,80196.0,4,78.6,0.308,79.4,79.7,29.8,78.6,24.1,58.1,Moderate,moderate
MSME00935,Tak-Suresh,Retail Trade,2,8.3,1,3.7,97.3,0.895,311808.0,1.41,292697.0,0,99.7,0.19,95.7,92.6,88.2,99.7,49.2,85.1,Healthy,healthy
MSME00936,Naik-Thakkar,Construction Materials,16,13.4,0,0.0,94.5,0.885,230294.0,1.42,210604.0,0,97.2,0.184,96.7,85.0,88.4,97.2,64.7,88.7,Healthy,healthy
MSME00937,"Kari, Morar and Nayak",Manufacturing,3,7.9,0,1.7,100.0,0.833,677807.0,1.19,211816.0,0,98.0,0.178,98.8,88.3,83.8,98.0,48.3,91.8,Healthy,healthy
MSME00938,Rajagopalan and Sons,Retail Trade,6,11.8,0,19.7,49.7,0.284,153420.0,1.0,1000.0,5,46.0,0.706,55.6,35.2,0.0,46.0,44.2,31.7,High-Risk,high_risk
MSME00939,"Bhattacharyya, Kalita and Hayre",Construction Materials,8,0.6,1,1.4,88.7,0.928,599505.0,1.14,193949.0,1,95.4,0.221,92.2,94.9,77.8,95.4,25.2,83.1,Healthy,healthy
MSME00940,Sampath LLC,Retail Trade,7,7.8,0,8.2,71.4,0.789,205915.0,1.16,57257.0,2,84.6,0.232,77.0,75.8,32.2,84.6,46.5,65.2,Moderate,moderate
MSME00941,"Hari, Gupta and Sant",IT/Services,4,13.8,0,0.0,96.7,0.863,313132.0,1.13,199800.0,0,93.2,0.119,98.0,90.4,82.6,93.2,67.8,91.3,Healthy,healthy
MSME00942,"Yadav, Ganesh and Ramachandran",Food & Beverage,5,10.1,0,9.5,72.7,0.708,207092.0,1.05,71929.0,1,82.6,0.26,76.8,70.2,39.9,82.6,52.5,61.8,Moderate,moderate
MSME00943,Dass Inc,Textiles,5,11.8,1,13.3,77.3,0.73,183250.0,1.14,53933.0,1,73.3,0.436,76.8,69.4,35.9,73.3,52.3,65.7,Moderate,moderate
MSME00944,Trivedi-Kala,IT/Services,2,13.5,0,20.3,50.1,0.544,32633.0,0.94,6537.0,0,52.6,0.561,55.4,41.4,21.1,52.6,53.7,44.9,High-Risk,high_risk
MSME00945,"Walia, Ramachandran and Wali",Food & Beverage,11,1.2,1,4.6,93.7,0.98,554824.0,1.17,193493.0,3,94.2,0.136,93.0,98.6,68.5,94.2,29.5,84.9,Healthy,healthy
MSME00946,Om LLC,IT/Services,6,10.3,1,3.4,99.1,0.924,431804.0,1.39,122409.0,0,93.1,0.081,97.0,94.7,68.6,93.1,58.5,82.9,Healthy,healthy
MSME00947,"Buch, Gandhi and Din",Food & Beverage,6,14.4,0,3.8,98.7,0.977,102524.0,1.13,183468.0,0,97.3,0.157,96.5,78.6,82.6,97.3,68.5,87.6,Healthy,healthy
MSME00948,"Amble, Kashyap and Chand",Retail Trade,4,4.3,0,18.2,43.2,0.509,114896.0,0.88,21907.0,4,30.9,0.554,52.9,47.1,5.0,30.9,26.3,33.9,High-Risk,high_risk
MSME00949,"Bala, Soni and Andra",Food & Beverage,4,8.4,0,33.8,60.6,0.582,54233.0,0.85,24375.0,6,62.5,0.602,52.0,46.2,0.0,62.5,37.1,38.3,High-Risk,high_risk
MSME00950,"Suresh, Mane and Vyas",Manufacturing,1,4.5,1,12.8,81.6,0.869,200832.0,1.02,88313.0,0,72.4,0.324,79.7,80.9,49.8,72.4,33.8,69.3,Moderate,moderate
MSME00951,Mane LLC,IT/Services,8,12.6,1,16.6,74.7,0.731,247101.0,0.97,74674.0,0,69.4,0.261,72.9,75.9,44.2,69.4,60.0,63.5,Moderate,moderate
MSME00952,Nazareth Ltd,Retail Trade,6,12.0,0,8.0,76.7,0.747,100274.0,1.03,81831.0,0,56.7,0.349,80.2,62.3,47.8,56.7,55.5,67.0,Moderate,moderate
MSME00953,Mahajan PLC,Food & Beverage,5,9.3,0,3.7,94.5,1.0,847336.0,1.41,225321.0,0,96.1,0.08,94.0,100.0,88.1,96.1,55.5,93.6,Healthy,healthy
MSME00954,Jani-Kara,Food & Beverage,9,0.8,1,6.2,60.6,0.434,80677.0,0.77,17507.0,4,51.8,0.419,71.9,38.4,1.2,51.8,19.8,37.7,High-Risk,high_risk
MSME00955,Mandal-Deshmukh,Retail Trade,11,6.4,1,7.8,84.0,0.689,151823.0,1.14,30879.0,6,72.0,0.408,84.8,63.4,3.0,72.0,37.0,51.2,Moderate,moderate
MSME00956,Menon-Sridhar,Agri-processing,7,8.3,0,3.0,96.4,0.93,389870.0,1.44,156040.0,0,86.2,0.227,95.7,95.1,80.9,86.2,48.1,84.5,Healthy,healthy
MSME00957,Ben LLC,Construction Materials,7,8.5,0,7.5,89.6,0.739,208621.0,1.0,64714.0,1,74.0,0.369,88.3,72.6,36.5,74.0,44.4,63.4,Moderate,moderate
MSME00958,"Parsa, Chaudhuri and Buch",Agri-processing,11,1.2,1,1.8,91.2,0.795,463885.0,1.32,263632.0,0,97.5,0.115,93.4,85.7,86.3,97.5,30.1,86.0,Healthy,healthy
MSME00959,Sankar and Sons,Food & Beverage,3,5.8,1,3.4,100.0,0.9,483528.0,1.15,154202.0,0,96.6,0.105,97.5,93.0,74.3,96.6,44.3,79.9,Healthy,healthy
MSME00960,Manne and Sons,Manufacturing,12,5.0,1,5.4,79.3,0.79,236149.0,1.2,50149.0,2,65.9,0.319,83.7,78.9,30.8,65.9,35.4,62.3,Moderate,moderate
MSME00961,Soman Group,Manufacturing,5,9.8,1,0.1,94.9,0.955,339456.0,1.25,235556.0,0,89.3,0.181,96.9,96.8,85.0,89.3,54.0,83.6,Healthy,healthy
MSME00962,Sahni Inc,IT/Services,26,7.5,0,9.6,84.9,0.764,165351.0,1.12,36139.0,3,79.5,0.416,84.0,70.0,19.4,79.5,40.0,58.1,Moderate,moderate
MSME00963,Bir Group,Textiles,9,2.9,1,1.6,95.5,0.879,599391.0,1.28,167011.0,0,90.1,0.152,96.2,91.6,81.3,90.1,34.1,86.1,Healthy,healthy
MSME00964,Rana LLC,Food & Beverage,3,10.8,0,4.4,97.2,0.985,599809.0,1.11,168601.0,1,94.1,0.2,95.2,99.0,73.5,94.1,56.4,77.9,Healthy,healthy
MSME00965,Datta-Prasad,Manufacturing,11,13.4,0,1.2,96.9,0.976,282479.0,1.5,90599.0,0,95.5,0.168,97.3,96.6,60.3,95.5,65.2,79.6,Healthy,healthy
MSME00966,"Pal, Saha and Pau",Food & Beverage,3,7.9,0,1.1,94.1,0.906,105096.0,1.28,34133.0,0,98.4,0.206,95.7,73.9,36.9,98.4,47.5,71.8,Healthy,healthy
MSME00967,Soman and Sons,Manufacturing,9,12.6,1,10.6,64.2,0.567,126920.0,1.08,47351.0,1,64.3,0.269,70.9,52.4,32.5,64.3,59.7,51.0,Moderate,moderate
MSME00968,Chandra-Luthra,Textiles,2,3.9,0,2.6,96.1,0.947,357995.0,1.13,270957.0,0,88.3,0.241,95.8,96.3,82.6,88.3,34.5,79.3,Healthy,healthy
MSME00969,Bava-Sharaf,Textiles,8,1.4,1,9.2,72.6,0.819,309131.0,1.23,105406.0,2,75.1,0.417,76.9,87.3,49.8,75.1,21.7,62.4,Moderate,moderate
MSME00970,Mishra PLC,Retail Trade,1,2.7,1,4.5,75.7,0.789,250090.0,0.95,71392.0,2,64.4,0.275,82.2,80.2,32.7,64.4,29.9,64.3,Moderate,moderate
MSME00971,Gade-Pant,Auto Services,3,2.7,1,4.5,70.6,0.838,266344.0,1.03,67585.0,2,83.7,0.291,79.1,85.3,33.0,83.7,29.4,62.7,Moderate,moderate
MSME00972,"Dhingra, Wali and Bail",Retail Trade,14,0.6,1,31.2,58.7,0.344,100656.0,0.95,1000.0,7,31.2,0.651,52.7,34.2,0.0,31.2,12.3,26.6,High-Risk,high_risk
MSME00973,"Divan, Nayak and Venkataraman",Agri-processing,4,2.8,1,10.1,72.3,0.706,402618.0,0.84,54153.0,0,73.8,0.289,76.1,79.4,34.8,73.8,29.7,57.2,Moderate,moderate
MSME00974,Dewan Ltd,Food & Beverage,6,6.9,0,2.0,100.0,0.897,463970.0,1.23,106464.0,0,88.7,0.164,98.5,92.8,60.0,88.7,45.8,79.6,Healthy,healthy
MSME00975,"Bhasin, Lalla and Gaba",Retail Trade,3,11.0,0,1.2,95.0,0.924,303770.0,1.4,247510.0,0,99.0,0.162,96.2,94.7,88.0,99.0,58.1,89.7,Healthy,healthy
MSME00976,"Mani, Boase and Som",Retail Trade,11,11.4,0,0.1,96.7,0.877,680903.0,1.32,141437.0,0,95.9,0.17,97.9,91.4,73.5,95.9,59.1,84.5,Healthy,healthy
MSME00977,"Sodhi, Brar and Kadakia",Auto Services,8,3.5,0,13.8,78.5,0.889,292514.0,0.91,69448.0,0,78.0,0.296,77.1,91.5,41.4,78.0,31.6,65.8,Moderate,moderate
MSME00978,Ghosh-Rege,Auto Services,6,3.0,0,1.7,98.8,0.861,542816.0,1.35,71044.0,0,94.8,0.151,98.0,90.3,50.7,94.8,34.5,74.8,Healthy,healthy
MSME00979,"Bora, Mukherjee and Kota",Agri-processing,19,15.0,0,10.9,66.7,0.639,97397.0,0.95,35444.0,0,66.3,0.295,72.2,54.5,30.8,66.3,66.1,58.6,Moderate,moderate
MSME00980,Pingle Group,IT/Services,8,4.8,0,13.7,71.6,0.784,394962.0,1.09,103092.0,3,73.8,0.453,73.1,84.9,41.2,73.8,30.8,67.8,Moderate,moderate
MSME00981,"Bahl, Bala and Bhatia",Agri-processing,8,5.0,1,0.0,93.3,0.923,302163.0,1.07,117398.0,0,91.2,0.193,96.0,94.6,60.5,91.2,39.2,79.5,Healthy,healthy
MSME00982,Singhal Ltd,Agri-processing,7,6.0,1,34.8,45.4,0.548,27321.0,0.68,28141.0,7,36.0,0.542,42.2,41.1,0.0,36.0,31.7,23.6,High-Risk,high_risk
MSME00983,Gandhi-Nagy,Food & Beverage,10,7.1,0,1.1,100.0,0.898,5000.0,1.18,304270.0,0,90.4,0.093,99.2,63.4,83.7,90.4,48.5,78.8,Healthy,healthy
MSME00984,"Raval, Shukla and Sekhon",Manufacturing,12,1.3,1,3.4,99.5,0.702,427296.0,0.82,172907.0,0,100.0,0.178,97.2,79.1,74.0,100.0,28.6,83.8,Healthy,healthy
MSME00985,Butala Inc,Construction Materials,13,6.3,1,13.9,78.6,0.609,116681.0,1.07,45023.0,2,63.4,0.235,77.1,54.3,26.4,63.4,41.9,47.6,Moderate,moderate
MSME00986,Ganesh-Chatterjee,Retail Trade,3,4.7,0,3.7,68.3,0.739,187976.0,1.16,60688.0,1,55.8,0.355,78.3,70.5,38.3,55.8,33.4,52.4,Moderate,moderate
MSME00987,"Nadkarni, Dalal and Bains",Manufacturing,7,7.1,0,11.5,72.0,0.739,101012.0,1.14,78398.0,2,75.7,0.223,74.9,61.9,38.9,75.7,44.6,64.9,Moderate,moderate
MSME00988,Bhatti Ltd,Auto Services,15,3.4,0,10.8,77.1,0.718,149313.0,0.87,86897.0,2,73.5,0.517,78.5,65.2,36.5,73.5,24.7,57.6,Moderate,moderate
MSME00989,Virk Group,Manufacturing,10,2.3,1,1.2,97.8,0.981,237888.0,1.25,177135.0,1,100.0,0.125,97.9,92.5,79.0,100.0,33.2,80.9,Healthy,healthy
MSME00990,"Grewal, Gokhale and Ben",Food & Beverage,7,8.4,0,14.8,47.2,0.188,96789.0,0.85,20262.0,4,34.9,0.361,57.7,22.9,3.8,34.9,44.4,25.5,High-Risk,high_risk
MSME00991,Chand Inc,Retail Trade,7,8.9,0,14.3,54.2,0.296,170062.0,0.96,30044.0,1,44.2,0.691,62.2,37.7,24.3,44.2,36.0,44.8,High-Risk,high_risk
MSME00992,Divan-Deo,Agri-processing,5,4.3,1,7.6,72.2,0.661,219009.0,0.96,86306.0,4,73.6,0.335,77.9,68.2,27.9,73.6,32.9,55.2,Moderate,moderate
MSME00993,"Contractor, Nagarajan and Sahni",Auto Services,12,4.4,0,0.0,96.1,0.948,544097.0,1.23,206685.0,0,92.0,0.156,97.7,96.3,84.7,92.0,38.5,86.6,Healthy,healthy
MSME00994,Bhatti LLC,Food & Beverage,4,12.7,0,10.7,76.1,0.697,283292.0,1.17,14698.0,1,79.4,0.329,78.0,77.2,23.3,79.4,58.2,63.6,Moderate,moderate
MSME00995,"D’Alia, Purohit and Naik",IT/Services,5,3.0,0,1.3,94.2,0.86,496906.0,1.64,229674.0,0,92.9,0.17,95.6,90.2,92.8,92.9,33.9,91.5,Healthy,healthy
MSME00996,"Tandon, De and Chaudhary",Textiles,2,7.2,0,2.2,97.6,0.841,491589.0,1.22,239283.0,0,88.4,0.185,96.9,88.9,84.3,88.4,46.0,87.3,Healthy,healthy
MSME00997,Deo Group,Auto Services,8,8.5,1,10.7,42.0,0.516,136996.0,0.81,3526.0,4,72.6,0.577,57.5,49.8,0.0,72.6,38.2,44.6,High-Risk,high_risk
MSME00998,Bandi-Choudhary,Auto Services,3,6.7,0,5.0,97.3,0.899,316830.0,1.24,167774.0,0,96.2,0.141,94.8,92.9,80.7,96.2,45.9,84.5,Healthy,healthy
MSME00999,"Dasgupta, Banik and Nagarajan",Agri-processing,2,8.0,0,32.8,66.2,0.386,121775.0,0.69,37406.0,3,35.0,0.477,56.1,39.2,11.2,35.0,39.7,36.5,High-Risk,high_risk
MSME01000,Sharma PLC,Retail Trade,7,8.2,0,7.8,76.7,0.695,240850.0,0.96,114283.0,0,77.6,0.423,80.4,72.7,57.3,77.6,41.9,69.6,Moderate,moderate
MSME01001,Keer Group,IT/Services,5,4.5,0,2.0,93.2,0.872,571554.0,1.33,161493.0,0,99.1,0.22,94.4,91.1,80.3,99.1,36.9,86.7,Healthy,healthy
MSME01002,"Sharma, Wason and Jani",Manufacturing,14,2.6,1,10.0,81.8,0.877,70594.0,1.15,92290.0,2,66.3,0.465,81.8,68.4,43.7,66.3,23.9,56.3,Moderate,moderate
MSME01003,"Kohli, Gupta and Wali",Manufacturing,20,1.5,1,30.3,40.9,0.56,29441.0,0.96,1000.0,5,34.7,0.379,42.7,42.2,0.0,34.7,23.1,30.7,High-Risk,high_risk
MSME01004,"Wason, Tripathi and Ratti",Manufacturing,7,6.4,0,2.0,88.3,0.766,231368.0,1.03,60681.0,1,78.8,0.403,91.6,76.8,35.9,78.8,37.1,68.8,Moderate,moderate
MSME01005,Subramanian Group,Auto Services,6,11.1,0,20.6,42.2,0.48,117898.0,0.97,15794.0,5,41.5,0.605,50.5,45.4,0.0,41.5,45.1,34.2,High-Risk,high_risk
MSME01006,Kade-Ramaswamy,Retail Trade,1,4.2,1,6.2,84.6,0.681,261404.0,1.29,67755.0,3,83.2,0.319,86.3,73.8,33.3,83.2,33.0,66.1,Moderate,moderate
MSME01007,Hegde-Gala,Auto Services,1,14.7,0,13.4,84.0,0.791,98824.0,1.12,1000.0,1,63.4,0.306,80.8,65.2,17.7,63.4,64.9,61.2,Moderate,moderate
MSME01008,"Korpal, Nanda and Chowdhury",Auto Services,10,2.7,1,14.3,49.0,0.364,56722.0,0.88,24139.0,5,50.0,0.484,59.1,31.1,0.6,50.0,23.6,36.7,High-Risk,high_risk
MSME01009,Palla-Kalla,Agri-processing,14,12.9,0,2.1,98.8,0.956,460475.0,1.34,310361.0,0,95.8,0.164,97.7,96.9,86.8,95.8,63.8,98.2,Healthy,healthy
MSME01010,"Rama, Konda and Singhal",Auto Services,11,4.0,0,7.3,84.4,0.69,360891.0,1.12,58177.0,3,77.1,0.322,85.4,78.3,26.7,77.1,32.4,59.8,Moderate,moderate
MSME01011,"Gade, Kakar and Ranganathan",Construction Materials,14,5.9,0,2.8,96.9,0.939,478530.0,1.09,158769.0,0,90.3,0.266,96.1,95.8,74.8,90.3,39.7,82.7,Healthy,healthy
MSME01012,Bala and Sons,Auto Services,3,12.2,0,18.9,63.1,0.418,135000.0,1.16,5183.0,6,51.5,0.439,64.3,42.8,0.0,51.5,53.4,38.3,High-Risk,high_risk
MSME01013,"Parmar, Varughese and Sahota",IT/Services,1,11.6,0,20.2,39.8,0.517,46203.0,0.76,46585.0,6,55.3,0.659,49.3,40.8,0.7,55.3,45.0,30.6,High-Risk,high_risk
MSME01014,"Sangha, Mukhopadhyay and Tata",Agri-processing,15,2.8,1,2.7,100.0,0.871,570718.0,1.2,186628.0,0,90.6,0.25,98.1,91.0,84.0,90.6,30.9,85.5,Healthy,healthy
MSME01015,Magar Ltd,Textiles,1,5.3,0,5.0,76.1,0.785,193066.0,0.95,98330.0,2,90.4,0.322,82.0,74.3,41.8,90.4,36.2,62.6,Moderate,moderate
MSME01016,Bumb PLC,Food & Beverage,5,11.5,0,11.4,57.1,0.626,119735.0,1.02,11478.0,2,55.1,0.556,66.1,55.8,14.3,55.1,47.8,45.0,High-Risk,high_risk
MSME01017,Dua-Chada,Agri-processing,6,9.2,1,2.3,93.8,0.854,319194.0,1.02,276605.0,0,96.8,0.176,94.6,89.8,80.3,96.8,52.3,84.6,Healthy,healthy
MSME01018,"Narula, Soman and Raghavan",Food & Beverage,8,14.1,0,8.2,72.4,0.696,347336.0,1.25,9402.0,2,77.1,0.422,77.5,78.7,18.2,77.1,59.7,57.9,Moderate,moderate
MSME01019,Palan-Konda,Textiles,2,4.3,1,29.8,56.2,0.567,5000.0,0.75,36195.0,3,46.7,0.535,52.3,40.2,12.1,46.7,26.9,35.6,High-Risk,high_risk
MSME01020,"Gola, Madan and Trivedi",Auto Services,18,14.2,0,0.0,90.6,0.909,568460.0,1.15,280206.0,0,96.9,0.255,94.3,93.6,83.0,96.9,64.9,95.8,Healthy,healthy
MSME01021,"Mukherjee, Mahal and Chanda",Food & Beverage,6,5.7,0,2.3,66.6,0.74,217420.0,1.12,49624.0,2,74.1,0.413,78.3,73.6,29.0,74.1,34.7,55.9,Moderate,moderate
MSME01022,Gupta-Wagle,Food & Beverage,15,9.3,1,1.3,97.0,0.845,302918.0,1.08,220051.0,0,97.3,0.181,97.3,89.1,81.7,97.3,52.5,90.9,Healthy,healthy
MSME01023,"Mane, Om and Gokhale",Construction Materials,14,11.8,0,28.0,48.5,0.325,134571.0,1.0,16812.0,4,57.0,0.495,48.9,36.2,5.7,57.0,50.5,38.9,High-Risk,high_risk
MSME01024,Lad Ltd,Food & Beverage,20,3.4,0,21.6,63.5,0.421,130405.0,1.03,8712.0,4,71.5,0.63,62.6,42.5,3.5,71.5,21.3,39.7,High-Risk,high_risk
MSME01025,"Johal, Gill and Ramaswamy",Auto Services,9,13.6,0,20.4,44.8,0.58,101494.0,0.46,41108.0,8,48.1,0.57,52.2,50.8,0.0,48.1,53.7,37.7,High-Risk,high_risk
MSME01026,Chokshi LLC,Construction Materials,7,14.8,0,2.4,77.8,0.584,376319.0,1.01,29006.0,1,80.9,0.424,85.0,70.9,24.8,80.9,61.7,63.7,Moderate,moderate
MSME01027,Vasa Ltd,Manufacturing,5,1.0,1,15.1,68.7,0.524,91550.0,0.73,8227.0,6,23.5,0.638,70.3,45.8,0.0,23.5,13.9,33.6,High-Risk,high_risk
MSME01028,"Om, Shanker and Gokhale",Textiles,12,5.7,0,15.6,57.0,0.484,76643.0,0.87,25095.0,7,63.0,0.535,63.0,41.5,0.0,63.0,31.0,35.1,High-Risk,high_risk
MSME01029,Nagy PLC,Retail Trade,1,11.3,1,0.8,97.5,0.891,662681.0,1.33,194660.0,0,96.0,0.162,97.9,92.4,86.7,96.0,59.0,90.8,Healthy,healthy
MSME01030,Dhillon Group,Manufacturing,2,6.2,0,25.7,62.5,0.481,5000.0,0.89,27137.0,4,45.5,0.144,59.0,34.2,6.8,45.5,44.3,37.0,High-Risk,high_risk
MSME01031,"Venkatesh, Uppal and Pandit",Textiles,12,14.0,1,3.5,95.4,0.978,308305.0,1.23,124864.0,0,90.8,0.229,94.7,98.4,66.2,90.8,65.1,82.3,Healthy,healthy
MSME01032,Kara Ltd,Textiles,2,1.9,1,4.2,70.0,0.756,183428.0,1.03,59209.0,0,82.4,0.44,79.0,71.2,40.3,82.4,22.5,58.4,Moderate,moderate
MSME01033,Bose Ltd,Textiles,17,7.2,1,3.1,93.8,0.886,420348.0,1.21,161458.0,0,94.3,0.198,94.1,92.0,78.0,94.3,45.7,90.8,Healthy,healthy
MSME01034,"Kulkarni, Dhawan and Kohli",Manufacturing,8,6.3,0,3.5,94.6,0.877,298475.0,1.21,121122.0,0,91.3,0.103,94.2,91.2,64.6,91.3,45.8,89.0,Healthy,healthy
MSME01035,"Goyal, Sen and Bahri",Food & Beverage,1,8.9,0,0.0,97.3,0.968,315796.0,1.37,195255.0,0,97.2,0.186,98.4,97.7,87.4,97.2,51.1,88.2,Healthy,healthy
MSME01036,Chadha-Toor,Construction Materials,4,6.4,0,7.9,87.0,0.795,226512.0,0.85,80320.0,2,71.1,0.344,86.5,78.3,33.9,71.1,38.9,68.1,Moderate,moderate
MSME01037,"Shere, Raghavan and Modi",Manufacturing,4,15.0,1,0.0,100.0,1.0,704871.0,1.33,141815.0,0,94.8,0.175,100.0,100.0,73.9,94.8,69.8,91.0,Healthy,healthy
MSME01038,Pandit Inc,Construction Materials,1,3.6,0,14.7,81.2,0.73,255563.0,1.0,32809.0,3,75.3,0.456,78.1,76.7,16.0,75.3,27.1,57.5,Moderate,moderate
MSME01039,Saxena PLC,Retail Trade,2,4.5,1,1.3,98.7,0.773,309251.0,1.27,257202.0,0,88.6,0.238,98.3,84.1,85.5,88.6,36.4,83.5,Healthy,healthy
MSME01040,Gola-Bala,Manufacturing,4,14.9,0,5.6,94.8,0.948,612632.0,1.25,113207.0,0,95.7,0.164,92.9,96.4,62.8,95.7,69.8,79.7,Healthy,healthy
MSME01041,Seshadri-Kapoor,Agri-processing,13,7.6,1,10.0,81.7,0.547,291032.0,1.1,48217.0,1,47.1,0.22,81.8,67.4,33.1,47.1,46.2,60.7,Moderate,moderate
MSME01042,Srinivas-Vyas,Food & Beverage,4,8.6,1,14.3,48.4,0.454,182546.0,0.8,1000.0,2,48.5,0.684,58.7,50.0,6.4,48.5,35.3,35.1,High-Risk,high_risk
MSME01043,Pandya-Kumar,Manufacturing,12,4.7,0,0.0,99.3,0.973,283362.0,1.18,232591.0,0,100.0,0.203,99.6,96.5,83.7,100.0,38.0,92.4,Healthy,healthy
MSME01044,Chowdhury and Sons,Auto Services,17,12.3,1,2.9,79.1,0.773,89669.0,1.03,91478.0,2,66.0,0.396,85.4,63.1,41.0,66.0,55.0,56.5,Moderate,moderate
MSME01045,Mand and Sons,Retail Trade,1,2.0,1,30.1,51.3,0.57,51285.0,0.69,26346.0,4,26.8,0.436,49.2,45.0,2.5,26.8,22.9,28.4,High-Risk,high_risk
MSME01046,Mukherjee-Varughese,Agri-processing,20,11.5,0,8.0,83.6,0.759,306027.0,0.95,45838.0,1,75.2,0.197,84.4,83.2,29.3,75.2,58.6,65.5,Moderate,moderate
MSME01047,Sengupta-Nanda,Retail Trade,8,4.8,0,2.5,98.7,0.993,285952.0,1.22,101044.0,0,94.9,0.262,97.4,98.1,58.2,94.9,36.5,79.2,Healthy,healthy
MSME01048,Banerjee-Chaudhari,Textiles,1,14.2,0,0.5,92.6,0.871,435331.0,1.43,289039.0,0,92.9,0.14,95.2,91.0,88.6,92.9,68.4,92.8,Healthy,healthy
MSME01049,Chahal Inc,Construction Materials,9,11.7,0,33.5,34.9,0.506,85350.0,1.04,17571.0,2,29.5,0.648,36.9,44.0,16.6,29.5,45.7,30.6,High-Risk,high_risk
MSME01050,Joshi-Bhattacharyya,Auto Services,8,5.3,0,3.6,96.0,0.975,308312.0,1.6,161251.0,0,95.4,0.169,95.0,98.2,85.7,95.4,40.8,85.4,Healthy,healthy
MSME01051,"Dhar, Gill and Halder",Textiles,1,8.7,0,16.5,50.7,0.343,28086.0,1.03,7218.0,6,43.7,0.438,58.6,26.8,0.0,43.7,43.0,35.3,High-Risk,high_risk
MSME01052,Sarkar-Chauhan,Construction Materials,1,11.7,0,9.9,69.9,0.624,370569.0,0.98,41711.0,2,73.7,0.357,74.8,73.7,23.4,73.7,54.4,60.1,Moderate,moderate
MSME01053,Lad-Hegde,Food & Beverage,21,13.5,1,30.3,47.6,0.434,54230.0,0.94,25986.0,5,47.3,0.57,46.8,35.8,2.5,47.3,53.4,31.0,High-Risk,high_risk
MSME01054,"Gupta, Brar and Bhalla",Agri-processing,4,14.4,1,10.1,54.0,0.309,207697.0,1.07,43968.0,6,68.6,0.349,65.1,42.4,6.0,68.6,62.7,50.5,Moderate,high_risk
MSME01055,Dasgupta-Dass,Auto Services,14,10.8,0,25.2,43.2,0.552,148487.0,0.95,2199.0,6,50.4,0.652,47.8,53.5,0.0,50.4,42.8,37.6,High-Risk,high_risk
MSME01056,Grover LLC,Agri-processing,3,7.3,0,1.9,93.9,0.985,606074.0,1.23,141276.0,0,95.1,0.284,95.0,98.9,71.7,95.1,43.4,85.4,Healthy,healthy
MSME01057,Basu and Sons,Construction Materials,2,3.6,1,17.4,43.6,0.361,101113.0,0.7,31375.0,2,25.1,0.467,53.6,35.4,14.5,25.1,26.8,31.1,High-Risk,high_risk
MSME01058,Sekhon-Naik,Construction Materials,2,6.9,0,5.5,81.3,0.726,249417.0,1.08,37288.0,2,82.4,0.236,84.8,75.8,24.0,82.4,43.6,63.5,Moderate,moderate
MSME01059,Chauhan and Sons,Auto Services,9,12.3,0,7.4,69.3,0.609,258054.0,1.21,15592.0,1,58.7,0.312,76.3,68.5,24.3,58.7,57.5,57.9,Moderate,moderate
MSME01060,Minhas PLC,Agri-processing,9,2.3,1,6.1,87.9,0.653,177693.0,0.93,36993.0,0,72.5,0.32,88.3,63.4,30.9,72.5,27.3,60.5,Moderate,moderate
MSME01061,Wali LLC,Construction Materials,5,14.6,0,27.8,53.8,0.461,77748.0,0.75,19133.0,3,28.9,0.534,52.3,40.1,6.4,28.9,57.8,34.5,High-Risk,high_risk
MSME01062,Mand-Basu,Retail Trade,4,0.9,1,34.7,34.4,0.589,115079.0,0.72,21019.0,10,35.5,0.786,35.7,52.7,0.0,35.5,9.1,29.1,High-Risk,high_risk
MSME01063,Mand and Sons,Construction Materials,4,12.4,0,9.2,54.1,0.529,64380.0,0.94,25957.0,6,43.0,0.644,65.9,43.5,0.0,43.0,47.9,44.1,High-Risk,high_risk
MSME01064,Goda-Mohan,Retail Trade,17,1.8,1,3.6,73.0,0.753,220856.0,1.01,42657.0,4,74.0,0.577,81.2,74.8,14.5,74.0,18.1,57.0,Moderate,moderate
MSME01065,Kar-Ravi,Auto Services,2,1.2,1,12.6,77.7,0.772,281418.0,0.98,106868.0,1,66.2,0.219,77.5,82.2,50.2,66.2,27.0,63.7,Moderate,moderate
MSME01066,"Ramaswamy, Bhardwaj and Nagy",Auto Services,2,4.5,0,2.9,66.3,0.729,5000.0,1.11,83928.0,1,72.7,0.338,77.6,51.5,45.1,72.7,33.4,58.5,Moderate,moderate
MSME01067,Parikh-Bajwa,Agri-processing,15,7.6,0,3.9,98.0,0.857,546464.0,1.34,179967.0,0,94.3,0.201,96.0,90.0,86.7,94.3,46.8,93.2,Healthy,healthy
MSME01068,"Nagi, Nadig and Ghose",Agri-processing,4,13.6,0,1.6,98.5,0.856,338217.0,1.25,307279.0,0,94.2,0.147,97.9,89.9,85.0,94.2,66.4,90.5,Healthy,healthy
MSME01069,Sastry-Mammen,Construction Materials,2,7.1,0,1.2,96.5,0.905,370600.0,1.2,223844.0,0,96.4,0.253,97.0,93.3,84.0,96.4,43.7,84.0,Healthy,healthy
MSME01070,"Prasad, Parikh and Saran",Auto Services,7,1.4,1,2.3,99.1,0.828,255770.0,1.19,71989.0,0,100.0,0.193,97.8,83.6,47.9,100.0,28.4,71.5,Healthy,healthy
MSME01071,"Mani, Dayal and Dey",Retail Trade,13,6.5,0,2.9,95.3,1.0,369872.0,1.14,151097.0,1,95.7,0.252,95.1,100.0,68.3,95.7,41.9,85.7,Healthy,healthy
MSME01072,Dey Ltd,IT/Services,11,0.6,1,0.0,96.3,0.92,498984.0,1.21,196273.0,0,95.0,0.268,97.8,94.4,84.2,95.0,23.7,84.3,Healthy,healthy
MSME01073,"Chowdhury, Swaminathan and Vasa",Textiles,8,14.3,0,1.2,93.7,0.926,221124.0,1.34,223355.0,0,90.1,0.163,95.3,86.9,86.9,90.1,68.0,89.6,Healthy,healthy
MSME01074,"Singh, Minhas and Thakur",Auto Services,3,3.4,0,0.0,97.1,0.857,599258.0,1.29,94499.0,0,85.1,0.167,98.2,90.0,57.4,85.1,35.2,74.1,Healthy,healthy
MSME01075,Jayaraman-Swamy,Construction Materials,3,6.5,0,18.9,55.8,0.589,93722.0,0.76,2597.0,4,39.6,0.506,59.8,50.6,0.0,39.6,34.3,34.3,High-Risk,high_risk
MSME01076,"Zachariah, Basak and Mitra",Food & Beverage,16,10.1,0,12.7,85.6,0.753,353289.0,1.1,63428.0,0,86.0,0.256,82.2,82.7,43.0,86.0,52.6,69.0,Moderate,moderate
MSME01077,Mangat-Sampath,Retail Trade,6,14.7,0,2.1,95.9,0.824,493880.0,1.54,221509.0,1,95.8,0.103,96.0,87.7,85.8,95.8,71.0,92.1,Healthy,healthy
MSME01078,Dey Group,Manufacturing,11,11.2,0,10.1,77.0,0.658,184794.0,0.99,91950.0,3,71.6,0.232,78.9,64.6,35.4,71.6,56.6,59.8,Moderate,moderate
MSME01079,"Sarma, Savant and Baral",Retail Trade,29,14.1,0,2.8,94.3,0.906,393782.0,1.04,193736.0,0,99.0,0.204,94.5,93.4,80.7,99.0,66.2,88.7,Healthy,healthy
MSME01080,Khalsa and Sons,Auto Services,13,2.1,1,23.1,62.9,0.475,57088.0,0.94,27753.0,8,18.2,0.65,61.2,38.9,0.0,18.2,16.8,24.7,High-Risk,high_risk
MSME01081,"Deol, Munshi and Narayan",Construction Materials,9,4.0,0,24.2,46.6,0.395,35185.0,0.7,24365.0,3,64.0,0.427,50.6,31.1,7.2,64.0,29.2,34.4,High-Risk,high_risk
MSME01082,Naidu-Shere,Retail Trade,2,9.3,0,5.7,90.8,0.831,518808.0,1.09,190974.0,0,99.8,0.244,90.4,88.2,81.8,99.8,50.6,81.3,Healthy,healthy
MSME01083,"Dutta, Shetty and Chowdhury",Textiles,8,1.9,1,9.7,83.5,0.617,303440.0,1.07,102039.0,2,67.0,0.43,83.1,73.2,45.3,67.0,22.8,66.0,Moderate,moderate
MSME01084,Luthra-Prashad,IT/Services,1,12.3,0,34.7,43.9,0.521,105828.0,0.69,1572.0,1,34.3,0.544,41.3,47.0,9.3,34.3,50.6,35.9,High-Risk,high_risk
MSME01085,Lad Ltd,Textiles,4,2.2,1,26.0,61.5,0.524,148377.0,1.12,1000.0,5,57.5,0.419,58.2,51.6,0.0,57.5,24.0,38.3,High-Risk,high_risk
MSME01086,Handa-Kohli,Auto Services,7,0.9,1,9.1,78.4,0.739,166564.0,0.91,88738.0,1,72.7,0.32,80.5,68.4,42.7,72.7,23.1,59.8,Moderate,moderate
MSME01087,Suresh-Jhaveri,Auto Services,2,4.6,0,10.6,75.8,0.867,248079.0,1.13,41705.0,2,72.6,0.28,77.9,85.5,26.6,72.6,35.4,65.7,Moderate,moderate
MSME01088,"Sinha, Thaman and Sane",Agri-processing,7,10.1,1,1.0,92.9,0.821,597977.0,1.27,192899.0,0,89.1,0.155,95.0,87.5,85.4,89.1,55.6,85.9,Healthy,healthy
MSME01089,Vaidya-Nadkarni,Food & Beverage,9,0.8,1,19.2,42.6,0.508,40286.0,0.74,26281.0,4,44.1,0.34,51.7,39.6,3.5,44.1,22.2,34.3,High-Risk,high_risk
MSME01090,Merchant-Basak,Auto Services,3,8.4,0,3.1,94.1,0.909,70285.0,1.36,194984.0,0,93.9,0.194,94.3,70.6,87.1,93.9,49.4,82.2,Healthy,healthy
MSME01091,Rajan LLC,Textiles,9,8.8,0,15.1,68.2,0.474,63706.0,0.8,17253.0,7,40.6,0.487,70.0,39.5,0.0,40.6,41.8,37.5,High-Risk,high_risk
MSME01092,"Narasimhan, Johal and Kohli",Auto Services,7,14.4,0,0.3,80.4,0.745,225594.0,1.03,1000.0,3,75.1,0.295,88.0,74.7,6.0,75.1,64.3,59.9,Moderate,moderate
MSME01093,"Choudhry, Gara and Baral",Textiles,8,8.3,0,3.2,75.5,0.637,296190.0,1.06,96334.0,2,77.3,0.287,83.0,74.2,43.3,77.3,46.3,64.5,Moderate,moderate
MSME01094,Balay-Loyal,Construction Materials,1,1.0,1,9.8,80.6,0.86,82783.0,0.91,1000.0,1,68.3,0.284,81.3,68.4,13.4,68.3,24.5,51.4,Moderate,moderate
MSME01095,Balasubramanian-Peri,Auto Services,2,6.4,0,1.6,100.0,0.956,515297.0,1.15,241464.0,0,91.8,0.102,98.8,96.9,83.0,91.8,46.1,90.4,Healthy,healthy
MSME01096,"Sen, Ben and Nigam",IT/Services,8,15.0,0,0.0,91.7,0.741,395458.0,1.23,256865.0,0,96.1,0.2,95.0,81.9,84.6,96.1,69.0,92.1,Healthy,healthy
MSME01097,Nagarajan-Bora,IT/Services,3,7.6,1,3.4,94.8,0.995,262228.0,1.13,145633.0,0,96.0,0.112,94.5,95.9,71.1,96.0,49.4,84.0,Healthy,healthy
MSME01098,"Kibe, Lanka and Mohanty",Auto Services,10,7.3,1,5.3,98.5,0.845,439136.0,1.12,176249.0,0,94.4,0.121,95.3,89.1,81.2,94.4,48.3,87.7,Healthy,healthy
MSME01099,"Balan, Bandi and Nair",Textiles,7,1.1,1,23.8,51.1,0.325,69767.0,0.77,18181.0,5,48.3,0.697,53.5,29.7,0.0,48.3,12.4,24.6,High-Risk,high_risk
MSME01100,Jani and Sons,Food & Beverage,5,10.0,0,0.5,92.4,0.923,649874.0,1.36,145695.0,0,91.8,0.269,95.0,94.6,75.8,91.8,51.9,86.2,Healthy,healthy
MSME01101,Raj-Borra,Textiles,7,12.7,0,1.7,96.3,0.867,378424.0,1.36,165930.0,0,93.1,0.21,96.6,90.7,82.4,93.1,61.8,87.5,Healthy,healthy
MSME01102,Khosla and Sons,IT/Services,1,2.1,1,26.4,58.5,0.638,31941.0,1.17,28743.0,8,46.1,0.459,56.0,47.9,0.0,46.1,22.5,37.1,High-Risk,high_risk
MSME01103,Sandal Inc,Construction Materials,1,13.4,0,14.1,55.6,0.34,178776.0,0.79,1000.0,7,58.6,0.346,63.2,41.7,0.0,58.6,59.8,38.7,High-Risk,high_risk
MSME01104,Ray LLC,Textiles,12,7.1,0,28.7,59.2,0.639,53701.0,0.85,15370.0,10,63.6,0.311,54.9,50.1,0.0,63.6,42.0,39.1,High-Risk,high_risk
MSME01105,"Bansal, Badal and Gokhale",Construction Materials,16,14.4,1,25.4,67.0,0.397,169563.0,0.9,1000.0,6,57.6,0.502,61.9,44.7,0.0,57.6,58.1,39.1,High-Risk,high_risk
MSME01106,Mohanty-Sarin,Auto Services,5,10.9,0,0.6,97.3,0.882,403951.0,1.16,221915.0,0,94.7,0.22,97.9,91.7,83.1,94.7,56.1,86.0,Healthy,healthy
MSME01107,Raval Inc,Textiles,2,2.8,1,1.8,98.8,0.846,401346.0,1.51,159529.0,0,96.6,0.191,98.0,89.2,83.4,96.6,32.7,87.4,Healthy,healthy
MSME01108,Mittal-Deol,Manufacturing,1,13.1,0,11.2,30.6,0.428,131544.0,0.89,28287.0,5,94.1,0.289,50.3,43.1,2.2,94.1,60.6,48.2,Moderate,high_risk
MSME01109,Prakash-Nigam,Retail Trade,4,4.3,0,10.1,80.2,0.747,256099.0,1.09,24211.0,1,71.3,0.25,80.8,77.9,24.9,71.3,35.4,60.0,Moderate,moderate
MSME01110,Mall PLC,Manufacturing,29,14.0,0,2.3,95.8,0.926,509143.0,1.36,223916.0,0,83.9,0.181,95.9,94.8,87.1,83.9,66.6,83.2,Healthy,healthy
MSME01111,Uppal and Sons,Food & Beverage,2,13.1,0,29.7,62.0,0.359,73886.0,1.04,1000.0,3,71.2,0.697,55.8,32.5,6.0,71.2,48.4,38.6,High-Risk,high_risk
MSME01112,"Vyas, Sachdev and Sharaf",Textiles,11,6.2,0,1.0,100.0,0.85,688000.0,1.25,115384.0,0,92.1,0.109,99.3,89.5,63.4,92.1,45.3,81.8,Healthy,healthy
MSME01113,Chandra-Chandran,Agri-processing,2,0.6,1,2.0,91.7,0.892,731864.0,1.41,141238.0,1,95.9,0.219,93.6,92.4,70.3,95.9,25.2,80.3,Healthy,healthy
MSME01114,Chopra-Chandra,Agri-processing,8,13.9,0,6.1,74.5,0.659,141977.0,1.13,34585.0,0,87.4,0.208,80.3,60.3,34.2,87.4,65.5,62.3,Moderate,moderate
MSME01115,Bhardwaj Group,Auto Services,5,8.0,0,8.6,74.2,0.768,214207.0,1.25,65177.0,2,68.8,0.107,78.3,75.2,36.7,68.8,50.8,64.8,Moderate,moderate
MSME01116,Golla-Garde,Auto Services,2,11.3,1,3.2,85.6,0.761,254021.0,1.1,3031.0,0,60.4,0.233,89.0,78.7,23.0,60.4,56.9,63.6,Moderate,moderate
MSME01117,Parmar-Koshy,Textiles,2,12.1,1,2.4,100.0,0.918,679140.0,1.35,164403.0,0,100.0,0.167,98.3,94.3,81.8,100.0,61.3,85.1,Healthy,healthy
MSME01118,Cheema PLC,Auto Services,15,9.4,0,17.8,64.9,0.512,65266.0,0.89,31348.0,1,54.8,0.769,66.1,42.3,23.3,54.8,35.1,47.9,Moderate,high_risk
MSME01119,Pillai PLC,Textiles,9,5.3,0,2.7,97.9,0.972,365833.0,1.08,130121.0,0,92.6,0.265,96.8,98.0,65.0,92.6,37.9,85.1,Healthy,healthy
MSME01120,"Agarwal, Verma and Chandra",Auto Services,4,12.5,0,1.3,99.1,0.835,449200.0,1.38,239701.0,0,92.1,0.218,98.5,88.4,87.5,92.1,61.0,88.4,Healthy,healthy
MSME01121,Sethi Ltd,IT/Services,17,9.6,1,18.5,64.6,0.732,55297.0,0.73,26967.0,2,25.6,0.31,65.4,56.8,13.7,25.6,49.5,41.0,High-Risk,high_risk
MSME01122,"Keer, Hayre and Nanda",Manufacturing,12,14.7,1,30.4,70.9,0.721,141736.0,0.79,18021.0,8,27.3,0.357,60.7,64.6,0.0,27.3,63.4,47.9,Moderate,high_risk
MSME01123,"Bail, Hayer and Bhatnagar",Retail Trade,4,1.4,1,24.1,49.3,0.45,107714.0,0.75,20121.0,6,55.4,0.456,52.2,42.3,0.0,55.4,20.5,33.9,High-Risk,high_risk
MSME01124,"Rattan, Deo and Mani",Retail Trade,3,8.4,1,21.8,60.3,0.543,67406.0,0.84,29200.0,4,30.0,0.64,60.5,44.7,6.4,30.0,36.0,36.0,High-Risk,high_risk
MSME01125,Edwin-Om,IT/Services,5,12.9,1,8.9,77.8,0.668,138303.0,0.93,62444.0,1,75.3,0.321,80.3,60.6,34.4,75.3,59.1,63.8,Moderate,moderate
MSME01126,"Basak, Dixit and Chana",Textiles,6,2.6,1,11.5,94.5,0.663,242701.0,1.24,114585.0,1,86.9,0.551,88.4,70.7,57.9,86.9,21.3,71.5,Healthy,moderate
MSME01127,"Ganesh, Sabharwal and Chacko",Manufacturing,4,9.4,0,1.6,96.5,0.801,525488.0,1.05,212055.0,0,95.5,0.167,96.8,86.1,81.1,95.5,53.2,84.5,Healthy,healthy
MSME01128,Warrior Ltd,Construction Materials,12,4.5,0,9.8,78.4,0.82,247975.0,0.98,101435.0,1,84.8,0.213,80.0,82.2,48.5,84.8,37.1,73.7,Healthy,moderate
MSME01129,Yadav PLC,Auto Services,8,14.6,0,6.1,95.4,0.919,643217.0,1.24,137005.0,0,97.9,0.238,92.8,94.4,70.5,97.9,66.7,83.8,Healthy,healthy
MSME01130,Viswanathan PLC,Construction Materials,11,10.3,1,2.8,97.7,1.0,359106.0,1.23,199600.0,0,92.8,0.157,96.6,100.0,84.6,92.8,56.2,88.9,Healthy,healthy
MSME01131,Bala-Bala,Food & Beverage,12,3.6,0,6.3,86.8,0.689,148278.0,1.11,34012.0,1,68.7,0.38,87.5,63.1,28.5,68.7,29.4,54.1,Moderate,moderate
MSME01132,"Yohannan, Pingle and Bhargava",Food & Beverage,8,4.5,0,8.3,78.6,0.821,304313.0,1.2,91611.0,0,80.1,0.33,81.2,87.5,54.5,80.1,33.6,75.8,Healthy,moderate
MSME01133,"Shah, Narayan and Majumdar",Textiles,17,14.9,0,5.8,92.8,1.0,426547.0,1.22,203390.0,1,97.5,0.147,91.5,100.0,79.5,97.5,70.3,86.4,Healthy,healthy
MSME01134,Apte Ltd,Construction Materials,5,11.3,0,3.2,98.3,0.902,427143.0,1.02,44437.0,0,98.0,0.186,96.7,93.2,35.2,98.0,58.3,78.1,Healthy,healthy
MSME01135,"Roy, Jain and Thakur",Auto Services,20,7.5,0,12.7,74.0,0.848,296299.0,0.92,11353.0,0,65.7,0.378,75.2,89.0,22.2,65.7,41.2,58.3,Moderate,moderate
MSME01136,Comar-Tripathi,Auto Services,14,10.2,0,0.0,94.6,0.9,511672.0,1.25,190504.0,0,91.7,0.18,96.7,93.0,85.0,91.7,55.2,90.1,Healthy,healthy
MSME01137,"Nair, Menon and Dixit",Textiles,17,5.2,0,20.2,47.1,0.464,5000.0,0.9,1000.0,7,35.2,0.744,53.7,33.0,0.0,35.2,23.3,25.6,High-Risk,high_risk
MSME01138,"Panchal, Mistry and Pathak",Textiles,8,1.4,1,10.1,79.9,0.626,69174.0,0.98,81871.0,1,92.0,0.172,80.7,50.7,41.9,92.0,29.0,57.8,Moderate,moderate
MSME01139,"Chowdhury, Mody and Dhillon",IT/Services,5,3.9,0,11.1,75.7,0.639,165319.0,0.97,91481.0,0,64.6,0.422,77.4,61.2,49.9,64.6,29.1,60.6,Moderate,moderate
MSME01140,Naidu LLC,IT/Services,9,5.5,0,10.3,73.7,0.794,38614.0,1.21,3437.0,1,73.8,0.354,76.8,59.4,20.4,73.8,35.9,54.8,Moderate,moderate
MSME01141,"Dixit, Apte and Kibe",Agri-processing,11,5.5,0,18.5,61.5,0.551,106390.0,1.14,19800.0,3,33.1,0.45,63.6,49.2,14.4,33.1,33.0,38.8,High-Risk,high_risk
MSME01142,Babu-Lata,Retail Trade,12,6.0,0,0.0,94.5,0.852,341985.0,1.38,186415.0,1,93.5,0.169,96.7,89.7,82.7,93.5,42.9,84.4,Healthy,healthy
MSME01143,Chhabra and Sons,Textiles,5,13.5,0,7.2,73.3,0.784,67682.0,1.26,76912.0,1,89.8,0.397,78.8,61.6,45.9,89.8,58.6,61.9,Moderate,moderate
MSME01144,"Ravi, Varma and Ramesh",Construction Materials,7,10.2,1,13.3,87.5,0.518,144923.0,1.01,83810.0,1,76.0,0.327,82.9,50.7,43.2,76.0,50.8,61.8,Moderate,moderate
MSME01145,Gopal LLC,Agri-processing,9,9.8,0,1.7,97.1,0.852,457759.0,1.21,246017.0,0,98.6,0.239,97.0,89.6,84.2,98.6,52.2,82.3,Healthy,healthy
MSME01146,"Garde, Parsa and Rau",Food & Beverage,6,7.0,0,20.2,58.7,0.121,83594.0,0.97,29934.0,2,42.0,0.464,60.7,16.8,19.4,42.0,37.1,36.5,High-Risk,high_risk
MSME01147,"Sachdeva, Nigam and Srivastava",Agri-processing,1,11.3,1,27.1,42.3,0.435,111847.0,0.94,5585.0,3,44.1,0.729,45.9,41.6,5.6,44.1,42.0,34.8,High-Risk,high_risk
MSME01148,"Sani, Suri and Madan",Construction Materials,14,7.8,1,12.9,74.1,0.622,203277.0,1.04,42740.0,2,75.2,0.227,75.2,63.9,25.1,75.2,46.6,59.4,Moderate,moderate
MSME01149,Sangha-Karnik,Construction Materials,19,8.3,0,23.0,42.9,0.389,87703.0,0.64,28578.0,3,27.1,0.532,49.2,36.0,7.3,27.1,38.9,29.8,High-Risk,high_risk
MSME01150,Dasgupta-Mukhopadhyay,Agri-processing,4,9.6,0,19.4,57.1,0.437,105606.0,1.06,1000.0,2,23.8,0.697,60.3,41.1,11.5,23.8,37.9,37.6,High-Risk,high_risk
MSME01151,Kibe PLC,Auto Services,14,1.8,1,5.1,72.6,0.674,132533.0,1.06,60770.0,3,84.2,0.339,79.9,60.5,26.5,84.2,25.2,61.3,Moderate,moderate
MSME01152,"Sunder, Bedi and Seth",Food & Beverage,16,9.9,1,30.7,61.4,0.499,183749.0,0.93,33864.0,4,28.4,0.668,54.8,53.3,9.9,28.4,39.7,35.4,High-Risk,high_risk
MSME01153,"Varty, Chandran and Pathak",Agri-processing,11,2.2,1,11.3,78.4,0.721,228709.0,1.01,59438.0,3,80.5,0.355,78.8,73.3,24.9,80.5,26.0,55.9,Moderate,moderate
MSME01154,"Dhar, Nair and More",Manufacturing,3,10.4,0,15.6,74.8,0.705,182985.0,0.97,14755.0,0,91.9,0.316,73.6,67.6,24.3,91.9,51.7,66.7,Moderate,moderate
MSME01155,Deo-Balay,IT/Services,6,6.6,0,2.0,82.6,0.64,295048.0,0.98,93775.0,3,68.7,0.261,88.1,74.3,35.9,68.7,42.0,62.7,Moderate,moderate
MSME01156,Chawla Ltd,Food & Beverage,11,6.1,0,11.4,64.9,0.453,5000.0,0.75,6919.0,2,49.4,0.608,70.7,32.2,7.2,49.4,30.1,34.4,High-Risk,high_risk
MSME01157,Kumar-Johal,Manufacturing,9,1.7,1,0.0,97.8,0.888,511023.0,1.42,159978.0,0,95.1,0.102,98.7,92.2,81.7,95.1,32.0,84.9,Healthy,healthy
MSME01158,"Bose, Lad and Manne",Auto Services,14,2.0,1,16.8,59.8,0.463,54125.0,0.82,20019.0,1,43.5,0.455,63.8,37.9,18.1,43.5,22.4,39.9,High-Risk,high_risk
MSME01159,Buch Inc,Retail Trade,9,9.5,0,27.1,52.1,0.597,74800.0,0.73,22152.0,5,57.6,0.468,51.7,49.3,0.0,57.6,44.5,39.6,High-Risk,high_risk
MSME01160,Dasgupta-Brahmbhatt,Construction Materials,1,6.0,0,3.9,99.8,0.856,316506.0,1.21,114682.0,0,97.1,0.214,97.0,89.9,62.4,97.1,41.6,78.6,Healthy,healthy
MSME01161,Bajaj-Baral,Construction Materials,7,0.6,1,29.2,37.3,0.458,148385.0,0.89,21510.0,2,36.8,0.5,41.4,46.9,15.0,36.8,16.8,37.3,High-Risk,high_risk
MSME01162,Walla LLC,Food & Beverage,6,3.6,1,7.6,99.2,0.969,230957.0,1.14,184481.0,1,90.0,0.26,94.0,90.9,77.9,90.0,33.0,86.7,Healthy,healthy
MSME01163,Manne Ltd,Construction Materials,4,9.8,0,0.0,99.2,0.846,434979.0,1.38,95926.0,0,96.5,0.191,99.5,89.2,59.5,96.5,53.7,80.6,Healthy,healthy
MSME01164,Solanki LLC,Retail Trade,7,3.8,1,16.0,74.6,0.567,23611.0,0.91,94499.0,1,88.2,0.232,73.2,42.0,44.7,88.2,34.4,58.1,Moderate,moderate
MSME01165,"Kapur, Shan and Tandon",Agri-processing,9,11.1,0,2.3,95.1,0.983,612809.0,1.34,143418.0,0,100.0,0.271,95.4,98.8,74.7,100.0,55.2,84.8,Healthy,healthy
MSME01166,Mannan and Sons,IT/Services,3,0.7,1,16.4,49.4,0.607,11362.0,0.76,13266.0,5,43.9,0.605,57.9,43.6,0.0,43.9,13.9,33.7,High-Risk,high_risk
MSME01167,Oza-Behl,Textiles,1,10.0,0,21.0,48.9,0.308,55076.0,0.84,15907.0,4,46.5,0.739,54.2,27.0,2.1,46.5,37.8,31.2,High-Risk,high_risk
MSME01168,Kannan Inc,IT/Services,10,10.9,0,9.7,81.6,0.824,274225.0,1.16,43561.0,2,65.7,0.406,82.0,85.1,27.8,65.7,50.5,62.8,Moderate,moderate
MSME01169,Parmer-Badami,Textiles,19,8.0,0,2.0,97.2,0.933,605989.0,0.86,57480.0,0,95.1,0.16,96.9,95.3,36.4,95.1,49.2,70.0,Healthy,healthy
MSME01170,Natt-Setty,Textiles,8,9.7,0,1.7,97.0,0.957,588687.0,1.28,170332.0,0,90.6,0.202,97.0,97.0,82.5,90.6,53.0,89.6,Healthy,healthy
MSME01171,Mander Ltd,Retail Trade,1,3.8,1,12.0,74.1,0.765,199291.0,0.99,54866.0,1,72.8,0.43,75.8,73.5,33.1,72.8,28.5,56.7,Moderate,moderate
MSME01172,Bhatnagar LLC,Manufacturing,9,7.7,0,17.2,62.2,0.691,68447.0,1.06,14207.0,7,43.9,0.625,64.9,55.2,0.0,43.9,34.4,39.7,High-Risk,high_risk
MSME01173,Tripathi and Sons,Auto Services,12,13.3,0,5.8,75.1,0.716,113145.0,1.04,36876.0,2,87.9,0.352,80.9,61.4,23.1,87.9,59.3,62.1,Moderate,moderate
MSME01174,Sarin LLC,Auto Services,7,8.7,0,3.2,93.7,0.962,797715.0,1.13,109086.0,1,94.7,0.224,94.0,97.3,54.0,94.7,49.4,80.2,Healthy,healthy
MSME01175,Parmer-Kurian,Construction Materials,2,9.2,1,16.4,80.7,0.802,75115.0,1.14,38370.0,5,73.5,0.166,76.6,63.7,10.5,73.5,52.6,51.2,Moderate,moderate
MSME01176,"Gara, Lanka and Wali",Agri-processing,10,14.0,0,11.8,89.9,0.789,86760.0,0.92,61761.0,1,79.0,0.281,85.4,63.9,34.0,79.0,63.6,67.6,Moderate,moderate
MSME01177,Prabhakar-Kothari,Textiles,17,12.2,1,20.1,66.0,0.485,35356.0,0.91,1000.0,6,46.7,0.458,65.2,37.5,0.0,46.7,52.8,38.2,High-Risk,high_risk
MSME01178,Bhavsar-Mallick,Auto Services,8,4.7,1,0.0,97.2,0.884,459165.0,1.13,208849.0,0,94.3,0.174,98.3,91.9,82.6,94.3,38.9,83.8,Healthy,healthy
MSME01179,"Murthy, Kohli and Randhawa",Textiles,7,9.9,0,15.6,55.0,0.404,167952.0,0.83,26110.0,7,2.5,0.349,61.8,45.1,0.0,2.5,49.2,34.1,High-Risk,high_risk
MSME01180,"Tripathi, Mane and Varghese",Textiles,17,9.9,1,11.7,76.4,0.732,294861.0,1.14,83445.0,3,73.9,0.261,77.4,80.7,35.7,73.9,51.9,66.5,Moderate,moderate
MSME01181,Ben Inc,Food & Beverage,10,3.9,0,30.4,60.9,0.452,136623.0,0.99,1000.0,3,24.1,0.376,54.7,45.3,5.2,24.1,30.4,34.8,High-Risk,high_risk
MSME01182,Nagarajan LLC,Agri-processing,15,1.3,1,4.4,92.8,0.866,556032.0,1.35,216092.0,0,90.9,0.252,92.5,90.6,87.0,90.9,26.3,82.8,Healthy,healthy
MSME01183,Ramaswamy-Wason,Food & Beverage,9,7.2,0,11.7,76.2,0.959,329801.0,1.0,92777.0,6,83.0,0.394,77.3,97.1,20.9,83.0,39.8,62.9,Moderate,moderate
MSME01184,"Swaminathan, Saini and Dube",Retail Trade,6,14.8,1,24.3,70.0,0.468,152150.0,0.98,26825.0,3,17.8,0.662,64.5,48.0,13.6,17.8,54.6,39.3,High-Risk,high_risk
MSME01185,Sahni Inc,Retail Trade,4,13.8,0,0.0,93.1,0.991,256677.0,1.38,335999.0,0,100.0,0.205,95.8,95.0,87.7,100.0,65.2,92.3,Healthy,healthy
MSME01186,"Sane, Nagy and Kala",Manufacturing,7,3.9,0,19.8,47.9,0.526,125909.0,0.91,16554.0,8,41.2,0.487,54.5,49.4,0.0,41.2,27.1,35.3,High-Risk,high_risk
MSME01187,Nagi and Sons,Retail Trade,25,4.8,1,3.3,69.6,0.763,269900.0,1.09,111256.0,1,81.3,0.18,79.4,80.4,53.8,81.3,39.0,69.1,Moderate,moderate
MSME01188,Bandi Group,Textiles,8,14.1,0,0.8,91.6,0.917,781686.0,1.19,274154.0,0,94.0,0.136,94.3,94.2,83.8,94.0,68.2,90.2,Healthy,healthy
MSME01189,Butala LLC,Agri-processing,1,4.9,1,2.4,100.0,0.894,166433.0,1.16,147113.0,1,94.4,0.173,98.3,79.2,67.2,94.4,39.5,72.7,Healthy,healthy
MSME01190,Vasa and Sons,Auto Services,2,10.9,0,5.7,79.7,0.788,213044.0,1.03,27134.0,4,73.3,0.273,83.8,76.5,9.6,73.3,54.5,62.4,Moderate,moderate
MSME01191,Lata-Raghavan,Manufacturing,13,6.5,1,3.2,96.5,0.906,525840.0,1.3,201481.0,1,94.8,0.192,95.6,93.4,81.1,94.8,43.7,90.3,Healthy,healthy
MSME01192,Ganesan Ltd,Auto Services,9,11.5,1,1.7,76.6,0.905,122250.0,1.2,71640.0,1,76.1,0.436,84.7,75.6,43.0,76.1,51.4,66.2,Moderate,moderate
MSME01193,Deo-Sawhney,Textiles,6,10.8,1,3.7,96.5,0.878,649414.0,1.45,139027.0,0,100.0,0.186,95.2,91.5,75.4,100.0,56.8,83.2,Healthy,healthy
MSME01194,Palla Ltd,Textiles,9,14.7,0,2.3,83.9,0.661,138325.0,1.05,50674.0,0,68.3,0.434,88.7,60.1,37.8,68.3,61.1,63.6,Moderate,moderate
MSME01195,Dixit-Shankar,Auto Services,1,1.4,1,7.7,97.7,0.831,436182.0,1.4,255149.0,1,93.5,0.177,93.1,88.2,82.9,93.5,28.9,85.1,Healthy,healthy
MSME01196,Chhabra Inc,Auto Services,17,8.5,0,16.2,41.9,0.512,47753.0,0.76,9022.0,4,30.4,0.34,53.4,40.6,0.0,30.4,45.3,31.7,High-Risk,high_risk
MSME01197,Chauhan-Aggarwal,Textiles,10,8.5,0,24.8,47.2,0.371,171421.0,1.17,14486.0,8,48.5,0.774,50.5,43.1,0.0,48.5,32.3,31.0,High-Risk,high_risk
MSME01198,"Mukhopadhyay, Banerjee and Lala",Food & Beverage,30,3.9,1,28.2,41.2,0.442,135767.0,0.8,27945.0,4,59.7,0.428,44.4,44.5,5.3,59.7,28.9,33.6,High-Risk,high_risk
MSME01199,"Chandra, Balakrishnan and Bath",Food & Beverage,1,12.5,0,11.4,80.7,0.76,315624.0,1.16,90682.0,2,67.0,0.268,80.2,83.2,43.4,67.0,59.5,67.2,Moderate,moderate
MSME01200,"Lal, Pandey and Rajagopal",Textiles,1,6.9,0,0.0,98.9,0.808,314510.0,0.99,237790.0,0,89.6,0.192,99.3,86.5,79.9,89.6,44.9,81.3,Healthy,healthy
